Div,Date,HomeTeam,AwayTeam,FTHG,FTAG,FTR,HTHG,HTAG,HTR,B365H,B365D,B365A,BWH,BWD,BWA,GBH,GBD,GBA,IWH,IWD,IWA,LBH,LBD,LBA,PSH,PSD,PSA,WHH,WHD,WHA,SJH,SJD,SJA,VCH,VCD,VCA,BSH,BSD,BSA,Bb1X2,BbMxH,BbAvH,BbMxD,BbAvD,BbMxA,BbAvA,BbOU,BbMx>2.5,BbAv>2.5,BbMx<2.5,BbAv<2.5,BbAH,BbAHh,BbMxAHH,BbAvAHH,BbMxAHA,BbAvAHA,PSCH,PSCD,PSCA
N1,02/03/13,Twente,Ajax,0.0,2.0,A,0.0,2.0,A,2.9,3.5,2.3,2.95,3.5,2.1,2.95,3.5,2.1,2.9,3.2,2.2,2.75,3.2,2.25,3.04,3.54,2.39,2.8,3.3,2.3,3.0,3.4,2.3,3.0,3.5,2.38,2.88,3.4,2.3,,3.15,2.92,3.6,3.34,2.4,2.32,36.0,1.84,1.75,2.12,2.02,21.0,0.0,2.21,2.15,1.77,1.72,3.06,3.64,2.36
N1,16/09/12,Utrecht,PSV Eindhoven,1.0,0.0,H,0.0,0.0,D,6.5,4.5,1.44,5.75,4.33,1.44,5.75,4.33,1.44,5.5,3.9,1.47,5.5,4.33,1.4,7.25,4.9,1.45,6.0,4.4,1.44,6.25,4.5,1.44,7.0,4.8,1.45,6.0,4.5,1.44,,7.25,6.28,5.0,4.45,1.5,1.44,20.0,1.5,1.41,2.88,2.71,18.0,1.25,1.95,1.9,2.04,1.97,6.81,5.08,1.47
N1,01/09/12,Zwolle,Nijmegen,0.0,4.0,A,0.0,2.0,A,2.6,3.3,2.63,2.55,3.25,2.5,2.55,3.25,2.5,2.6,3.2,2.4,2.6,3.2,2.4,2.72,3.45,2.69,2.8,3.4,2.25,2.63,3.25,2.6,2.75,3.4,2.62,2.7,3.25,2.5,,2.8,2.65,3.48,3.28,2.69,2.55,31.0,1.89,1.8,2.1,2.0,20.0,0.0,1.99,1.94,1.96,1.91,2.5,3.36,3.04
N1,14/04/13,Waalwijk,Feyenoord,1.0,1.0,D,0.0,1.0,A,4.0,3.75,1.83,4.0,3.6,1.75,4.0,3.6,1.75,4.2,3.3,1.75,3.75,3.6,1.8,4.0,3.75,1.94,4.0,3.75,1.73,4.0,3.5,1.83,4.33,3.75,1.73,4.2,3.5,1.8,,4.5,4.07,3.75,3.52,1.94,1.84,34.0,1.9,1.79,2.1,1.99,21.0,0.75,1.79,1.74,2.21,2.15,4.73,3.72,1.83
N1,03/03/13,Waalwijk,AZ Alkmaar,2.0,1.0,H,1.0,0.0,H,2.8,3.4,2.4,2.75,3.3,2.3,2.75,3.3,2.3,2.9,3.2,2.2,2.62,3.25,2.3,2.97,3.46,2.47,2.8,3.4,2.25,2.88,3.3,2.4,2.9,3.4,2.5,2.88,3.4,2.3,,3.0,2.83,3.5,3.29,2.55,2.41,39.0,1.96,1.88,1.99,1.9,21.0,0.0,2.14,2.07,1.84,1.79,2.89,3.56,2.5
N1,22/09/12,Nijmegen,Willem II,0.0,0.0,D,0.0,0.0,D,1.4,4.75,7.0,1.42,4.0,6.75,1.42,4.0,6.75,1.4,4.0,6.5,1.36,4.0,7.0,1.41,5.09,8.07,1.33,4.5,8.0,1.4,4.33,7.5,1.4,5.0,8.0,1.4,4.33,7.0,,1.42,1.39,5.3,4.5,8.2,7.3,21.0,1.57,1.49,2.63,2.48,18.0,-1.5,2.23,2.14,1.79,1.74,1.36,5.47,9.35
N1,08/12/12,Waalwijk,Nijmegen,2.0,0.0,H,1.0,0.0,H,2.15,3.4,3.3,2.15,3.3,3.0,2.15,3.3,3.0,2.1,3.1,3.2,2.1,3.2,3.0,2.21,3.48,3.44,2.1,3.3,3.2,2.2,3.4,3.2,2.2,3.4,3.4,2.1,3.4,3.2,,2.21,2.15,3.5,3.35,3.5,3.24,30.0,1.89,1.8,2.12,2.01,18.0,-0.25,1.93,1.9,2.01,1.98,2.14,3.67,3.5
N1,12/05/13,Nijmegen,Waalwijk,1.0,2.0,A,0.0,1.0,A,1.8,3.5,4.0,1.85,3.5,3.65,1.85,3.5,3.65,1.85,3.4,3.6,1.8,3.5,3.5,,,,1.91,3.6,3.75,1.83,3.5,4.0,1.9,3.6,4.3,1.91,3.5,3.6,,1.91,1.84,3.7,3.54,4.3,3.96,11.0,1.68,1.64,2.44,2.16,1.0,-1.0,2.45,2.45,1.52,1.52,2.04,3.75,3.68
N1,23/09/12,PSV Eindhoven,Feyenoord,3.0,0.0,H,0.0,0.0,D,1.44,4.5,6.5,1.57,4.0,6.5,1.57,4.0,6.5,1.45,4.0,5.5,1.4,4.33,6.0,1.51,4.7,6.45,1.4,4.5,6.5,1.5,4.33,6.25,1.45,4.75,7.0,1.44,4.33,6.0,,1.53,1.47,4.7,4.32,7.5,6.17,20.0,1.5,1.46,2.65,2.58,19.0,-1.0,1.84,1.79,2.2,2.07,1.53,4.72,6.17
N1,07/04/13,Nijmegen,AZ Alkmaar,1.0,1.0,D,1.0,1.0,D,2.8,3.4,2.4,2.55,3.3,2.45,2.55,3.3,2.45,2.7,3.1,2.4,2.8,3.3,2.3,2.87,3.57,2.49,2.6,3.4,2.4,2.8,3.4,2.4,2.62,3.5,2.4,2.7,3.3,2.4,39.0,2.98,2.79,3.57,3.36,2.51,2.41,33.0,1.75,1.69,2.26,2.12,21.0,0.0,2.09,2.03,1.87,1.82,3.0,3.63,2.41
N1,05/10/12,Nijmegen,Den Haag,1.0,1.0,D,0.0,0.0,D,1.91,3.75,3.6,2.0,3.6,3.8,2.0,3.6,3.8,1.85,3.3,3.6,1.83,3.5,3.4,1.97,3.9,3.75,1.91,3.6,3.5,1.91,3.4,3.8,1.95,3.9,3.75,1.83,3.5,4.0,38.0,1.91,1.86,4.01,3.65,4.27,3.83,22.0,1.58,1.5,2.62,2.48,19.0,-0.75,2.15,2.09,1.83,1.79,1.79,3.91,4.73
N1,07/10/12,Ajax,Utrecht,1.0,1.0,D,1.0,0.0,H,1.22,5.5,15.0,1.2,5.5,12.0,1.2,5.5,12.0,1.2,5.5,11.0,1.2,5.0,11.0,1.24,6.8,13.42,1.2,6.0,11.0,1.22,5.75,13.0,1.25,6.0,15.0,1.2,5.5,13.0,37.0,1.24,1.22,6.8,5.68,15.0,12.39,19.0,1.43,1.38,3.0,2.88,17.0,-2.0,2.2,2.1,1.82,1.77,1.25,6.5,13.63
N1,10/02/13,Utrecht,Nijmegen,0.0,3.0,A,0.0,1.0,A,1.8,3.5,4.5,1.83,3.4,3.9,1.83,3.4,3.9,1.8,3.2,4.0,1.72,3.4,4.0,1.87,3.73,4.39,1.83,3.5,3.75,1.83,3.5,4.0,1.85,3.7,4.4,1.83,3.5,4.0,34.0,1.87,1.82,3.73,3.48,4.7,4.1,30.0,1.87,1.78,2.1,1.99,17.0,-0.75,2.15,2.1,1.81,1.77,2.04,3.58,3.89
N1,02/12/12,Groningen,Heracles,2.0,0.0,H,0.0,0.0,D,2.3,3.4,3.0,2.2,3.3,2.9,2.2,3.3,2.9,2.1,3.2,3.1,2.2,3.2,2.88,2.37,3.49,3.11,2.1,3.4,3.1,2.3,3.3,3.0,2.38,3.4,3.1,2.15,3.4,3.1,40.0,2.4,2.26,3.7,3.35,3.2,2.97,25.0,1.6,1.52,2.56,2.4,20.0,-0.25,2.09,2.05,1.89,1.83,2.38,3.79,2.93
N1,04/11/12,Heerenveen,Zwolle,2.0,1.0,H,1.0,0.0,H,1.5,4.2,6.5,1.4,4.1,7.0,1.4,4.1,7.0,1.35,4.2,7.5,1.4,4.0,6.0,1.47,4.82,7.01,1.5,4.2,5.5,1.5,4.33,6.25,1.45,4.75,7.0,1.4,4.33,7.0,37.0,1.5,1.45,4.82,4.32,7.7,6.54,21.0,1.29,1.26,4.0,3.67,18.0,-1.25,2.11,2.07,1.85,1.82,1.49,4.94,6.68
N1,09/03/13,AZ Alkmaar,Den Haag,1.0,1.0,D,1.0,1.0,D,1.57,4.0,5.75,1.57,3.8,5.0,1.57,3.8,5.0,1.65,3.5,4.5,1.53,4.0,5.5,1.58,4.32,6.1,1.53,3.8,5.5,1.57,3.8,5.75,1.57,4.3,6.0,1.57,4.0,5.0,38.0,1.65,1.56,4.4,3.93,6.2,5.65,26.0,1.65,1.54,2.5,2.35,20.0,-1.0,1.98,1.93,1.98,1.95,1.49,4.8,6.83
N1,12/04/13,VVV Venlo,Zwolle,0.0,2.0,A,0.0,1.0,A,2.3,3.4,3.0,2.2,3.3,2.9,2.2,3.3,2.9,2.2,3.1,3.0,2.29,3.4,2.8,2.3,3.56,3.23,2.38,3.4,2.62,2.2,3.25,3.13,2.25,3.5,3.12,2.38,3.4,2.75,40.0,2.4,2.27,3.6,3.37,3.23,3.0,37.0,1.89,1.79,2.1,2.0,21.0,-0.25,2.02,1.97,1.94,1.91,2.25,3.58,3.29
N1,27/04/13,Den Haag,VVV Venlo,1.0,1.0,D,0.0,1.0,A,2.15,3.5,3.2,2.0,3.4,3.25,2.0,3.4,3.25,1.9,3.5,3.3,1.95,3.5,3.1,2.21,3.66,3.28,1.91,3.5,3.5,2.1,3.4,3.13,2.2,3.6,3.2,2.0,3.4,3.5,41.0,2.21,2.12,3.66,3.45,3.5,3.21,27.0,1.7,1.64,2.32,2.17,21.0,-0.5,2.23,2.17,1.76,1.72,2.12,3.64,3.56
N1,29/09/12,Utrecht,Vitesse,1.0,2.0,A,0.0,0.0,D,2.3,3.4,3.0,2.2,3.4,2.85,2.2,3.4,2.85,2.2,3.2,2.9,2.2,3.2,2.8,2.39,3.48,3.09,2.2,3.3,3.0,2.3,3.3,3.0,2.38,3.4,3.1,2.2,3.4,3.0,38.0,2.4,2.3,3.48,3.31,3.2,2.96,31.0,1.82,1.73,2.16,2.08,19.0,-0.25,2.09,2.04,1.87,1.83,2.44,3.45,3.0
N1,23/09/12,Den Haag,Ajax,1.0,1.0,D,1.0,0.0,H,7.5,5.0,1.36,6.75,4.2,1.4,6.75,4.2,1.4,7.5,4.2,1.35,7.0,4.33,1.33,7.5,5.15,1.42,7.0,4.5,1.36,7.0,4.5,1.4,8.0,5.0,1.4,6.5,4.5,1.4,37.0,7.84,7.07,5.2,4.61,1.45,1.39,21.0,1.44,1.39,3.0,2.84,18.0,1.5,1.8,1.76,2.18,2.12,7.85,5.3,1.41
N1,14/04/13,Heerenveen,Willem II,3.0,2.0,H,0.0,1.0,A,1.29,5.5,9.5,1.25,5.5,8.5,1.25,5.5,8.5,1.22,5.0,10.0,1.25,5.5,9.0,1.33,5.66,10.05,1.2,6.0,11.0,1.29,5.5,8.0,1.3,6.0,10.0,1.25,5.5,10.0,40.0,1.33,1.28,6.0,5.49,11.16,9.01,23.0,1.46,1.43,2.75,2.65,23.0,-1.5,1.94,1.87,2.04,2.0,1.31,5.68,11.25
N1,13/04/13,NAC Breda,Nijmegen,2.0,0.0,H,0.0,0.0,D,2.3,3.4,3.0,2.15,3.3,3.0,2.15,3.3,3.0,2.1,3.1,3.2,2.25,3.4,2.9,2.43,3.49,3.01,2.25,3.6,2.7,2.3,3.25,3.0,2.3,3.6,3.0,2.2,3.4,3.0,40.0,2.43,2.3,3.6,3.32,3.2,2.97,37.0,1.89,1.81,2.06,1.98,22.0,0.0,1.78,1.71,2.21,2.17,2.46,3.56,2.95
N1,28/10/12,Waalwijk,Twente,0.0,1.0,A,0.0,1.0,A,5.0,3.8,1.67,5.0,3.6,1.6,5.0,3.6,1.6,4.5,3.5,1.65,4.33,3.5,1.67,4.86,3.92,1.76,4.5,3.75,1.67,4.8,3.75,1.67,5.0,3.8,1.75,4.5,3.75,1.67,37.0,5.4,4.69,3.95,3.73,1.77,1.69,33.0,1.83,1.73,2.16,2.09,18.0,0.75,2.0,1.92,1.99,1.95,5.55,4.03,1.68
N1,26/01/13,Heracles,PSV Eindhoven,1.0,5.0,A,0.0,2.0,A,5.0,4.0,1.62,5.0,3.9,1.55,5.0,3.9,1.55,5.5,3.8,1.5,5.5,3.75,1.57,5.36,4.2,1.65,5.0,3.6,1.61,5.5,3.8,1.57,5.25,4.2,1.65,5.0,3.8,1.62,40.0,5.9,5.15,4.35,3.97,1.65,1.6,24.0,1.45,1.39,3.0,2.83,22.0,1.0,1.92,1.87,2.04,1.99,6.27,4.91,1.51
N1,11/08/12,Roda,Zwolle,1.0,1.0,D,0.0,1.0,A,1.57,4.0,5.5,1.6,3.9,5.0,1.6,3.9,5.0,1.55,3.7,4.8,1.53,3.75,5.0,1.54,4.4,6.55,1.6,3.8,5.0,1.57,4.0,5.8,1.55,4.3,6.25,1.57,4.0,5.25,38.0,1.6,1.55,4.4,3.9,6.55,5.75,27.0,1.79,1.67,2.25,2.16,17.0,-0.75,1.74,1.67,2.31,2.24,1.6,4.38,5.85
N1,03/02/13,VVV Venlo,Ajax,0.0,3.0,A,0.0,1.0,A,8.5,5.5,1.3,9.25,4.5,1.3,9.25,4.5,1.3,8.5,4.4,1.3,8.0,4.5,1.28,9.44,5.7,1.34,9.0,4.33,1.33,8.5,5.0,1.33,9.5,5.5,1.33,8.0,5.0,1.33,40.0,9.7,8.5,5.8,5.03,1.34,1.31,22.0,1.48,1.4,3.05,2.8,20.0,1.5,1.98,1.93,1.98,1.94,7.69,5.86,1.38
N1,16/02/13,Roda,AZ Alkmaar,2.0,2.0,D,1.0,1.0,D,3.3,3.5,2.1,3.1,3.5,2.05,3.1,3.5,2.05,3.3,3.2,2.0,3.2,3.3,2.1,3.41,3.71,2.14,3.0,3.5,2.1,3.2,3.5,2.1,3.4,3.7,2.1,3.3,3.5,2.05,38.0,3.5,3.24,3.84,3.47,2.2,2.1,25.0,1.68,1.61,2.38,2.22,19.0,0.25,2.1,2.05,1.87,1.83,3.39,3.72,2.17
N1,01/09/12,Waalwijk,Heracles,1.0,1.0,D,1.0,1.0,D,1.95,3.5,3.8,1.95,3.4,3.4,1.95,3.4,3.4,1.9,3.3,3.5,1.91,3.25,3.4,2.02,3.77,3.69,1.91,3.5,3.5,2.0,3.5,3.6,2.0,3.7,3.75,1.95,3.5,3.5,38.0,2.05,1.97,3.77,3.46,4.05,3.58,22.0,1.75,1.67,2.28,2.14,17.0,-0.5,2.02,1.98,1.92,1.88,2.02,3.85,3.65
N1,15/09/12,Willem II,Twente,2.0,6.0,A,0.0,2.0,A,8.5,4.75,1.36,8.0,4.5,1.33,8.0,4.5,1.33,7.7,4.3,1.33,7.5,4.5,1.3,9.45,5.32,1.36,7.5,4.6,1.35,8.5,4.5,1.36,9.0,5.25,1.36,8.5,4.75,1.33,38.0,10.0,8.5,5.4,4.67,1.37,1.34,24.0,1.63,1.54,2.48,2.36,19.0,1.5,1.9,1.86,2.06,2.01,7.25,4.96,1.46
N1,17/11/12,Heerenveen,Waalwijk,0.0,2.0,A,0.0,1.0,A,1.67,3.75,5.0,1.65,3.6,4.6,1.65,3.6,4.6,1.6,3.6,4.8,1.62,3.6,4.33,1.72,4.12,4.81,1.67,3.75,4.33,1.67,3.75,4.8,1.7,4.1,4.8,1.67,3.75,4.75,38.0,1.72,1.67,4.22,3.76,5.01,4.68,24.0,1.55,1.5,2.59,2.48,19.0,-1.0,2.31,2.19,1.76,1.71,1.71,4.12,5.01
N1,27/01/13,Feyenoord,Twente,0.0,0.0,D,0.0,0.0,D,2.1,3.4,3.4,2.1,3.3,3.1,2.1,3.3,3.1,2.1,3.3,3.0,2.2,3.2,3.1,2.21,3.61,3.33,2.2,3.5,2.8,2.1,3.4,3.2,2.2,3.6,3.3,2.1,3.3,3.3,38.0,2.25,2.14,3.61,3.38,3.45,3.22,32.0,1.81,1.72,2.2,2.06,17.0,-0.25,1.92,1.87,2.05,2.01,2.5,3.34,3.07
N1,20/01/13,Roda,Nijmegen,2.0,0.0,H,1.0,0.0,H,2.63,3.3,2.63,2.45,3.4,2.5,2.45,3.4,2.5,2.5,3.2,2.5,2.4,3.25,2.62,2.64,3.46,2.76,2.5,3.25,2.6,2.63,3.3,2.6,2.62,3.4,2.75,2.5,3.3,2.62,40.0,2.69,2.57,3.5,3.28,2.76,2.63,36.0,1.87,1.74,2.15,2.05,20.0,0.0,1.95,1.9,2.0,1.94,2.58,3.54,2.81
N1,04/11/12,Twente,Feyenoord,3.0,0.0,H,2.0,0.0,H,1.67,3.75,5.0,1.75,3.9,4.75,1.75,3.9,4.75,1.6,3.6,4.8,1.62,3.6,4.33,1.71,4.1,4.95,1.7,3.8,4.2,1.67,3.75,4.8,1.7,4.0,5.0,1.67,3.75,4.5,37.0,1.75,1.69,4.1,3.73,5.1,4.65,22.0,1.67,1.58,2.4,2.29,18.0,-0.75,1.99,1.93,1.99,1.94,1.69,4.09,5.24
N1,27/01/13,Vitesse,Ajax,3.0,2.0,H,0.0,1.0,A,4.0,3.6,1.85,3.9,3.5,1.8,3.9,3.5,1.8,3.4,3.4,1.9,4.0,3.4,1.83,4.27,3.83,1.87,3.75,3.5,1.83,4.0,3.5,1.83,4.2,3.8,1.85,4.0,3.5,1.83,38.0,4.35,3.95,3.83,3.56,1.9,1.84,27.0,1.67,1.58,2.4,2.28,17.0,0.75,1.81,1.76,2.17,2.1,4.44,4.01,1.81
N1,22/12/12,Heerenveen,Vitesse,2.0,1.0,H,1.0,1.0,D,2.8,3.5,2.38,2.55,3.3,2.45,2.55,3.3,2.45,2.6,3.1,2.5,2.6,3.25,2.38,2.9,3.74,2.39,2.5,3.4,2.5,2.75,3.3,2.5,2.88,3.5,2.45,2.62,3.5,2.4,40.0,2.91,2.76,3.75,3.41,2.5,2.4,28.0,1.59,1.53,2.58,2.38,21.0,0.0,2.19,2.09,1.8,1.76,2.77,3.8,2.48
N1,23/12/12,Utrecht,Ajax,0.0,0.0,D,0.0,0.0,D,4.2,3.75,1.8,4.1,3.5,1.75,4.1,3.5,1.75,4.2,3.3,1.75,,,,4.35,3.86,1.85,4.0,3.5,1.8,4.33,3.6,1.8,4.2,3.8,1.85,4.33,3.75,1.73,38.0,4.5,4.17,3.95,3.63,1.85,1.78,28.0,1.67,1.59,2.4,2.26,17.0,0.75,1.85,1.82,2.09,2.06,4.42,4.28,1.77
N1,29/09/12,Heerenveen,NAC Breda,2.0,0.0,H,2.0,0.0,H,1.53,4.0,6.0,1.57,3.6,5.5,1.57,3.6,5.5,1.5,3.9,5.2,1.5,3.75,5.5,1.54,4.64,6.09,1.5,3.75,6.0,1.53,3.8,6.0,1.53,4.6,6.0,1.53,4.0,5.5,38.0,1.55,1.53,4.64,4.05,6.22,5.85,20.0,1.48,1.44,2.78,2.74,22.0,-1.0,1.94,1.84,2.08,2.01,1.52,4.65,6.35
N1,25/08/12,Ajax,NAC Breda,5.0,0.0,H,3.0,0.0,H,1.13,8.0,19.0,1.11,7.75,14.5,1.11,7.75,14.5,1.12,6.5,13.0,1.08,7.5,15.0,,,,1.1,7.0,13.0,1.13,7.5,19.0,1.15,8.5,19.0,1.11,8.0,17.0,33.0,1.14,1.12,10.0,8.04,26.0,17.78,20.0,1.33,1.27,3.7,3.43,17.0,-2.25,1.87,1.81,2.13,2.04,1.12,10.5,24.46
N1,20/10/12,Roda,Twente,1.0,1.0,D,0.0,0.0,D,5.5,4.0,1.57,5.25,3.75,1.55,5.25,3.75,1.55,4.7,3.6,1.6,5.5,3.6,1.53,5.98,4.42,1.57,5.5,3.6,1.57,5.75,4.0,1.57,6.0,4.33,1.57,5.0,3.8,1.62,35.0,5.98,5.51,4.46,3.94,1.62,1.56,21.0,1.63,1.56,2.48,2.35,19.0,1.0,1.97,1.92,2.04,1.94,6.85,4.67,1.5
N1,15/02/13,Nijmegen,VVV Venlo,1.0,2.0,A,1.0,1.0,D,1.53,4.33,5.5,1.45,4.1,6.0,1.45,4.1,6.0,1.45,3.9,6.0,1.44,4.0,6.5,1.59,4.28,6.18,1.5,4.2,5.5,1.5,4.33,6.5,1.55,4.2,6.5,1.44,4.33,6.5,33.0,1.62,1.53,4.33,4.04,6.5,5.84,28.0,1.73,1.66,2.33,2.18,19.0,-1.0,2.18,2.09,1.95,1.8,1.69,4.05,5.32
N1,21/10/12,VVV Venlo,Feyenoord,2.0,3.0,A,2.0,1.0,H,5.5,4.0,1.57,5.5,3.6,1.55,5.5,3.6,1.55,5.2,3.9,1.5,5.0,3.8,1.53,5.58,4.37,1.61,5.5,4.0,1.5,5.25,4.0,1.62,5.5,4.33,1.6,5.5,4.2,1.5,35.0,6.0,5.44,4.4,3.99,1.62,1.56,21.0,1.53,1.47,2.66,2.57,19.0,1.0,1.94,1.84,2.09,2.02,5.19,4.32,1.66
N1,15/12/12,Zwolle,AZ Alkmaar,1.0,2.0,A,0.0,2.0,A,3.2,3.25,2.25,2.95,3.25,2.2,2.95,3.25,2.2,3.2,3.1,2.1,3.0,3.2,2.1,3.44,3.61,2.17,3.1,3.4,2.1,3.13,3.25,2.3,3.2,3.4,2.3,3.0,3.3,2.25,39.0,3.44,3.17,3.61,3.33,2.25,2.19,35.0,1.83,1.76,2.18,2.03,19.0,0.0,2.47,2.33,1.65,1.6,3.63,3.62,2.11
N1,09/12/12,VVV Venlo,Vitesse,3.0,1.0,H,1.0,1.0,D,5.25,4.2,1.57,5.0,3.8,1.57,5.0,3.8,1.57,5.0,3.7,1.55,5.0,3.75,1.53,5.5,4.28,1.62,4.33,3.8,1.6,5.25,4.0,1.57,5.4,4.2,1.62,5.25,4.0,1.57,38.0,6.0,5.27,4.33,3.99,1.64,1.58,26.0,1.57,1.5,2.6,2.47,20.0,1.0,1.87,1.8,2.12,2.06,5.52,4.18,1.65
N1,24/08/12,Waalwijk,Roda,1.0,0.0,H,0.0,0.0,D,1.75,3.75,4.5,1.75,3.6,4.0,1.75,3.6,4.0,1.75,3.4,4.0,1.73,3.5,4.0,1.84,3.91,4.34,1.73,3.5,3.8,1.8,3.6,4.33,1.8,3.8,4.4,1.73,3.75,4.33,37.0,1.82,1.76,3.95,3.63,4.6,4.29,29.0,1.7,1.61,2.34,2.25,17.0,-0.75,2.08,2.03,1.87,1.84,1.81,4.04,4.41
N1,02/02/13,Roda,Heracles,3.0,3.0,D,1.0,2.0,A,2.25,3.4,3.1,2.25,3.4,2.75,2.25,3.4,2.75,2.2,3.2,2.9,2.2,3.5,2.62,2.31,3.66,3.09,2.25,3.4,2.62,2.25,3.4,3.0,2.3,3.6,3.1,2.3,3.4,2.88,40.0,2.38,2.27,3.66,3.42,3.25,2.92,25.0,1.66,1.58,2.47,2.28,21.0,0.0,1.74,1.69,2.28,2.19,2.38,3.6,3.06
N1,20/04/13,AZ Alkmaar,PSV Eindhoven,1.0,3.0,A,0.0,1.0,A,4.0,3.8,1.8,4.0,3.7,1.72,4.0,3.7,1.72,4.0,3.5,1.75,4.0,3.75,1.8,4.2,4.13,1.82,4.0,3.6,1.8,4.33,3.6,1.73,4.0,4.1,1.8,4.0,3.6,1.8,39.0,4.35,4.07,4.13,3.7,1.83,1.79,24.0,1.34,1.25,4.33,3.72,20.0,0.75,1.9,1.86,2.06,2.02,4.25,3.95,1.86
N1,09/02/13,Den Haag,NAC Breda,2.0,1.0,H,0.0,0.0,D,2.0,3.4,3.8,2.0,3.25,3.4,2.0,3.25,3.4,2.0,3.2,3.3,2.0,3.2,3.2,2.08,3.65,3.64,1.91,3.5,3.5,2.0,3.4,3.6,2.05,3.6,3.7,2.0,3.4,3.5,39.0,2.1,2.03,3.65,3.38,3.8,3.49,35.0,1.89,1.79,2.1,2.0,19.0,-0.5,2.12,2.06,1.86,1.81,2.31,3.57,3.18
N1,09/12/12,Heerenveen,Roda,4.0,4.0,D,2.0,1.0,H,1.62,4.2,4.75,1.5,3.7,6.0,1.5,3.7,6.0,1.5,3.8,5.5,1.53,3.8,5.0,1.64,4.39,5.23,1.57,3.6,5.5,1.57,4.0,5.25,1.62,4.3,5.4,1.57,4.0,5.25,39.0,1.65,1.58,4.4,4.02,6.0,5.17,26.0,1.46,1.4,3.0,2.78,21.0,-1.0,2.11,2.05,1.92,1.82,1.6,4.59,5.52
N1,09/02/13,Heerenveen,VVV Venlo,2.0,2.0,D,0.0,1.0,A,1.5,4.0,7.0,1.44,3.9,6.75,1.44,3.9,6.75,1.45,3.9,6.0,1.44,4.0,5.5,1.58,4.39,5.87,1.4,4.33,6.5,1.53,4.0,6.0,1.55,4.2,6.5,1.5,4.0,6.0,39.0,1.58,1.52,4.4,4.02,7.0,6.04,27.0,1.64,1.56,2.46,2.34,22.0,-1.0,1.99,1.93,2.0,1.93,1.58,4.53,5.86
N1,25/11/12,PSV Eindhoven,Vitesse,1.0,2.0,A,1.0,1.0,D,1.33,5.0,8.5,1.33,4.4,8.25,1.33,4.4,8.25,1.27,4.8,8.5,1.3,4.5,7.5,1.35,5.91,8.14,1.3,5.0,6.5,1.33,5.0,8.5,1.33,5.75,8.0,1.33,4.75,8.0,39.0,1.38,1.33,5.91,5.13,8.5,7.94,23.0,1.34,1.3,3.55,3.3,22.0,-1.5,1.98,1.87,2.05,1.99,1.38,5.6,8.15
N1,30/09/12,Willem II,Zwolle,0.0,1.0,A,0.0,0.0,D,2.25,3.5,3.0,2.2,3.4,2.85,2.2,3.4,2.85,2.2,3.2,2.9,2.2,3.2,2.88,2.31,3.6,3.13,2.25,3.3,2.9,2.3,3.3,3.0,2.3,3.5,3.1,2.2,3.4,3.0,38.0,2.35,2.26,3.6,3.35,3.3,3.0,31.0,1.81,1.73,2.2,2.08,19.0,-0.25,2.02,1.96,1.94,1.9,2.36,3.52,3.15
N1,23/12/12,Waalwijk,Willem II,0.0,0.0,D,0.0,0.0,D,1.44,4.2,7.5,1.4,4.1,7.0,1.4,4.1,7.0,1.4,4.0,6.5,1.4,4.0,6.5,1.45,4.66,8.1,1.4,4.33,6.5,1.44,4.0,7.5,1.45,4.5,7.5,1.44,4.33,6.5,40.0,1.45,1.42,4.85,4.31,8.7,7.04,28.0,1.68,1.6,2.38,2.22,18.0,-1.0,1.72,1.69,2.28,2.21,1.38,5.18,9.07
N1,17/11/12,Den Haag,PSV Eindhoven,1.0,6.0,A,0.0,3.0,A,8.5,5.0,1.33,7.75,5.0,1.3,7.75,5.0,1.3,8.0,4.6,1.3,7.5,4.5,1.3,9.3,5.45,1.35,8.5,5.0,1.29,8.0,4.8,1.36,9.0,5.4,1.33,7.5,5.0,1.33,38.0,10.0,8.1,5.9,4.99,1.4,1.33,22.0,1.41,1.36,3.1,2.99,19.0,1.5,2.02,1.93,1.99,1.93,9.08,5.48,1.36
N1,14/12/12,Twente,Heracles,3.0,2.0,H,1.0,1.0,D,1.5,4.5,5.75,1.4,4.33,6.5,1.4,4.33,6.5,1.4,4.0,6.5,1.4,4.33,6.0,1.49,4.86,6.78,1.44,4.33,6.0,1.44,4.33,6.25,1.45,4.75,6.5,1.44,4.5,6.0,40.0,1.5,1.44,5.0,4.49,7.4,6.34,26.0,1.48,1.44,3.0,2.65,22.0,-1.0,1.79,1.75,2.3,2.12,1.39,5.43,8.32
N1,26/08/12,AZ Alkmaar,Heerenveen,0.0,0.0,D,0.0,0.0,D,1.44,4.33,7.0,1.55,4.5,5.5,1.55,4.5,5.5,1.5,3.9,5.1,1.4,4.33,6.0,1.47,4.95,6.7,1.44,3.75,6.0,1.44,4.33,7.0,1.45,4.8,7.0,1.44,4.2,6.5,35.0,1.51,1.45,4.95,4.31,7.2,6.32,20.0,1.44,1.37,3.1,2.91,16.0,-1.0,1.79,1.73,2.3,2.14,1.44,5.14,7.4
N1,06/04/13,Willem II,PSV Eindhoven,1.0,3.0,A,0.0,1.0,A,13.0,5.75,1.22,11.0,5.25,1.22,11.0,5.25,1.22,10.0,5.0,1.22,10.0,5.5,1.25,11.28,6.15,1.28,10.0,5.0,1.25,11.0,5.5,1.25,10.5,6.0,1.22,10.0,5.4,1.25,39.0,13.0,10.51,6.35,5.66,1.28,1.25,23.0,1.41,1.37,3.05,2.9,19.0,1.5,2.34,2.19,1.77,1.7,14.4,7.3,1.22
N1,22/09/12,Vitesse,Heracles,1.0,1.0,D,0.0,0.0,D,1.62,4.0,5.0,1.57,3.7,5.25,1.57,3.7,5.25,1.5,3.9,5.2,1.57,3.75,4.5,1.63,4.4,5.26,1.57,4.2,4.5,1.62,3.8,5.0,1.62,4.33,5.2,1.62,3.8,4.75,37.0,1.65,1.61,4.33,3.92,6.2,4.99,19.0,1.69,1.59,2.38,2.26,19.0,-1.0,2.19,2.11,1.93,1.76,1.67,4.46,4.92
N1,19/08/12,Groningen,Willem II,1.0,1.0,D,1.0,0.0,H,1.5,4.33,6.0,1.55,4.2,6.0,1.55,4.2,6.0,1.45,4.0,5.5,1.4,4.0,6.0,1.47,4.69,7.22,1.4,4.0,7.5,1.5,4.0,6.25,1.45,4.6,7.5,1.44,4.2,6.5,37.0,1.5,1.46,4.69,4.17,7.5,6.54,20.0,1.67,1.55,2.46,2.36,19.0,-1.0,1.8,1.76,2.18,2.1,1.5,4.5,7.32
N1,24/02/13,Feyenoord,PSV Eindhoven,2.0,1.0,H,0.0,1.0,A,3.1,3.5,2.2,3.3,3.25,2.05,3.3,3.25,2.05,3.2,3.3,2.0,3.0,3.25,2.1,3.26,3.74,2.19,2.9,3.6,2.15,3.25,3.6,2.1,3.2,3.7,2.2,3.25,3.5,2.05,38.0,3.45,3.16,3.76,3.43,2.21,2.15,25.0,1.59,1.51,2.6,2.43,17.0,0.25,2.0,1.97,1.95,1.92,2.91,3.51,2.52
N1,10/11/12,Den Haag,AZ Alkmaar,2.0,2.0,D,1.0,1.0,D,3.1,3.5,2.2,3.1,3.5,2.3,3.1,3.5,2.3,3.2,3.3,2.0,3.0,3.25,2.1,3.27,3.63,2.23,3.0,3.5,2.1,3.12,3.4,2.2,3.25,3.6,2.2,3.2,3.3,2.1,38.0,3.35,3.13,3.7,3.41,2.25,2.17,24.0,1.67,1.58,2.4,2.3,18.0,0.25,1.97,1.93,1.98,1.94,3.53,3.71,2.12
N1,09/03/13,Willem II,VVV Venlo,1.0,0.0,H,0.0,0.0,D,2.45,3.4,2.75,2.45,3.3,2.55,2.45,3.3,2.55,2.5,3.2,2.5,2.37,3.3,2.75,2.59,3.45,2.83,2.4,3.25,2.7,2.5,3.4,2.75,2.55,3.5,2.8,2.5,3.3,2.6,38.0,2.64,2.5,3.5,3.32,2.83,2.7,36.0,1.94,1.84,2.0,1.95,20.0,0.0,1.92,1.87,2.04,1.98,2.82,3.46,2.62
N1,05/05/13,Heracles,Twente,1.0,1.0,D,1.0,1.0,D,4.0,3.6,1.85,4.0,3.4,1.8,4.0,3.4,1.8,3.7,3.4,1.8,3.75,3.5,1.8,3.9,3.98,1.91,3.5,3.75,1.83,3.75,3.5,1.9,3.7,3.9,1.92,3.8,3.75,1.83,40.0,4.25,3.82,3.98,3.61,1.96,1.87,22.0,1.46,1.42,3.0,2.71,21.0,0.5,1.98,1.93,1.98,1.94,3.4,3.6,2.2
N1,31/03/13,Roda,PSV Eindhoven,2.0,2.0,D,1.0,2.0,A,8.0,4.5,1.4,7.0,4.1,1.4,7.0,4.1,1.4,6.5,4.0,1.4,7.5,4.5,1.36,7.67,5.08,1.42,7.5,4.0,1.4,7.5,4.5,1.4,8.0,5.0,1.4,7.0,4.5,1.4,38.0,8.1,7.28,5.2,4.63,1.42,1.39,23.0,1.47,1.39,3.0,2.81,19.0,1.5,1.84,1.8,2.13,2.08,7.92,5.25,1.41
N1,10/11/12,Waalwijk,Utrecht,4.0,0.0,H,1.0,0.0,H,2.7,3.4,2.5,2.65,3.4,2.35,2.65,3.4,2.35,2.7,3.2,2.3,2.6,3.2,2.38,2.72,3.55,2.62,2.6,3.4,2.4,2.75,3.4,2.5,2.7,3.5,2.6,2.6,3.3,2.5,38.0,2.95,2.71,3.55,3.35,2.64,2.47,35.0,1.9,1.8,2.05,2.0,19.0,0.0,2.02,1.97,1.94,1.88,2.71,3.53,2.68
N1,13/04/13,Den Haag,Twente,1.0,3.0,A,1.0,1.0,D,4.33,3.6,1.8,3.75,3.4,1.85,3.75,3.4,1.85,4.2,3.3,1.75,3.8,3.6,1.8,4.12,3.84,1.9,4.0,3.75,1.73,4.0,3.5,1.83,4.1,3.8,1.87,4.0,3.5,1.83,40.0,4.55,4.07,3.85,3.5,1.91,1.84,37.0,1.81,1.72,2.16,2.08,20.0,0.5,2.03,2.0,1.9,1.88,5.09,4.04,1.72
N1,01/02/13,Waalwijk,Heerenveen,0.0,1.0,A,0.0,0.0,D,1.91,3.4,4.0,2.0,3.4,3.25,2.0,3.4,3.25,2.05,3.2,3.2,1.9,3.25,3.4,1.99,3.82,3.82,2.0,3.4,3.3,2.0,3.5,3.6,1.95,3.7,3.8,2.0,3.5,3.4,40.0,2.1,2.02,3.75,3.49,3.71,3.46,36.0,1.73,1.66,2.34,2.19,19.0,-0.5,2.1,2.06,1.86,1.83,2.14,3.76,3.4
N1,23/02/13,Heracles,Vitesse,3.0,5.0,A,1.0,2.0,A,2.4,3.4,2.8,2.35,3.4,2.65,2.35,3.4,2.65,2.3,3.2,2.75,2.3,3.25,2.62,2.43,3.71,2.87,2.3,3.5,2.7,2.4,3.4,2.8,2.4,3.7,2.88,2.38,3.4,2.75,38.0,2.43,2.36,3.75,3.4,2.92,2.8,25.0,1.6,1.54,2.55,2.37,20.0,0.0,1.83,1.78,2.15,2.07,2.4,3.67,2.97
N1,12/05/13,Groningen,Ajax,0.0,2.0,A,0.0,1.0,A,4.33,3.75,1.67,3.6,3.5,1.85,3.6,3.5,1.85,3.2,3.3,2.0,3.75,3.75,1.7,4.66,3.87,1.794,3.6,3.6,1.95,4.0,3.6,1.8,4.4,3.6,1.87,3.6,3.5,1.91,26.0,4.4,3.97,3.75,3.6,2.0,1.84,9.0,1.54,1.51,2.5,2.42,2.0,0.0,2.8,2.72,1.42,1.41,3.78,3.91,1.99
N1,03/11/12,PSV Eindhoven,Heracles,4.0,0.0,H,2.0,0.0,H,1.2,6.5,12.0,1.2,6.0,10.0,1.2,6.0,10.0,1.17,5.7,12.0,1.2,5.5,9.0,,,,1.22,6.5,8.5,1.25,6.0,10.0,1.25,6.5,12.0,1.22,5.5,11.0,36.0,1.25,1.22,7.1,6.07,14.0,10.61,21.0,1.25,1.23,4.35,3.82,18.0,-2.0,2.06,2.02,1.9,1.87,1.25,7.31,11.62
N1,23/09/12,NAC Breda,AZ Alkmaar,2.0,1.0,H,0.0,1.0,A,5.0,3.75,1.67,4.4,3.5,1.7,4.4,3.5,1.7,4.3,3.4,1.7,4.33,3.6,1.62,4.58,3.99,1.78,4.5,3.6,1.67,4.8,3.75,1.73,4.8,3.9,1.75,4.5,3.6,1.7,36.0,5.3,4.6,4.0,3.71,1.75,1.7,22.0,1.72,1.63,2.5,2.2,17.0,0.5,2.23,2.16,1.75,1.67,4.9,4.08,1.74
N1,17/11/12,Ajax,VVV Venlo,2.0,0.0,H,0.0,0.0,D,1.11,9.0,17.0,1.11,7.75,14.5,1.11,7.75,14.5,1.15,6.0,13.0,1.08,7.5,15.0,,,,1.1,8.0,17.0,1.13,8.5,15.0,1.12,9.5,19.0,1.11,8.5,15.0,37.0,1.15,1.11,12.0,8.72,31.0,17.05,22.0,1.25,1.22,4.6,3.94,19.0,-2.5,2.02,1.94,1.99,1.92,1.12,11.09,19.8
N1,08/12/12,AZ Alkmaar,Willem II,0.0,0.0,D,0.0,0.0,D,1.22,6.5,11.0,1.17,5.75,14.0,1.17,5.75,14.0,1.2,5.2,11.0,1.18,6.0,10.0,1.22,6.8,16.66,1.2,5.5,12.0,1.22,6.0,11.0,1.2,6.5,17.0,1.2,6.5,11.0,39.0,1.25,1.21,6.8,6.13,17.0,11.58,24.0,1.48,1.42,3.0,2.73,17.0,-1.75,1.83,1.77,2.16,2.11,1.27,6.55,11.71
N1,09/02/13,Groningen,Waalwijk,2.0,1.0,H,1.0,1.0,D,2.05,3.4,3.5,2.0,3.25,3.4,2.0,3.25,3.4,1.95,3.2,3.5,2.0,3.2,3.2,2.06,3.55,3.82,2.0,3.4,3.3,2.05,3.4,3.4,2.05,3.5,3.8,2.0,3.4,3.5,38.0,2.1,2.03,3.55,3.35,3.85,3.51,34.0,2.11,1.99,1.91,1.79,18.0,-0.5,2.08,2.04,1.87,1.83,2.14,3.49,3.68
N1,12/05/13,Twente,PSV Eindhoven,3.0,1.0,H,2.0,1.0,H,2.75,3.5,2.25,2.65,3.4,2.35,2.65,3.4,2.35,2.5,3.3,2.4,2.62,3.4,2.25,2.69,3.96,2.46,2.75,3.5,2.4,2.75,3.5,2.3,2.8,3.5,2.3,2.7,3.4,2.38,26.0,2.98,2.74,3.55,3.46,2.45,2.37,10.0,1.35,1.31,3.6,3.3,3.0,0.0,2.13,2.06,1.77,1.74,2.64,3.49,2.78
N1,24/02/13,Ajax,Den Haag,1.0,1.0,D,0.0,1.0,A,1.17,7.0,15.0,1.16,6.25,13.0,1.16,6.25,13.0,1.15,6.0,13.0,1.16,6.0,11.0,1.22,7.31,13.34,1.17,6.5,13.0,1.18,6.5,12.0,1.2,7.5,15.0,1.17,7.0,13.0,36.0,1.22,1.18,7.5,6.84,15.0,11.95,22.0,1.36,1.33,3.13,3.0,14.0,-2.0,1.88,1.85,2.1,2.02,1.18,8.55,16.7
N1,16/03/13,PSV Eindhoven,Waalwijk,2.0,0.0,H,1.0,0.0,H,1.18,6.5,15.0,1.16,6.5,12.0,1.16,6.5,12.0,1.12,6.5,14.0,1.14,6.5,10.0,1.19,8.25,14.2,1.17,6.5,12.0,1.18,6.5,13.0,1.18,8.0,15.0,1.17,7.0,13.0,38.0,1.19,1.17,8.25,6.88,20.0,13.96,25.0,1.37,1.3,3.55,3.31,17.0,-2.0,1.86,1.82,2.12,2.04,1.2,7.73,15.67
N1,16/03/13,Den Haag,Vitesse,0.0,4.0,A,0.0,2.0,A,3.25,3.4,2.15,3.25,3.4,2.0,3.25,3.4,2.0,3.3,3.2,2.0,3.5,3.2,1.9,3.68,3.69,2.05,3.4,3.3,2.05,3.5,3.4,2.05,3.6,3.6,2.1,3.5,3.4,2.0,39.0,3.75,3.47,3.69,3.39,2.1,2.04,37.0,1.78,1.7,2.22,2.11,19.0,0.5,1.85,1.8,2.11,2.06,3.71,3.83,2.02
,,,,,,,,,,,,,,,,,,,,,,,,,,,,,,,,,,,,,,,,,,,,,,,,,,,,,,,,,,,,
N1,25/01/13,VVV Venlo,AZ Alkmaar,1.0,4.0,A,0.0,1.0,A,4.0,3.6,1.85,3.75,3.6,1.8,3.75,3.6,1.8,3.9,3.3,1.8,4.0,3.5,1.8,4.01,3.83,1.94,3.8,3.6,1.83,4.0,3.5,1.9,4.0,3.75,1.91,4.0,3.6,1.8,40.0,4.25,3.95,3.83,3.59,1.94,1.86,36.0,1.68,1.61,2.38,2.26,19.0,0.75,1.76,1.73,2.22,2.17,3.74,3.72,2.04
N1,11/11/12,Zwolle,Ajax,2.0,4.0,A,0.0,2.0,A,7.0,4.75,1.4,7.25,4.0,1.4,7.25,4.0,1.4,6.5,4.0,1.4,6.0,4.33,1.4,7.16,4.9,1.46,6.5,4.5,1.4,6.5,4.5,1.44,7.0,4.8,1.45,7.5,4.5,1.36,38.0,8.5,6.78,5.2,4.52,1.48,1.42,22.0,1.48,1.4,3.0,2.77,18.0,1.25,1.94,1.86,2.06,2.02,6.4,4.88,1.51
N1,06/10/12,Vitesse,Heerenveen,3.0,3.0,D,0.0,1.0,A,1.67,3.8,5.0,1.72,3.5,4.33,1.72,3.5,4.33,1.7,3.4,4.2,1.67,3.5,4.33,1.81,3.9,4.5,1.67,3.6,4.5,1.73,3.6,4.5,1.75,3.8,4.8,1.67,3.75,4.75,36.0,1.79,1.73,3.91,3.65,5.0,4.54,21.0,1.67,1.62,2.4,2.23,18.0,-0.75,2.06,2.0,1.94,1.87,1.76,4.04,4.74
N1,06/04/13,Twente,Roda,2.0,0.0,H,1.0,0.0,H,1.36,4.5,9.0,1.36,4.25,7.75,1.36,4.25,7.75,1.45,4.2,5.5,1.36,4.5,7.5,1.41,5.03,8.08,1.36,4.33,7.5,1.36,4.5,8.0,1.36,4.8,7.0,1.36,4.33,8.0,39.0,1.45,1.39,5.15,4.48,9.0,7.66,25.0,1.57,1.52,2.64,2.4,21.0,-1.5,2.2,2.13,1.82,1.75,1.42,4.91,8.61
N1,02/11/12,Roda,Den Haag,0.0,0.0,D,0.0,0.0,D,2.1,3.5,3.3,2.1,3.4,3.0,2.1,3.4,3.0,2.0,3.3,3.2,2.1,3.25,3.0,2.23,3.63,3.32,2.15,3.4,3.0,2.1,3.4,3.25,2.2,3.6,3.25,2.0,3.4,3.4,37.0,2.22,2.12,3.75,3.44,3.5,3.24,30.0,1.74,1.65,2.3,2.21,18.0,-0.25,1.92,1.88,2.02,1.99,2.04,3.74,3.69
N1,16/02/13,Twente,Willem II,1.0,1.0,D,1.0,0.0,H,1.18,7.0,13.0,1.17,6.0,12.5,1.17,6.0,12.5,1.15,6.0,13.0,1.16,6.5,13.0,1.17,8.07,19.88,1.12,7.0,15.0,1.17,7.0,15.0,1.18,7.5,19.0,1.17,6.5,15.0,38.0,1.2,1.16,8.08,7.08,19.98,14.53,22.0,1.55,1.46,3.0,2.59,20.0,-2.0,1.97,1.84,2.1,2.04,1.21,7.11,16.46
N1,22/12/12,NAC Breda,PSV Eindhoven,1.0,6.0,A,1.0,4.0,A,8.5,5.0,1.33,7.5,4.5,1.34,7.5,4.5,1.34,7.5,4.2,1.35,8.0,4.5,1.3,9.5,5.54,1.34,9.0,4.8,1.29,8.5,4.5,1.36,9.0,5.2,1.36,8.5,4.75,1.33,40.0,9.5,8.25,5.8,4.92,1.38,1.33,26.0,1.46,1.4,3.05,2.77,21.0,1.5,2.0,1.95,1.97,1.91,8.0,5.37,1.4
N1,08/03/13,Groningen,NAC Breda,1.0,1.0,D,0.0,0.0,D,1.91,3.6,3.8,1.9,3.3,3.7,1.9,3.3,3.7,1.8,3.2,4.0,1.9,3.5,3.6,1.94,3.62,4.26,1.91,3.4,3.6,1.9,3.5,4.0,1.91,3.6,4.2,1.91,3.5,3.6,38.0,1.98,1.91,3.7,3.45,4.3,3.9,36.0,2.08,1.92,1.92,1.86,19.0,-0.5,1.96,1.93,1.98,1.95,1.99,3.6,4.08
N1,04/11/12,AZ Alkmaar,VVV Venlo,1.0,2.0,A,0.0,0.0,D,1.2,6.0,15.0,1.2,5.25,12.5,1.2,5.25,12.5,1.2,5.2,11.0,1.2,5.5,10.0,,,,1.2,6.5,10.0,1.22,5.8,12.0,1.22,6.5,15.0,1.2,5.5,12.0,36.0,1.25,1.22,6.9,5.85,16.0,12.2,20.0,1.39,1.35,3.25,2.99,16.0,-1.75,1.78,1.75,2.19,2.13,1.22,7.42,14.22
N1,20/01/13,Groningen,Utrecht,0.0,2.0,A,0.0,0.0,D,2.4,3.4,2.8,2.55,3.3,2.45,2.55,3.3,2.45,2.4,3.2,2.6,2.37,3.25,2.62,2.51,3.45,2.93,2.5,3.25,2.6,2.5,3.25,2.75,2.5,3.4,2.9,2.4,3.2,2.8,40.0,2.54,2.44,3.5,3.25,2.96,2.8,38.0,1.96,1.86,2.02,1.91,18.0,0.0,1.83,1.79,2.13,2.07,2.19,3.58,3.43
N1,30/03/13,Utrecht,VVV Venlo,2.0,1.0,H,2.0,1.0,H,1.5,4.0,7.0,1.5,4.0,5.5,1.5,4.0,5.5,1.5,3.8,5.5,1.5,4.0,6.5,1.51,4.45,7.1,1.44,4.2,6.0,1.5,4.0,6.5,1.5,4.4,7.0,1.53,4.0,5.5,37.0,1.53,1.5,4.5,4.06,7.3,6.26,32.0,1.81,1.71,2.2,2.1,20.0,-1.0,1.91,1.88,2.08,2.0,1.52,4.34,7.31
N1,23/02/13,Groningen,Zwolle,1.0,0.0,H,0.0,0.0,D,1.83,3.5,4.33,1.75,3.4,4.2,1.75,3.4,4.2,1.8,3.3,3.9,1.8,3.4,3.75,1.94,3.68,4.1,1.85,3.5,3.8,1.83,3.5,4.0,1.9,3.6,4.2,1.83,3.5,4.0,38.0,1.92,1.86,3.7,3.45,4.35,4.05,35.0,1.95,1.85,2.05,1.93,19.0,-0.75,2.2,2.15,1.8,1.75,2.04,3.63,3.84
N1,03/02/13,Nijmegen,Vitesse,2.0,1.0,H,1.0,0.0,H,2.7,3.4,2.5,2.65,3.25,2.4,2.65,3.25,2.4,2.7,3.3,2.3,2.5,3.2,2.5,2.61,3.44,2.82,2.45,3.2,2.5,2.75,3.3,2.5,2.62,3.4,2.75,2.5,3.3,2.62,36.0,2.75,2.56,3.44,3.29,2.82,2.61,30.0,1.89,1.79,2.1,1.99,17.0,0.0,1.9,1.87,2.03,1.98,2.62,3.54,2.76
N1,25/11/12,Twente,Zwolle,2.0,2.0,D,0.0,0.0,D,1.22,6.5,11.0,1.22,6.0,8.75,1.22,6.0,8.75,1.2,5.2,11.0,1.2,5.5,10.0,1.24,6.85,12.62,1.2,5.5,9.5,1.22,6.0,11.0,1.22,7.0,12.0,1.22,5.5,11.0,39.0,1.25,1.22,7.1,6.07,15.5,11.13,23.0,1.4,1.39,3.0,2.81,19.0,-1.75,1.87,1.84,2.09,2.04,1.29,6.32,10.85
N1,02/02/13,NAC Breda,Zwolle,3.0,0.0,H,1.0,0.0,H,2.1,3.5,3.3,2.1,3.2,3.2,2.1,3.2,3.2,2.0,3.2,3.3,2.0,3.3,3.1,2.25,3.45,3.38,2.1,3.3,3.2,2.2,3.3,3.25,2.2,3.5,3.3,2.15,3.3,3.2,40.0,2.25,2.16,3.51,3.29,3.45,3.26,36.0,2.03,1.92,1.97,1.86,19.0,-0.5,2.26,2.21,1.74,1.7,2.24,3.38,3.53
N1,05/05/13,AZ Alkmaar,Zwolle,4.0,0.0,H,2.0,0.0,H,1.57,4.0,5.5,1.5,3.75,6.0,1.5,3.75,6.0,1.6,3.5,5.0,1.5,3.75,5.5,1.58,4.38,5.85,1.44,4.2,6.0,1.57,3.8,5.5,1.6,4.33,5.4,1.57,3.8,5.5,40.0,1.6,1.56,4.38,4.0,6.0,5.45,23.0,1.52,1.48,2.75,2.53,24.0,-1.0,2.01,1.96,1.94,1.9,1.53,4.38,6.9
N1,20/10/12,PSV Eindhoven,Willem II,3.0,2.0,H,0.0,2.0,A,1.08,11.0,19.0,1.06,9.25,21.0,1.06,9.25,21.0,1.07,9.0,18.0,1.05,9.0,17.0,,,,1.06,10.0,26.0,1.07,11.0,21.0,1.08,11.0,29.0,1.08,9.0,21.0,28.0,1.09,1.07,15.0,10.54,41.0,21.89,15.0,1.3,1.21,4.75,4.16,16.0,-2.75,1.74,1.69,2.28,2.24,,,
N1,09/03/13,Heracles,Nijmegen,1.0,0.0,H,0.0,0.0,D,1.95,3.6,3.6,2.0,3.4,3.25,2.0,3.4,3.25,1.9,3.3,3.5,1.9,3.6,3.5,1.98,3.86,3.76,1.83,3.5,3.75,1.95,3.5,3.6,1.95,3.8,3.7,2.0,3.4,3.4,38.0,2.05,1.98,3.86,3.51,3.85,3.55,24.0,1.5,1.45,2.75,2.59,19.0,-0.5,2.02,1.98,1.94,1.9,1.89,3.94,4.12
N1,01/09/12,Roda,Willem II,3.0,0.0,H,1.0,0.0,H,1.57,3.8,6.0,1.56,3.8,5.0,1.56,3.8,5.0,1.55,3.7,5.0,1.53,3.75,5.0,1.58,4.26,6.15,1.57,4.0,4.8,1.57,3.8,5.75,1.57,4.2,6.0,1.53,4.0,5.5,38.0,1.6,1.56,4.26,3.88,6.4,5.64,20.0,1.7,1.6,2.38,2.27,20.0,-1.0,2.04,1.98,1.92,1.88,1.64,4.21,5.68
N1,18/08/12,NAC Breda,Twente,0.0,1.0,A,0.0,0.0,D,5.0,3.8,1.67,4.75,3.9,1.72,4.75,3.9,1.72,4.2,3.4,1.7,4.33,3.6,1.62,5.11,4.13,1.69,4.33,3.75,1.67,4.8,3.75,1.73,5.0,4.1,1.67,4.33,3.75,1.7,37.0,5.11,4.67,4.13,3.78,1.73,1.67,23.0,1.69,1.62,2.3,2.22,17.0,0.75,2.07,2.03,1.88,1.84,5.38,4.15,1.67
N1,15/12/12,Roda,NAC Breda,0.0,0.0,D,0.0,0.0,D,2.0,3.5,3.6,1.95,3.3,3.5,1.95,3.3,3.5,1.9,3.2,3.6,1.91,3.25,3.4,2.02,3.76,3.71,2.0,3.5,3.3,1.95,3.5,3.75,2.05,3.6,3.7,1.91,3.6,3.6,39.0,2.05,1.98,3.89,3.49,3.8,3.57,26.0,1.69,1.62,2.38,2.2,19.0,-0.25,1.77,1.72,2.23,2.16,1.92,3.9,4.05
N1,31/03/13,Heracles,AZ Alkmaar,1.0,2.0,A,1.0,2.0,A,2.38,3.5,2.8,2.25,3.4,2.75,2.25,3.4,2.75,2.3,3.3,2.7,2.37,3.4,2.75,2.54,3.75,2.71,2.4,3.4,2.62,2.4,3.4,2.75,2.5,3.7,2.75,2.38,3.4,2.75,38.0,2.54,2.43,3.75,3.43,2.8,2.71,25.0,1.56,1.47,2.75,2.53,20.0,0.0,1.9,1.86,2.05,1.99,2.79,3.76,2.48
N1,19/08/12,Nijmegen,Ajax,1.0,6.0,A,0.0,4.0,A,4.33,3.6,1.8,4.5,3.7,1.65,4.5,3.7,1.65,4.8,3.6,1.6,4.0,3.4,1.73,4.24,3.8,1.88,4.33,3.75,1.67,4.0,3.6,1.8,4.3,3.75,1.85,4.2,3.6,1.73,36.0,4.8,4.2,3.9,3.63,1.88,1.78,22.0,1.7,1.6,2.42,2.26,17.0,0.5,2.05,2.01,1.89,1.86,4.22,3.85,1.9
N1,12/08/12,Heerenveen,Nijmegen,0.0,2.0,A,0.0,2.0,A,1.67,4.0,4.75,1.72,3.8,4.2,1.72,3.8,4.2,1.7,3.5,4.2,1.67,3.5,4.33,1.81,3.99,4.5,1.7,3.8,4.2,1.8,3.6,4.33,1.78,3.9,4.6,1.73,3.6,4.5,35.0,1.81,1.74,4.06,3.68,4.75,4.38,21.0,1.67,1.5,2.63,2.46,18.0,-0.75,2.06,2.02,1.88,1.85,2.04,3.52,4.05
N1,17/02/13,Vitesse,Groningen,2.0,0.0,H,0.0,0.0,D,1.67,3.8,5.0,1.65,3.6,4.6,1.65,3.6,4.6,1.65,3.5,4.5,1.66,3.6,4.6,1.68,4.1,5.28,1.62,4.0,4.5,1.67,3.6,5.0,1.67,4.0,5.2,1.67,3.6,5.0,38.0,1.72,1.66,4.1,3.74,5.4,4.86,25.0,1.7,1.62,2.34,2.2,21.0,-1.0,2.28,2.19,1.77,1.71,1.78,3.95,4.78
N1,21/04/13,Nijmegen,Zwolle,1.0,3.0,A,0.0,2.0,A,2.0,3.6,3.5,1.91,3.4,3.5,1.91,3.4,3.5,1.9,3.3,3.5,1.9,3.5,3.75,2.1,3.66,3.64,2.0,3.5,3.4,2.0,3.5,3.5,2.05,3.6,3.6,2.0,3.4,3.5,39.0,2.1,2.01,3.66,3.43,3.8,3.51,36.0,1.84,1.76,2.12,2.03,19.0,-0.5,2.11,2.05,1.87,1.83,2.19,3.54,3.46
N1,19/01/13,Twente,Waalwijk,0.0,0.0,D,0.0,0.0,D,1.33,5.0,9.0,1.3,5.0,7.75,1.3,5.0,7.75,1.27,4.6,9.0,1.3,4.5,9.0,1.36,5.37,9.37,1.29,5.0,8.5,1.33,5.0,8.5,1.33,5.25,9.5,1.29,5.0,9.0,39.0,1.4,1.33,5.5,4.91,11.0,8.77,26.0,1.63,1.53,2.5,2.37,21.0,-1.5,2.13,2.06,1.93,1.82,1.34,5.38,10.87
N1,21/10/12,Heerenveen,Groningen,3.0,0.0,H,0.0,0.0,D,1.67,4.2,4.33,1.75,3.5,4.1,1.75,3.5,4.1,1.7,3.4,4.3,1.67,3.6,4.0,1.83,4.11,4.15,1.73,3.75,4.0,1.8,3.8,4.0,1.8,4.1,4.2,1.73,3.75,4.33,35.0,1.83,1.77,4.2,3.76,4.35,4.11,19.0,1.5,1.45,2.75,2.6,16.0,-0.5,1.83,1.8,2.1,2.06,1.89,4.16,3.9
N1,06/10/12,Zwolle,Heracles,0.0,3.0,A,0.0,1.0,A,2.63,3.3,2.63,2.5,3.25,2.55,2.5,3.25,2.55,2.5,3.2,2.5,2.5,3.2,2.5,2.67,3.55,2.67,2.5,3.4,2.5,2.6,3.3,2.62,2.62,3.5,2.62,2.6,3.4,2.5,37.0,2.73,2.61,3.55,3.31,2.67,2.57,31.0,1.82,1.72,2.16,2.09,21.0,0.0,2.02,1.96,1.92,1.88,3.12,3.62,2.33
N1,30/09/12,AZ Alkmaar,Waalwijk,3.0,3.0,D,2.0,2.0,D,1.36,4.75,8.5,1.4,4.1,7.0,1.4,4.1,7.0,1.4,4.1,6.3,1.33,4.33,7.5,1.39,5.13,8.73,1.35,4.6,7.5,1.36,4.5,8.0,1.36,5.2,8.5,1.36,4.5,8.0,37.0,1.4,1.36,5.2,4.6,9.5,8.1,23.0,1.65,1.55,2.5,2.37,19.0,-1.25,1.87,1.83,2.06,2.02,1.48,4.86,7.02
N1,11/08/12,Waalwijk,PSV Eindhoven,3.0,2.0,H,2.0,1.0,H,7.0,4.33,1.45,6.5,4.2,1.45,6.5,4.2,1.45,5.4,4.0,1.45,6.5,4.0,1.4,7.82,4.78,1.45,6.0,4.33,1.44,7.0,4.33,1.44,7.5,4.75,1.44,7.5,4.0,1.44,38.0,8.0,7.03,4.79,4.27,1.45,1.43,27.0,1.72,1.65,2.31,2.18,17.0,1.0,2.22,2.15,1.77,1.73,7.8,4.66,1.47
N1,04/11/12,Groningen,Nijmegen,1.0,2.0,A,1.0,0.0,H,1.95,3.5,3.75,2.0,3.4,3.25,2.0,3.4,3.25,2.0,3.3,3.2,1.91,3.4,3.25,2.02,3.72,3.76,2.0,3.6,3.2,2.05,3.4,3.5,2.0,3.7,3.7,2.0,3.5,3.3,37.0,2.05,2.0,3.72,3.45,3.85,3.5,23.0,1.7,1.61,2.34,2.22,17.0,-0.5,2.1,2.03,1.89,1.85,2.02,3.68,3.86
N1,20/10/12,NAC Breda,Vitesse,0.0,3.0,A,0.0,1.0,A,3.5,3.6,2.0,3.4,3.6,1.9,3.4,3.6,1.9,3.5,3.3,1.9,3.25,3.4,1.91,3.45,3.66,2.14,3.5,3.5,1.91,3.5,3.5,2.0,3.5,3.6,2.1,3.4,3.5,2.0,34.0,3.7,3.49,3.68,3.45,2.11,2.01,30.0,1.79,1.73,2.2,2.09,17.0,0.25,2.11,2.07,1.83,1.81,3.14,3.4,2.42
N1,22/12/12,Heracles,Zwolle,1.0,1.0,D,1.0,1.0,D,1.62,4.1,5.0,1.57,3.8,5.0,1.57,3.8,5.0,1.6,3.6,4.8,1.57,3.75,4.5,1.59,4.42,5.7,1.57,4.0,4.8,1.57,4.0,5.5,1.62,4.1,5.4,1.62,3.8,5.0,40.0,1.65,1.59,4.42,4.01,5.7,5.17,28.0,1.53,1.48,2.67,2.5,21.0,-1.0,2.06,1.97,1.94,1.89,1.61,4.46,5.52
N1,16/12/12,Feyenoord,Den Haag,3.0,2.0,H,2.0,1.0,H,1.33,5.0,9.0,1.33,4.5,8.0,1.33,4.5,8.0,1.35,4.2,7.5,1.33,4.5,7.0,1.35,5.5,9.5,1.33,4.8,7.5,1.36,4.8,8.5,1.36,5.0,9.0,1.36,4.75,7.5,39.0,1.37,1.34,5.5,4.94,9.5,8.02,25.0,1.53,1.46,2.75,2.58,21.0,-1.5,2.02,1.94,1.97,1.93,1.34,5.65,9.86
N1,19/01/13,Heerenveen,Heracles,0.0,1.0,A,0.0,1.0,A,2.05,3.5,3.5,2.05,3.3,3.25,2.05,3.3,3.25,2.1,3.2,3.1,2.0,3.3,3.3,2.1,3.91,3.35,2.0,3.5,3.25,2.1,3.5,3.3,2.1,3.9,3.3,1.95,3.6,3.3,40.0,2.11,2.04,4.0,3.59,3.5,3.27,25.0,1.41,1.35,3.25,2.98,18.0,-0.5,2.12,2.07,1.85,1.82,2.0,3.86,3.76
N1,08/12/12,Ajax,Groningen,2.0,0.0,H,1.0,0.0,H,1.2,6.5,13.0,1.25,4.75,11.0,1.25,4.75,11.0,1.22,5.0,10.0,1.2,5.5,10.0,1.23,6.83,14.42,1.2,5.5,12.0,1.25,5.75,11.0,1.22,6.5,15.0,1.25,5.5,10.0,39.0,1.25,1.23,7.0,5.94,16.0,10.87,26.0,1.48,1.41,3.0,2.75,17.0,-1.75,1.86,1.83,2.11,2.06,1.24,7.05,13.12
N1,19/08/12,Den Haag,Waalwijk,2.0,2.0,D,1.0,1.0,D,2.2,3.6,3.0,2.1,3.3,3.1,2.1,3.3,3.1,2.0,3.3,3.2,2.1,3.25,3.0,2.16,3.57,3.47,2.2,3.4,2.62,2.1,3.4,3.3,2.15,3.5,3.4,2.05,3.4,3.25,37.0,2.2,2.11,3.6,3.38,3.6,3.24,28.0,1.84,1.73,2.16,2.07,18.0,-0.25,1.93,1.88,2.04,1.99,2.22,3.6,3.36
N1,28/10/12,Zwolle,PSV Eindhoven,1.0,2.0,A,0.0,0.0,D,10.0,5.0,1.3,8.75,5.25,1.26,8.75,5.25,1.26,8.0,4.6,1.3,8.0,4.5,1.29,9.77,5.84,1.32,7.5,5.5,1.29,9.0,5.25,1.3,10.0,5.75,1.3,8.5,5.0,1.3,37.0,11.0,9.0,5.9,5.3,1.32,1.29,21.0,1.41,1.36,3.2,2.99,20.0,1.5,2.16,2.06,1.85,1.81,8.5,5.6,1.37
N1,10/02/13,Ajax,Roda,1.0,1.0,D,0.0,1.0,A,1.17,7.5,13.0,1.15,6.5,13.0,1.15,6.5,13.0,1.15,6.0,13.0,1.12,7.0,11.0,,,,1.17,6.5,12.0,1.17,7.0,15.0,1.17,7.5,18.0,1.17,7.0,13.0,38.0,1.18,1.16,8.4,6.92,21.0,14.63,21.0,1.33,1.27,4.0,3.54,19.0,-2.25,1.95,1.84,2.11,2.03,1.14,9.26,20.23
N1,06/10/12,Willem II,Waalwijk,1.0,0.0,H,0.0,0.0,D,3.0,3.4,2.3,2.75,3.4,2.25,2.75,3.4,2.25,2.7,3.2,2.3,2.8,3.2,2.2,3.07,3.58,2.34,2.8,3.4,2.25,3.0,3.3,2.25,3.1,3.5,2.3,2.88,3.4,2.25,36.0,3.12,2.98,3.59,3.35,2.37,2.27,31.0,1.82,1.7,2.21,2.12,21.0,0.0,2.28,2.2,1.73,1.68,3.59,3.77,2.06
N1,27/04/13,NAC Breda,Ajax,0.0,2.0,A,0.0,0.0,D,9.0,5.5,1.3,9.75,4.6,1.28,9.75,4.6,1.28,8.5,4.4,1.3,8.0,4.5,1.28,9.82,5.72,1.33,8.0,4.5,1.33,9.5,4.5,1.33,9.5,5.5,1.3,8.5,4.75,1.33,41.0,10.5,8.88,6.0,5.04,1.35,1.31,25.0,1.45,1.4,2.96,2.76,24.0,1.5,2.02,1.98,1.93,1.88,10.61,5.78,1.32
N1,25/08/12,Utrecht,Zwolle,1.0,1.0,D,1.0,0.0,H,1.53,4.0,5.5,1.57,3.9,4.75,1.57,3.9,4.75,1.5,3.9,5.1,1.53,3.75,5.0,1.61,4.17,6.03,1.53,3.6,5.0,1.57,4.0,5.75,1.62,4.1,5.75,1.53,4.0,5.5,37.0,1.65,1.58,4.19,3.88,6.4,5.37,24.0,1.71,1.59,2.38,2.25,18.0,-1.0,2.09,2.04,1.89,1.83,1.61,4.32,5.78
N1,12/05/13,Zwolle,Den Haag,4.0,2.0,H,1.0,0.0,H,2.6,3.4,2.3,2.85,3.4,2.2,2.85,3.4,2.2,2.9,3.4,2.1,2.7,3.4,2.2,,,,3.0,3.5,2.25,2.8,3.5,2.3,3.1,3.4,2.4,2.88,3.4,2.25,26.0,3.1,2.9,3.6,3.44,2.4,2.27,11.0,1.62,1.5,2.6,2.49,2.0,0.0,2.35,2.28,1.6,1.58,2.16,3.33,3.73
N1,05/04/13,Feyenoord,VVV Venlo,1.0,0.0,H,0.0,0.0,D,1.2,7.0,11.0,1.2,6.0,10.0,1.2,6.0,10.0,1.2,5.2,11.0,1.22,5.5,11.0,1.23,6.84,14.73,1.22,5.5,11.0,1.25,6.0,11.0,1.2,6.25,11.5,1.22,5.5,11.0,39.0,1.25,1.22,7.7,6.21,13.5,11.23,25.0,1.43,1.36,3.1,2.94,21.0,-1.5,1.72,1.67,2.42,2.25,1.25,6.66,13.4
N1,02/09/12,Vitesse,Feyenoord,1.0,0.0,H,0.0,0.0,D,2.3,3.4,3.0,2.35,3.5,3.0,2.35,3.5,3.0,2.2,3.2,2.9,2.3,3.2,2.62,2.46,3.55,2.93,2.4,3.4,2.62,2.38,3.3,2.88,2.45,3.5,2.9,2.2,3.4,3.0,37.0,2.48,2.37,3.55,3.31,3.13,2.86,29.0,1.83,1.73,2.25,2.07,18.0,0.0,1.79,1.74,2.18,2.11,2.73,3.52,2.67
N1,01/03/13,Vitesse,Utrecht,2.0,0.0,H,1.0,0.0,H,1.8,3.5,4.5,1.8,3.4,4.0,1.8,3.4,4.0,1.8,3.2,4.0,1.72,3.4,4.0,1.81,3.9,4.41,1.8,3.6,3.75,1.8,3.5,4.33,1.8,3.9,4.4,1.83,3.5,4.0,41.0,1.83,1.79,4.0,3.63,4.85,4.21,34.0,1.65,1.59,2.68,2.27,21.0,-0.75,2.1,2.01,1.9,1.87,1.78,3.9,4.82
N1,12/08/12,Ajax,AZ Alkmaar,2.0,2.0,D,1.0,0.0,H,1.62,4.0,5.0,1.62,3.9,4.75,1.62,3.9,4.75,1.65,3.5,4.5,1.6,3.6,4.5,1.64,4.29,5.5,1.67,3.8,4.4,1.62,3.8,5.25,1.65,4.1,5.4,1.62,3.8,5.0,38.0,1.67,1.61,4.32,3.83,6.0,5.12,22.0,1.67,1.55,2.52,2.34,19.0,-0.75,1.82,1.78,2.13,2.09,1.71,4.19,4.96
N1,10/03/13,Ajax,Zwolle,3.0,0.0,H,2.0,0.0,H,1.18,7.0,13.0,1.2,6.0,10.0,1.2,6.0,10.0,1.17,5.7,12.0,1.2,6.0,12.0,,,,1.17,6.5,12.0,1.2,6.5,12.0,1.2,7.0,15.0,1.2,6.0,11.0,37.0,1.23,1.19,7.7,6.46,17.0,12.07,24.0,1.46,1.39,3.0,2.79,21.0,-2.0,1.97,1.93,2.02,1.94,1.21,7.52,15.77
N1,26/08/12,Willem II,Vitesse,0.0,2.0,A,0.0,1.0,A,3.4,3.4,2.1,3.2,3.2,2.1,3.2,3.2,2.1,2.95,3.1,2.2,3.0,3.25,2.1,3.55,3.6,2.12,3.2,3.2,2.0,3.4,3.4,2.1,3.5,3.6,2.1,3.2,3.4,2.1,36.0,3.55,3.32,3.64,3.37,2.2,2.09,28.0,1.86,1.79,2.12,1.99,17.0,0.25,2.08,2.03,1.89,1.83,4.2,3.75,1.92
N1,09/11/12,NAC Breda,Groningen,0.0,1.0,A,0.0,0.0,D,2.38,3.5,2.8,2.25,3.4,2.75,2.25,3.4,2.75,2.3,3.2,2.7,2.25,3.25,2.75,2.34,3.62,3.11,2.3,3.5,2.7,2.38,3.3,2.88,2.38,3.5,3.0,2.38,3.3,2.75,38.0,2.45,2.35,3.65,3.38,3.11,2.86,33.0,1.77,1.69,2.23,2.13,19.0,0.0,1.77,1.71,2.28,2.18,2.7,3.52,2.69
N1,10/03/13,Roda,Feyenoord,0.0,1.0,A,0.0,1.0,A,4.5,3.8,1.73,4.0,3.5,1.78,4.0,3.5,1.78,4.0,3.4,1.75,4.33,3.6,1.72,4.65,4.05,1.76,4.33,3.75,1.67,4.33,3.75,1.73,4.6,4.0,1.75,4.2,3.75,1.73,38.0,4.75,4.29,4.1,3.74,1.85,1.75,25.0,1.65,1.55,2.45,2.32,18.0,0.75,1.98,1.94,1.98,1.94,5.2,4.2,1.68
N1,26/01/13,Zwolle,Heerenveen,1.0,1.0,D,0.0,0.0,D,2.3,3.25,3.1,2.4,3.25,2.65,2.4,3.25,2.65,2.3,3.2,2.7,2.25,3.4,2.87,2.4,3.67,2.94,2.3,3.4,2.75,2.38,3.4,2.88,2.3,3.6,3.0,2.3,3.4,2.88,40.0,2.4,2.34,3.69,3.42,3.1,2.84,27.0,1.63,1.54,2.5,2.37,20.0,0.0,1.77,1.71,2.23,2.16,2.22,3.73,3.23
N1,10/02/13,Zwolle,Twente,1.0,1.0,D,0.0,1.0,A,4.75,3.6,1.73,5.0,3.6,1.6,5.0,3.6,1.6,4.5,3.5,1.65,4.0,3.4,1.72,4.51,3.8,1.82,4.33,3.75,1.67,4.5,3.6,1.73,4.6,3.75,1.8,4.33,3.6,1.75,38.0,5.0,4.46,3.83,3.6,1.82,1.75,33.0,1.89,1.78,2.11,2.01,17.0,0.5,2.16,2.1,1.81,1.78,4.37,3.98,1.83
N1,26/10/12,Utrecht,Groningen,1.0,0.0,H,0.0,0.0,D,1.8,3.75,4.2,1.75,3.6,4.0,1.75,3.6,4.0,1.8,3.3,3.9,1.73,3.6,3.8,1.82,4.11,4.25,1.75,3.75,4.0,1.8,3.75,4.0,1.8,4.1,4.2,1.83,3.6,3.75,37.0,1.8,1.71,4.25,3.83,4.8,4.47,28.0,1.74,1.66,2.28,2.17,18.0,-0.75,1.96,1.9,2.02,1.98,1.82,4.25,4.15
N1,09/12/12,PSV Eindhoven,Twente,3.0,0.0,H,1.0,0.0,H,1.57,4.1,5.5,1.55,3.75,5.25,1.55,3.75,5.25,1.65,3.5,4.5,1.57,3.6,5.0,1.61,4.21,5.87,1.62,3.6,5.0,1.57,3.8,5.5,1.6,4.1,5.75,1.57,3.8,5.5,39.0,1.67,1.59,4.33,3.93,6.2,5.31,24.0,1.59,1.52,2.6,2.44,21.0,-1.0,2.05,2.0,1.96,1.87,1.71,4.17,4.95
N1,23/11/12,NAC Breda,Den Haag,0.0,3.0,A,0.0,0.0,D,2.3,3.5,2.88,2.4,3.3,2.6,2.4,3.3,2.6,2.3,3.2,2.75,2.25,3.25,2.75,2.45,3.57,2.96,2.2,3.4,2.7,2.2,3.6,3.0,2.4,3.5,3.0,2.3,3.3,2.88,38.0,2.42,2.32,3.65,3.4,3.09,2.9,34.0,1.77,1.67,2.3,2.16,21.0,0.0,1.74,1.69,2.28,2.19,2.42,3.58,3.01
N1,02/02/13,PSV Eindhoven,Den Haag,7.0,0.0,H,1.0,0.0,H,1.18,7.0,13.0,1.18,5.5,14.0,1.18,5.5,14.0,1.15,6.0,13.0,1.14,6.0,12.0,1.18,8.71,15.0,1.14,6.5,15.0,1.18,6.5,13.0,1.17,8.5,15.0,1.17,7.0,13.0,40.0,1.19,1.17,8.73,6.96,17.5,13.67,22.0,1.33,1.25,4.25,3.69,20.0,-2.0,1.74,1.71,2.3,2.2,1.14,9.46,19.7
N1,20/01/13,Willem II,Den Haag,1.0,1.0,D,0.0,1.0,A,3.2,3.4,2.2,3.0,3.2,2.2,3.0,3.2,2.2,3.1,3.2,2.1,2.87,3.3,2.2,3.21,3.62,2.26,3.1,3.4,2.1,3.13,3.4,2.2,3.2,3.6,2.25,3.0,3.3,2.2,40.0,3.39,3.16,3.61,3.35,2.25,2.18,33.0,1.84,1.72,2.2,2.05,19.0,0.25,2.02,1.98,1.95,1.9,3.41,3.66,2.18
N1,07/04/13,Groningen,Heerenveen,3.0,1.0,H,2.0,0.0,H,2.38,3.4,2.8,2.5,3.25,2.55,2.5,3.25,2.55,2.3,3.3,2.7,2.3,3.3,2.8,2.55,3.58,2.79,2.3,3.3,2.8,2.5,3.3,2.75,2.4,3.5,2.6,2.38,3.3,2.75,39.0,2.58,2.44,3.6,3.33,3.0,2.75,25.0,1.71,1.63,2.38,2.19,21.0,0.0,1.9,1.85,2.05,2.0,2.77,3.54,2.62
N1,26/01/13,Waalwijk,NAC Breda,0.0,4.0,A,0.0,0.0,D,1.57,4.0,5.5,1.57,3.6,5.5,1.57,3.6,5.5,1.6,3.6,4.8,1.53,3.6,6.5,1.56,4.2,6.48,1.53,3.6,6.0,1.53,3.8,6.25,1.55,4.2,6.5,1.57,3.8,5.5,40.0,1.6,1.55,4.2,3.85,6.8,5.95,38.0,1.94,1.85,2.05,1.94,20.0,-1.0,2.06,1.96,1.96,1.9,1.68,3.99,5.59
N1,12/05/13,Vitesse,VVV Venlo,0.0,1.0,A,0.0,1.0,A,1.2,6.0,11.0,1.17,6.0,13.0,1.17,6.0,13.0,1.15,6.0,13.0,1.16,5.5,11.0,,,,1.2,6.5,13.0,1.18,6.25,12.0,1.25,5.5,15.0,1.2,5.5,13.0,26.0,1.25,1.19,6.7,6.14,16.0,12.97,7.0,1.45,1.44,2.7,2.61,3.0,-2.0,1.96,1.94,1.86,1.82,1.3,6.04,10.38
N1,23/02/13,Heerenveen,Twente,2.0,1.0,H,1.0,0.0,H,3.4,3.4,2.1,3.4,3.25,2.0,3.4,3.25,2.0,3.3,3.2,2.0,3.2,3.2,2.0,3.32,3.69,2.18,3.1,3.4,2.1,3.4,3.4,2.1,3.4,3.6,2.15,3.2,3.4,2.1,38.0,3.45,3.31,3.7,3.37,2.18,2.1,25.0,1.74,1.65,2.28,2.15,18.0,0.5,1.81,1.77,2.2,2.12,2.97,3.88,2.31
N1,27/01/13,Utrecht,Willem II,3.0,1.0,H,0.0,0.0,D,1.33,4.75,9.5,1.3,4.5,9.25,1.3,4.5,9.25,1.3,4.4,8.5,1.28,5.0,9.5,1.36,5.3,9.57,1.3,4.5,10.0,1.33,4.8,9.0,1.33,5.25,10.0,1.3,4.75,10.0,38.0,1.36,1.31,5.4,4.84,11.0,9.37,27.0,1.67,1.56,2.4,2.32,19.0,-1.5,2.04,1.99,1.93,1.88,1.48,4.54,7.8
N1,16/09/12,AZ Alkmaar,Roda,4.0,0.0,H,3.0,0.0,H,1.4,4.75,7.0,1.3,4.75,8.25,1.3,4.75,8.25,1.35,4.2,7.5,1.36,4.33,6.5,1.4,5.2,8.21,1.4,4.5,6.5,1.4,4.5,7.0,1.4,5.2,8.0,1.36,4.75,7.5,38.0,1.4,1.39,5.2,4.59,8.3,7.3,23.0,1.5,1.43,2.86,2.64,19.0,-1.25,1.9,1.86,2.05,2.01,1.35,5.58,9.27
N1,29/09/12,Heracles,Den Haag,3.0,3.0,D,3.0,2.0,H,1.7,4.0,4.5,1.7,3.6,4.25,1.7,3.6,4.25,1.65,3.5,4.5,1.67,3.5,4.33,1.71,4.17,4.82,1.61,3.6,5.0,1.67,3.75,4.8,1.7,4.1,5.0,1.73,3.5,4.75,38.0,1.73,1.69,4.17,3.7,5.2,4.68,23.0,1.64,1.55,2.5,2.37,19.0,-0.75,1.93,1.9,2.02,1.97,1.68,4.16,5.08
N1,25/11/12,Roda,Ajax,1.0,2.0,A,1.0,0.0,H,7.5,5.0,1.36,6.75,4.2,1.4,6.75,4.2,1.4,7.5,4.2,1.35,6.5,4.33,1.36,7.26,5.21,1.43,5.5,4.5,1.4,7.5,4.5,1.4,7.5,5.0,1.4,7.5,4.5,1.36,39.0,8.0,7.03,5.3,4.62,1.45,1.4,23.0,1.46,1.39,3.0,2.8,22.0,1.5,1.81,1.75,2.18,2.11,7.06,5.23,1.44
N1,18/11/12,Utrecht,Twente,1.0,1.0,D,1.0,1.0,D,3.4,3.4,2.1,3.2,3.3,2.05,3.2,3.3,2.05,3.2,3.3,2.0,3.2,3.2,2.0,3.57,3.5,2.15,3.1,3.4,2.1,3.3,3.5,2.05,3.5,3.4,2.15,3.2,3.4,2.1,38.0,3.6,3.28,3.55,3.35,2.19,2.09,33.0,1.9,1.81,2.06,1.98,18.0,0.25,2.05,2.02,1.9,1.86,3.02,3.62,2.39
N1,10/03/13,Twente,Vitesse,0.0,1.0,A,0.0,0.0,D,1.91,3.6,3.75,1.85,3.4,3.75,1.85,3.4,3.75,1.75,3.3,4.2,1.83,3.4,4.0,1.95,3.73,4.0,1.83,3.5,3.75,1.9,3.5,4.0,1.9,3.6,4.2,1.83,3.6,3.75,38.0,2.02,1.9,3.8,3.48,4.2,3.86,30.0,1.78,1.7,2.22,2.08,19.0,-0.5,1.97,1.94,1.96,1.93,2.12,3.58,3.65
N1,02/12/12,Nijmegen,NAC Breda,1.0,1.0,D,0.0,0.0,D,1.53,3.8,6.5,1.55,3.75,5.25,1.55,3.75,5.25,1.5,3.8,5.5,1.5,3.75,5.5,1.57,4.28,6.3,1.5,3.75,6.0,1.53,3.8,6.0,1.55,4.2,6.5,1.53,4.0,5.5,32.0,1.58,1.54,4.3,3.9,6.8,5.86,21.0,1.65,1.59,2.44,2.28,18.0,-1.0,1.99,1.95,1.99,1.92,1.58,4.42,5.98
N1,18/01/13,PSV Eindhoven,Zwolle,1.0,3.0,A,1.0,1.0,D,1.14,8.0,15.0,1.15,6.75,12.0,1.15,6.75,12.0,1.12,6.5,14.0,1.12,6.5,15.0,1.16,9.37,18.5,1.12,7.5,13.0,1.14,8.0,13.0,1.15,8.5,20.0,1.14,7.5,13.0,40.0,1.16,1.14,10.0,8.09,21.0,14.4,25.0,1.32,1.28,4.0,3.45,19.0,-2.25,1.96,1.87,2.03,1.98,1.15,9.5,18.5
N1,22/09/12,Zwolle,Groningen,1.0,2.0,A,1.0,0.0,H,2.38,3.4,2.88,2.4,3.25,2.65,2.4,3.25,2.65,2.5,3.2,2.5,2.38,3.2,2.62,2.52,3.49,2.89,2.3,3.3,2.8,2.5,3.25,2.75,2.5,3.5,2.88,2.4,3.3,2.75,37.0,2.6,2.44,3.5,3.28,2.92,2.76,31.0,1.82,1.74,2.25,2.05,19.0,0.0,1.85,1.81,2.09,2.03,2.66,3.34,2.84
N1,12/05/13,Willem II,AZ Alkmaar,2.0,0.0,H,0.0,0.0,D,6.5,4.0,1.44,7.25,4.0,1.4,7.25,4.0,1.4,5.0,3.7,1.55,7.0,4.0,1.36,,,,8.0,4.4,1.4,7.0,4.0,1.44,8.0,4.4,1.4,7.0,4.33,1.4,25.0,8.0,6.99,4.5,4.12,1.55,1.45,8.0,1.4,1.4,2.88,2.77,2.0,1.5,1.68,1.68,2.1,2.07,6.39,4.32,1.56
N1,25/08/12,VVV Venlo,Den Haag,2.0,4.0,A,1.0,1.0,D,2.25,3.5,3.0,2.15,3.4,2.95,2.15,3.4,2.95,2.2,3.2,2.9,2.2,3.25,2.8,2.39,3.63,2.97,2.2,3.2,2.8,2.3,3.4,3.0,2.4,3.5,2.9,2.3,3.4,2.88,37.0,2.42,2.31,3.65,3.36,3.0,2.88,24.0,1.67,1.58,2.4,2.28,17.0,-0.25,2.09,2.06,1.85,1.81,2.5,3.75,2.78
N1,31/03/13,Waalwijk,Den Haag,4.0,0.0,H,3.0,0.0,H,2.0,3.5,3.6,1.9,3.3,3.7,1.9,3.3,3.7,1.9,3.3,3.5,2.0,3.4,3.5,2.04,3.54,3.89,1.91,3.4,3.6,2.0,3.4,3.75,2.05,3.5,3.8,1.95,3.4,3.6,37.0,2.1,2.0,3.6,3.38,3.9,3.61,34.0,2.02,1.91,1.93,1.87,18.0,-0.5,2.08,2.03,1.9,1.84,1.97,3.61,4.15
N1,20/01/13,Ajax,Feyenoord,3.0,0.0,H,2.0,0.0,H,1.62,4.0,5.0,1.65,3.4,5.0,1.65,3.4,5.0,1.6,3.6,4.8,1.57,3.75,5.0,1.62,4.24,5.7,1.6,3.8,5.0,1.62,3.75,5.5,1.62,4.1,5.5,1.62,4.0,5.0,40.0,1.68,1.62,4.24,3.87,5.7,5.13,26.0,1.6,1.51,2.6,2.44,21.0,-1.0,2.18,2.07,1.85,1.8,1.67,4.26,5.19
N1,19/08/12,AZ Alkmaar,Heracles,3.0,1.0,H,2.0,0.0,H,1.33,5.5,7.5,1.28,5.25,7.75,1.28,5.25,7.75,1.25,4.8,10.0,1.3,4.5,7.5,1.4,5.22,8.2,1.29,5.0,8.5,1.33,5.0,8.0,1.36,5.4,8.5,1.33,4.75,8.0,37.0,1.4,1.33,5.5,4.95,10.0,8.16,20.0,1.5,1.41,2.88,2.74,18.0,-1.5,2.12,2.06,1.91,1.81,1.44,5.04,7.55
N1,21/04/13,VVV Venlo,Twente,2.0,2.0,D,2.0,0.0,H,5.0,4.0,1.62,4.75,3.8,1.6,4.75,3.8,1.6,5.0,3.7,1.55,5.0,3.75,1.61,4.85,4.13,1.71,5.0,3.75,1.62,5.0,3.8,1.62,5.0,4.1,1.7,5.0,3.8,1.62,39.0,5.5,4.94,4.13,3.78,1.71,1.65,26.0,1.7,1.61,2.4,2.23,22.0,1.0,1.77,1.71,2.28,2.19,4.84,3.95,1.77
N1,06/04/13,Zwolle,Waalwijk,1.0,1.0,D,1.0,1.0,D,2.2,3.25,3.3,2.05,3.25,3.3,2.05,3.25,3.3,2.0,3.2,3.3,2.05,3.3,3.3,2.24,3.38,3.49,2.0,3.4,3.3,2.1,3.4,3.4,2.1,3.3,3.3,2.1,3.3,3.2,39.0,2.22,2.12,3.46,3.31,3.71,3.33,35.0,2.09,1.99,1.9,1.8,19.0,-0.5,2.2,2.15,1.78,1.74,2.19,3.36,3.68
N1,21/04/13,Feyenoord,Vitesse,2.0,0.0,H,1.0,0.0,H,1.8,3.6,4.33,1.75,3.6,4.0,1.75,3.6,4.0,1.8,3.4,3.8,1.8,3.5,4.2,1.74,4.16,4.66,1.73,3.5,4.5,1.73,3.5,4.8,1.73,4.1,4.5,1.8,3.6,4.0,39.0,1.83,1.75,4.16,3.66,4.8,4.35,26.0,1.64,1.54,2.5,2.35,20.0,-0.75,1.97,1.94,1.97,1.93,1.52,4.49,6.78
N1,01/12/12,Twente,Den Haag,2.0,0.0,H,0.0,0.0,D,1.29,5.5,10.0,1.25,5.5,8.5,1.25,5.5,8.5,1.25,4.8,9.5,1.25,5.0,8.5,1.34,5.72,9.31,1.25,5.0,10.0,1.29,5.75,9.0,1.33,5.5,10.0,1.29,5.5,8.5,40.0,1.34,1.29,5.8,5.3,11.0,8.92,24.0,1.43,1.39,3.05,2.84,22.0,-1.5,1.88,1.8,2.11,2.05,1.33,5.78,9.81
N1,09/02/13,Heracles,Willem II,4.0,1.0,H,3.0,1.0,H,1.44,4.0,8.0,1.45,4.0,6.25,1.45,4.0,6.25,1.4,4.0,6.5,1.4,4.2,6.0,1.47,4.98,6.81,1.36,4.5,7.0,1.44,4.33,7.0,1.44,4.8,7.5,1.4,4.33,7.5,39.0,1.47,1.43,5.1,4.43,8.0,6.69,21.0,1.46,1.39,3.0,2.84,18.0,-1.25,1.99,1.94,1.98,1.93,1.45,5.18,7.03
N1,07/12/12,Heracles,Utrecht,1.0,1.0,D,1.0,1.0,D,2.05,3.75,3.25,1.95,3.4,3.4,1.95,3.4,3.4,2.0,3.3,3.2,2.0,3.4,3.0,2.21,3.73,3.28,2.0,3.3,3.4,2.05,3.5,3.4,2.15,3.7,3.3,1.91,3.6,3.6,38.0,2.22,2.09,3.75,3.51,3.6,3.25,26.0,1.5,1.44,2.78,2.66,19.0,-0.25,1.94,1.91,2.01,1.97,2.1,3.77,3.51
N1,15/03/13,Zwolle,Roda,3.0,2.0,H,2.0,2.0,D,2.0,3.5,3.75,2.0,3.25,3.4,2.0,3.25,3.4,1.9,3.3,3.5,2.0,3.2,3.2,2.04,3.7,3.77,2.05,3.5,3.5,2.0,3.4,3.6,2.0,3.6,3.7,2.0,3.4,3.5,39.0,2.12,2.02,3.71,3.39,3.9,3.54,37.0,1.85,1.77,2.12,2.02,19.0,-0.5,2.13,2.08,1.85,1.81,2.08,3.55,3.83
N1,24/02/13,AZ Alkmaar,NAC Breda,0.0,1.0,A,0.0,1.0,A,1.44,4.2,7.5,1.45,3.75,7.0,1.45,3.75,7.0,1.4,4.0,6.5,1.4,4.0,6.0,1.49,4.6,7.18,1.5,4.2,5.5,1.44,4.0,7.0,1.45,4.5,7.5,1.4,4.33,7.5,38.0,1.5,1.45,4.61,4.2,7.75,6.83,25.0,1.74,1.64,2.28,2.17,20.0,-1.0,1.82,1.78,2.2,2.11,1.51,4.62,6.83
N1,03/03/13,Roda,Groningen,4.0,1.0,H,3.0,1.0,H,2.3,3.4,3.0,2.2,3.3,2.9,2.2,3.3,2.9,2.2,3.3,2.8,2.25,3.2,2.75,2.41,3.54,3.01,2.2,3.5,2.8,2.3,3.3,3.0,2.38,3.5,3.0,2.2,3.4,3.0,41.0,2.41,2.3,3.55,3.33,3.2,2.96,39.0,1.96,1.87,1.99,1.9,21.0,0.0,1.76,1.7,2.25,2.18,2.33,3.6,3.15
N1,08/12/12,Den Haag,Zwolle,1.0,1.0,D,0.0,1.0,A,1.91,3.5,4.0,1.85,3.4,3.75,1.85,3.4,3.75,1.8,3.4,3.7,1.83,3.4,3.6,1.98,3.7,3.92,1.91,3.4,3.6,1.91,3.5,3.8,1.95,3.6,3.9,1.85,3.6,3.8,39.0,1.98,1.91,3.7,3.49,4.1,3.79,36.0,1.8,1.72,2.18,2.1,18.0,-0.5,1.98,1.94,1.97,1.94,2.06,3.57,3.86
N1,05/05/13,Den Haag,Feyenoord,2.0,0.0,H,2.0,0.0,H,7.0,4.33,1.44,6.0,4.2,1.44,6.0,4.2,1.44,6.5,4.0,1.4,6.5,3.75,1.44,7.47,4.92,1.44,5.5,3.6,1.5,7.5,4.33,1.4,7.5,4.8,1.4,6.0,4.0,1.5,40.0,7.9,7.01,4.92,4.35,1.5,1.42,22.0,1.52,1.48,2.7,2.52,17.0,1.25,2.0,1.97,1.93,1.9,6.5,4.5,1.45
N1,05/05/13,VVV Venlo,Groningen,0.0,0.0,D,0.0,0.0,D,2.5,3.3,2.75,2.55,3.25,2.5,2.55,3.25,2.5,2.4,3.1,2.7,2.4,3.4,2.6,2.51,3.55,2.85,2.5,3.4,2.5,2.5,3.4,2.63,2.5,3.5,2.8,2.5,3.4,2.6,40.0,2.6,2.48,3.55,3.34,2.85,2.7,27.0,1.7,1.63,2.35,2.19,21.0,0.0,1.86,1.83,2.08,2.02,2.49,3.62,2.87
N1,10/11/12,Nijmegen,Heracles,3.0,2.0,H,1.0,0.0,H,2.1,3.6,3.2,2.0,3.25,3.4,2.0,3.25,3.4,1.9,3.3,3.5,2.0,3.25,3.2,2.14,3.71,3.4,,,,2.1,3.4,3.3,2.1,3.7,3.4,2.0,3.5,3.3,38.0,2.14,2.07,3.8,3.47,3.6,3.3,23.0,1.6,1.53,2.56,2.41,18.0,-0.25,1.88,1.85,2.06,2.03,2.12,4.09,3.22
N1,20/04/13,Willem II,Roda,2.0,1.0,H,0.0,0.0,D,2.8,3.5,2.4,2.9,3.3,2.2,2.9,3.3,2.2,3.1,3.2,2.1,2.9,3.4,2.25,2.94,3.68,2.39,2.88,3.4,2.25,2.88,3.4,2.25,2.9,3.6,2.3,2.88,3.4,2.25,38.0,3.1,2.91,3.68,3.39,2.4,2.28,26.0,1.65,1.59,2.44,2.25,20.0,0.0,2.19,2.14,1.78,1.72,2.76,3.73,2.52
N1,26/04/13,Heerenveen,AZ Alkmaar,0.0,4.0,A,0.0,2.0,A,2.5,3.4,2.7,2.35,3.3,2.7,2.35,3.3,2.7,2.5,3.2,2.5,2.37,3.4,2.5,2.52,3.8,2.74,2.5,3.4,2.5,2.4,3.3,2.75,2.5,3.8,2.7,2.5,3.4,2.6,40.0,2.57,2.46,3.8,3.46,2.82,2.68,28.0,1.55,1.46,2.76,2.59,23.0,0.0,1.92,1.87,2.03,1.97,2.41,3.72,2.91
N1,13/04/13,Roda,Vitesse,3.0,3.0,D,0.0,2.0,A,3.8,3.6,1.91,3.4,3.5,1.91,3.4,3.5,1.91,4.3,3.4,1.7,3.5,3.5,1.9,3.72,3.7,2.04,3.4,3.5,1.95,3.75,3.4,1.95,3.75,3.7,1.95,4.2,3.5,1.8,40.0,4.3,3.75,3.7,3.45,2.05,1.94,26.0,1.7,1.63,2.38,2.19,20.0,0.5,1.93,1.9,2.04,1.98,3.62,3.8,2.06
N1,02/03/13,PSV Eindhoven,VVV Venlo,2.0,0.0,H,1.0,0.0,H,1.1,10.0,17.0,1.1,8.0,15.0,1.1,8.0,15.0,1.12,6.5,14.0,1.1,7.0,13.0,,,,1.1,8.0,17.0,1.13,9.0,13.0,1.13,10.0,17.0,1.1,9.0,17.0,40.0,1.13,1.12,10.5,8.77,25.0,14.94,27.0,1.3,1.24,4.35,3.71,18.0,-2.5,2.02,1.96,1.94,1.88,1.13,10.0,19.0
N1,20/04/13,Groningen,Den Haag,2.0,1.0,H,2.0,0.0,H,1.7,3.8,4.75,1.72,3.5,4.33,1.72,3.5,4.33,1.7,3.4,4.3,1.72,3.6,4.5,1.7,4.0,5.2,1.73,3.5,4.5,1.73,3.5,5.0,1.7,4.0,4.75,1.73,3.6,4.5,39.0,1.74,1.71,4.0,3.61,5.3,4.73,26.0,1.76,1.67,2.24,2.12,19.0,-0.5,1.73,1.7,2.27,2.21,1.62,4.09,6.1
N1,17/03/13,AZ Alkmaar,Ajax,2.0,3.0,A,0.0,2.0,A,4.0,3.75,1.83,4.5,3.6,1.67,4.5,3.6,1.67,4.0,3.5,1.75,3.75,3.25,1.8,4.61,3.79,1.82,4.0,3.5,1.8,4.33,3.5,1.83,4.6,3.75,1.8,4.2,3.5,1.8,39.0,4.65,4.25,3.85,3.52,1.85,1.8,27.0,1.72,1.63,2.36,2.17,19.0,0.5,2.12,2.07,1.85,1.81,5.04,3.89,1.76
N1,20/10/12,AZ Alkmaar,Nijmegen,0.0,2.0,A,0.0,2.0,A,1.57,4.0,5.75,1.6,3.75,4.75,1.6,3.75,4.75,1.55,3.7,5.0,1.57,3.6,5.0,1.7,4.11,5.05,1.61,3.6,5.0,1.62,4.0,5.0,1.65,4.0,5.5,1.62,3.8,5.0,34.0,1.71,1.63,4.25,3.84,5.75,5.04,21.0,1.6,1.52,2.6,2.44,19.0,-1.0,2.22,2.14,1.84,1.75,1.58,4.46,5.9
N1,02/09/12,Heerenveen,Ajax,2.0,2.0,D,2.0,1.0,H,5.5,4.33,1.53,5.25,4.2,1.48,5.25,4.2,1.48,5.0,3.7,1.55,5.0,4.0,1.5,6.1,4.7,1.53,4.8,4.0,1.57,5.5,4.33,1.53,6.0,4.6,1.53,5.0,4.0,1.57,37.0,6.2,5.47,4.7,4.21,1.57,1.53,16.0,1.4,1.35,3.25,3.03,19.0,1.0,2.06,2.0,1.91,1.86,4.95,4.18,1.71
N1,07/10/12,PSV Eindhoven,NAC Breda,4.0,0.0,H,2.0,0.0,H,1.17,7.0,15.0,1.12,7.5,13.5,1.12,7.5,13.5,1.12,6.5,13.0,1.11,7.0,13.0,,,,1.12,7.0,15.0,1.14,7.5,15.0,1.15,8.5,17.0,1.14,7.0,15.0,31.0,1.17,1.13,11.0,7.54,21.0,15.54,20.0,1.25,1.22,4.6,4.03,16.0,-2.5,1.89,1.85,2.1,2.01,1.11,11.62,22.29
N1,26/08/12,Groningen,PSV Eindhoven,1.0,3.0,A,0.0,1.0,A,6.0,4.33,1.5,5.25,4.25,1.6,5.25,4.25,1.6,5.0,3.6,1.55,5.5,3.8,1.5,6.34,4.57,1.53,5.5,3.6,1.5,6.0,4.33,1.5,6.25,4.5,1.53,6.0,4.0,1.5,35.0,6.7,5.66,4.6,4.09,1.56,1.52,23.0,1.55,1.48,2.65,2.55,16.0,1.0,2.1,1.98,1.92,1.87,6.12,4.62,1.55
N1,31/03/13,Vitesse,Zwolle,2.0,1.0,H,2.0,0.0,H,1.44,4.33,7.0,1.4,4.33,6.5,1.4,4.33,6.5,1.4,4.0,6.5,1.4,4.33,7.0,1.51,4.5,6.84,1.36,4.5,7.0,1.44,4.33,6.25,1.5,4.5,7.0,1.4,4.5,7.0,38.0,1.53,1.46,4.6,4.31,7.5,6.44,25.0,1.59,1.51,2.6,2.42,19.0,-1.0,1.86,1.82,2.12,2.05,1.55,4.49,6.38
N1,01/12/12,Feyenoord,Waalwijk,2.0,0.0,H,1.0,0.0,H,1.4,4.5,7.5,1.45,3.9,6.5,1.45,3.9,6.5,1.4,4.0,6.5,1.4,4.0,6.5,1.41,5.2,7.88,1.4,4.33,6.5,1.4,4.33,7.5,1.4,5.0,7.5,1.4,4.5,7.0,40.0,1.45,1.4,5.2,4.49,8.1,6.95,24.0,1.48,1.41,2.8,2.71,20.0,-1.25,1.91,1.87,2.05,2.01,1.45,4.8,7.92
N1,27/01/13,Nijmegen,Groningen,2.0,1.0,H,1.0,0.0,H,1.91,3.4,4.0,1.9,3.4,3.6,1.9,3.4,3.6,1.9,3.3,3.5,1.9,3.3,3.8,1.99,3.64,3.95,1.91,3.5,3.5,1.95,3.5,3.75,1.95,3.6,4.0,1.91,3.5,3.75,35.0,1.99,1.93,3.65,3.47,4.25,3.72,33.0,1.9,1.8,2.06,1.98,14.0,-0.5,1.99,1.96,1.94,1.92,2.04,3.72,3.7
N1,18/11/12,Feyenoord,Willem II,3.0,0.0,H,1.0,0.0,H,1.18,7.0,13.0,1.18,6.25,11.0,1.18,6.25,11.0,1.17,6.0,13.0,1.12,6.5,12.0,,,,1.12,7.0,15.0,1.18,7.0,13.0,1.18,8.0,15.0,1.17,7.0,13.0,37.0,1.18,1.15,7.8,7.17,26.0,13.99,22.0,1.33,1.28,4.0,3.49,17.0,-2.0,1.74,1.71,2.3,2.21,1.14,10.25,18.25
N1,01/12/12,Willem II,Heerenveen,3.0,1.0,H,1.0,0.0,H,4.2,3.5,1.83,4.0,3.4,1.8,4.0,3.4,1.8,3.9,3.3,1.8,3.8,3.4,1.8,4.02,4.02,1.88,4.33,3.5,1.73,4.5,3.4,1.83,4.2,3.9,1.83,4.0,3.5,1.83,39.0,4.5,4.07,4.05,3.57,1.88,1.82,24.0,1.48,1.42,2.85,2.71,19.0,0.75,1.82,1.79,2.13,2.09,4.16,4.24,1.83
N1,28/04/13,Twente,Nijmegen,5.0,2.0,H,2.0,0.0,H,1.36,5.0,7.5,1.36,4.2,7.75,1.36,4.2,7.75,1.45,3.9,6.0,1.36,4.33,6.5,1.41,4.95,8.19,1.4,4.5,6.5,1.36,4.5,7.5,1.4,5.0,8.5,1.44,4.33,6.5,41.0,1.45,1.39,5.0,4.71,8.5,7.07,26.0,1.57,1.52,2.55,2.41,20.0,-1.25,1.89,1.86,2.05,2.01,1.34,5.62,9.97
N1,17/11/12,Groningen,AZ Alkmaar,1.0,1.0,D,0.0,0.0,D,2.9,3.3,2.4,2.75,3.3,2.3,2.75,3.3,2.3,2.5,3.3,2.4,2.62,3.2,2.3,2.97,3.47,2.46,2.6,3.4,2.4,2.8,3.4,2.38,2.9,3.4,2.45,2.75,3.3,2.4,38.0,2.92,2.79,3.6,3.34,2.52,2.41,25.0,1.78,1.64,2.26,2.18,19.0,0.0,2.16,2.08,1.82,1.78,2.7,3.63,2.64
N1,05/05/13,Ajax,Willem II,5.0,0.0,H,2.0,0.0,H,1.08,10.0,23.0,1.06,9.75,18.5,1.06,9.75,18.5,1.05,9.0,20.0,1.06,9.0,21.0,,,,1.05,10.0,26.0,1.07,10.0,21.0,1.07,10.0,31.0,1.07,10.0,21.0,29.0,1.08,1.07,11.0,10.13,31.0,22.85,14.0,1.22,1.2,4.6,4.13,4.0,-3.0,1.99,1.92,1.89,1.87,,,
N1,18/08/12,Zwolle,Vitesse,0.0,1.0,A,0.0,0.0,D,3.25,3.6,2.1,3.2,3.3,2.05,3.2,3.3,2.05,3.1,3.2,2.1,3.0,3.25,2.1,3.21,3.57,2.31,3.0,3.4,2.15,3.0,3.4,2.25,3.2,3.5,2.3,3.25,3.4,2.05,37.0,3.4,3.12,3.6,3.37,2.34,2.19,29.0,1.8,1.71,2.2,2.1,17.0,0.25,1.94,1.89,2.02,1.98,3.43,3.55,2.21
N1,02/12/12,Vitesse,Roda,3.0,0.0,H,2.0,0.0,H,1.22,6.5,11.0,1.2,6.0,10.0,1.2,6.0,10.0,1.2,5.2,11.0,1.2,5.5,9.0,1.24,6.73,13.25,1.2,6.0,11.0,1.25,5.8,9.5,1.25,6.5,13.0,1.2,6.5,11.0,40.0,1.28,1.24,6.73,5.8,14.0,10.48,24.0,1.43,1.39,3.0,2.84,20.0,-1.75,2.06,2.01,1.97,1.87,1.33,5.85,9.85
N1,04/11/12,NAC Breda,Waalwijk,2.0,1.0,H,2.0,1.0,H,2.25,3.5,3.0,2.25,3.3,2.85,2.25,3.3,2.85,2.2,3.2,2.9,2.2,3.2,2.8,2.37,3.51,3.1,2.25,3.4,2.88,2.3,3.3,3.0,2.38,3.5,3.0,2.25,3.4,2.88,36.0,2.4,2.3,3.51,3.32,3.15,2.96,31.0,1.86,1.77,2.11,2.02,18.0,-0.25,2.04,1.99,1.93,1.88,2.5,3.49,2.96
N1,11/08/12,Heracles,VVV Venlo,1.0,1.0,D,1.0,1.0,D,1.4,4.5,8.0,1.4,4.5,7.0,1.4,4.5,7.0,1.4,4.0,6.5,1.33,4.33,7.0,1.38,5.28,8.85,1.4,4.5,6.5,1.4,4.5,8.0,1.36,5.2,8.5,1.36,4.5,8.0,38.0,1.4,1.37,5.34,4.59,8.85,7.79,21.0,1.62,1.53,2.56,2.39,19.0,-1.25,1.88,1.8,2.11,2.06,1.32,6.01,9.91
N1,15/09/12,Feyenoord,Zwolle,2.0,0.0,H,0.0,0.0,D,1.25,6.0,10.0,1.26,5.0,9.5,1.26,5.0,9.5,1.22,5.2,10.0,1.22,5.0,10.0,1.25,6.35,13.41,1.22,6.0,10.0,1.27,5.5,11.0,1.25,6.25,13.0,1.25,5.4,11.0,38.0,1.29,1.24,6.35,5.52,13.41,10.95,24.0,1.55,1.47,2.7,2.55,19.0,-1.5,1.77,1.71,2.27,2.17,1.24,6.7,14.67
N1,01/09/12,NAC Breda,Utrecht,1.0,1.0,D,1.0,0.0,H,2.3,3.3,3.1,2.2,3.25,2.95,2.2,3.25,2.95,2.2,3.2,2.9,2.25,3.2,2.75,2.45,3.52,2.95,2.2,3.4,2.88,2.4,3.25,2.88,2.4,3.4,3.0,2.38,3.3,2.8,38.0,2.47,2.37,3.52,3.3,3.1,2.85,29.0,1.85,1.74,2.14,2.05,18.0,-0.25,2.13,2.09,1.82,1.79,2.48,3.58,2.93
N1,20/04/13,Heracles,Waalwijk,4.0,0.0,H,1.0,0.0,H,2.0,3.6,3.5,1.9,3.5,3.5,1.9,3.5,3.5,1.9,3.3,3.5,1.95,3.5,3.5,2.0,3.56,4.01,1.95,3.5,3.5,1.95,3.5,3.5,2.0,3.6,3.7,1.95,3.5,3.6,39.0,2.03,1.97,3.65,3.46,4.01,3.58,26.0,1.71,1.61,2.36,2.21,19.0,-0.5,2.04,2.0,1.92,1.88,1.93,3.61,4.37
N1,21/09/12,Roda,Utrecht,0.0,1.0,A,0.0,1.0,A,2.4,3.6,2.7,2.25,3.3,2.85,2.25,3.3,2.85,2.1,3.2,3.1,2.1,3.25,3.0,2.52,3.69,2.76,2.4,3.4,2.62,2.5,3.3,2.75,2.4,3.6,2.9,2.2,3.4,3.0,38.0,2.55,2.4,3.75,3.38,3.0,2.76,31.0,1.82,1.71,2.23,2.1,18.0,-0.25,2.25,2.18,1.76,1.72,2.82,3.5,2.59
N1,23/12/12,Feyenoord,Groningen,2.0,1.0,H,0.0,0.0,D,1.36,4.75,8.5,1.42,4.25,6.25,1.42,4.25,6.25,1.35,4.2,7.5,1.33,4.33,7.0,1.38,5.27,8.6,1.33,4.5,8.0,1.36,4.5,8.5,1.36,5.0,9.0,1.33,4.75,8.5,40.0,1.38,1.35,5.3,4.66,9.8,8.04,28.0,1.57,1.5,2.6,2.46,18.0,-1.5,2.13,2.04,1.87,1.83,1.38,5.37,8.78
N1,24/11/12,Waalwijk,Groningen,1.0,1.0,D,0.0,1.0,A,2.05,3.5,3.4,1.91,3.4,3.5,1.91,3.4,3.5,1.9,3.3,3.5,2.0,3.2,3.25,2.07,3.61,3.7,2.0,3.25,3.2,2.05,3.3,3.6,2.1,3.5,3.6,2.0,3.3,3.5,39.0,2.11,2.03,3.65,3.33,3.8,3.54,36.0,1.9,1.8,2.12,1.99,16.0,-0.5,2.12,2.07,1.85,1.82,1.96,3.98,3.78
N1,02/09/12,Twente,VVV Venlo,1.0,0.0,H,0.0,0.0,D,1.14,8.0,15.0,1.12,7.25,14.5,1.12,7.25,14.5,1.12,6.5,13.0,1.11,7.0,13.0,,,,1.1,8.0,17.0,1.13,7.5,19.0,1.13,10.0,21.0,1.11,8.0,17.0,37.0,1.14,1.13,10.0,7.8,26.0,17.02,16.0,1.3,1.24,4.2,3.87,16.0,-2.5,2.0,1.96,2.02,1.9,,,
N1,27/04/13,Roda,Waalwijk,3.0,1.0,H,0.0,0.0,D,2.1,3.4,3.4,1.9,3.4,3.6,1.9,3.4,3.6,1.9,3.3,3.5,2.0,3.3,3.1,2.15,3.58,3.5,1.95,3.5,3.4,2.05,3.4,3.3,2.1,3.5,3.5,2.0,3.4,3.5,41.0,2.15,2.06,3.6,3.4,3.65,3.4,38.0,1.89,1.82,2.04,1.97,21.0,-0.5,2.17,2.09,1.83,1.8,2.33,3.49,3.21
N1,16/02/13,NAC Breda,Heracles,1.0,1.0,D,0.0,1.0,A,2.2,3.6,3.0,2.15,3.4,2.95,2.15,3.4,2.95,2.1,3.3,3.0,2.2,3.4,2.9,2.25,3.79,3.1,2.2,3.5,2.8,2.2,3.5,3.13,2.25,3.7,3.0,2.2,3.4,3.0,38.0,2.3,2.2,3.79,3.45,3.3,3.04,22.0,1.57,1.5,2.64,2.47,17.0,-0.25,2.01,1.97,1.94,1.91,2.56,3.57,2.82
N1,19/01/13,AZ Alkmaar,Vitesse,4.0,1.0,H,0.0,0.0,D,2.2,3.4,3.2,2.15,3.4,2.95,2.15,3.4,2.95,2.3,3.2,2.7,2.2,3.3,2.87,2.15,3.6,3.48,2.2,3.4,2.88,2.2,3.4,3.2,2.15,3.5,3.4,2.1,3.4,3.1,40.0,2.3,2.18,3.6,3.38,3.48,3.15,38.0,1.85,1.76,2.15,2.03,17.0,-0.25,1.96,1.9,2.03,1.98,1.94,3.63,4.24
N1,28/10/12,Vitesse,AZ Alkmaar,1.0,2.0,A,0.0,1.0,A,2.1,3.5,3.25,2.0,3.5,3.2,2.0,3.5,3.2,2.0,3.3,3.2,2.0,3.4,3.0,2.18,3.69,3.33,2.0,3.6,3.2,2.1,3.5,3.3,2.15,3.6,3.3,2.0,3.5,3.3,36.0,2.19,2.09,3.75,3.48,3.6,3.25,23.0,1.67,1.57,2.43,2.31,13.0,-0.5,2.2,2.15,1.81,1.75,2.19,3.46,3.57
N1,30/09/12,VVV Venlo,PSV Eindhoven,0.0,6.0,A,0.0,2.0,A,9.5,5.5,1.29,8.75,4.6,1.3,8.75,4.6,1.3,9.0,4.6,1.27,8.5,5.0,1.25,11.26,6.19,1.28,8.0,5.5,1.29,9.0,5.25,1.3,11.0,6.0,1.29,9.0,5.4,1.29,38.0,12.0,9.53,6.06,5.4,1.32,1.28,20.0,1.4,1.38,3.1,2.87,21.0,1.5,2.18,2.12,1.82,1.75,10.99,6.74,1.27
N1,30/03/13,Heerenveen,Feyenoord,2.0,0.0,H,0.0,0.0,D,3.0,3.5,2.25,2.9,3.2,2.25,2.9,3.2,2.25,3.3,3.2,2.0,3.2,3.4,2.1,3.1,3.72,2.28,3.3,3.4,2.0,3.13,3.4,2.2,3.1,3.7,2.25,3.2,3.4,2.1,37.0,3.3,3.05,3.75,3.44,2.33,2.2,25.0,1.61,1.53,2.54,2.37,17.0,0.5,1.72,1.68,2.29,2.24,3.17,3.54,2.34
N1,02/09/12,PSV Eindhoven,AZ Alkmaar,5.0,1.0,H,1.0,1.0,D,1.4,4.5,8.0,1.57,4.1,6.0,1.57,4.1,6.0,1.5,3.9,5.2,1.4,4.0,6.5,1.5,4.61,6.77,1.44,4.2,6.0,1.44,4.33,7.0,1.45,4.5,7.5,1.44,4.2,6.5,38.0,1.5,1.44,4.75,4.3,8.0,6.65,20.0,1.5,1.45,2.7,2.59,17.0,-1.0,1.74,1.68,2.31,2.23,1.41,4.91,8.78
N1,12/08/12,Vitesse,Den Haag,2.0,2.0,D,0.0,0.0,D,1.44,4.5,7.0,1.45,4.25,6.5,1.45,4.25,6.5,1.45,4.0,5.5,1.4,4.0,6.0,1.5,4.68,7.01,1.5,4.2,5.5,1.5,4.0,6.25,1.5,4.6,6.5,1.44,4.33,6.5,38.0,1.52,1.47,4.68,4.2,7.01,6.37,22.0,1.67,1.54,2.46,2.36,19.0,-1.25,2.18,2.12,1.8,1.76,1.5,4.59,7.33
N1,26/08/12,Nijmegen,Twente,1.0,3.0,A,0.0,3.0,A,4.0,3.5,1.91,3.9,3.4,1.83,3.9,3.4,1.83,4.0,3.4,1.75,3.6,3.4,1.83,4.07,3.79,1.92,3.6,3.4,1.8,4.0,3.6,1.83,4.0,3.7,1.92,4.0,3.5,1.83,35.0,4.2,3.79,3.75,3.48,2.04,1.89,29.0,1.77,1.69,2.22,2.12,14.0,0.5,1.9,1.86,2.04,1.99,3.62,3.58,2.13
N1,07/04/13,Utrecht,Den Haag,1.0,0.0,H,0.0,0.0,D,1.57,4.0,5.5,1.62,3.75,4.6,1.62,3.75,4.6,1.6,3.6,4.8,1.57,4.0,5.0,1.6,4.26,5.85,1.57,4.0,5.0,1.57,3.8,5.75,1.55,4.1,5.2,1.62,3.75,5.0,39.0,1.67,1.59,4.3,3.86,5.9,5.38,25.0,1.7,1.63,2.36,2.18,21.0,-1.0,2.06,2.02,1.9,1.86,1.58,4.38,6.04
N1,27/10/12,Den Haag,Willem II,2.0,0.0,H,0.0,0.0,D,1.57,4.1,5.5,1.6,3.8,4.75,1.6,3.8,4.75,1.55,3.7,5.0,1.53,3.75,5.0,1.57,4.3,6.17,1.6,4.0,4.75,1.57,4.0,5.5,1.57,4.2,6.0,1.57,4.0,5.0,37.0,1.6,1.56,4.35,4.0,6.19,5.45,23.0,1.6,1.52,2.55,2.43,20.0,-1.0,2.02,1.92,1.99,1.94,1.47,4.71,7.52
N1,31/08/12,Den Haag,Groningen,0.0,1.0,A,0.0,1.0,A,1.95,3.6,3.6,1.91,3.4,3.5,1.91,3.4,3.5,2.0,3.3,3.2,1.91,3.25,3.4,2.0,3.75,3.78,1.91,3.5,3.5,2.0,3.5,3.5,2.0,3.7,3.75,2.0,3.5,3.4,39.0,2.0,1.96,3.85,3.5,3.8,3.59,22.0,1.63,1.56,2.51,2.36,19.0,-0.25,1.75,1.7,2.28,2.22,2.25,3.71,3.22
N1,27/04/13,PSV Eindhoven,Groningen,5.0,2.0,H,5.0,0.0,H,1.17,7.5,13.0,1.15,6.75,12.0,1.15,6.75,12.0,1.18,5.7,12.0,1.16,6.0,11.0,,,,1.2,6.0,11.0,1.18,6.25,12.0,1.18,7.5,17.0,1.17,6.5,15.0,40.0,1.2,1.18,8.0,6.62,18.0,13.17,24.0,1.33,1.27,3.85,3.47,19.0,-2.0,1.8,1.75,2.22,2.14,1.15,8.5,19.62
N1,14/04/13,PSV Eindhoven,Ajax,2.0,3.0,A,1.0,1.0,D,2.2,3.6,3.0,2.2,3.5,2.8,2.2,3.5,2.8,2.0,3.2,3.3,2.1,3.4,3.1,2.21,3.69,3.27,2.2,3.3,3.0,2.1,3.4,3.13,2.2,3.6,3.2,2.2,3.4,3.0,40.0,2.26,2.17,3.7,3.42,3.35,3.11,25.0,1.59,1.52,2.6,2.4,20.0,-0.5,2.23,2.19,1.76,1.72,2.0,3.54,4.13
N1,11/11/12,PSV Eindhoven,Heerenveen,5.0,1.0,H,1.0,1.0,D,1.29,6.0,8.5,1.28,4.75,9.0,1.28,4.75,9.0,1.25,5.0,9.0,1.25,5.0,8.0,,,,1.25,5.5,9.0,1.29,5.75,9.0,1.3,6.0,9.0,1.29,5.0,9.0,37.0,1.3,1.27,6.5,5.6,13.0,9.18,20.0,1.3,1.25,3.35,3.73,17.0,-1.75,1.87,1.84,2.08,2.04,1.21,7.7,14.31
N1,17/11/12,Zwolle,NAC Breda,2.0,0.0,H,0.0,0.0,D,2.0,3.5,3.6,2.0,3.4,3.25,2.0,3.4,3.25,2.0,3.2,3.3,1.91,3.25,3.5,2.01,3.68,3.84,2.0,3.4,3.3,2.0,3.4,3.6,2.0,3.6,3.8,2.0,3.4,3.5,38.0,2.06,1.97,3.7,3.43,3.84,3.63,27.0,1.79,1.69,2.25,2.12,15.0,-0.25,1.8,1.73,2.21,2.18,1.9,3.83,4.2
N1,30/11/12,Zwolle,VVV Venlo,0.0,0.0,D,0.0,0.0,D,1.73,3.6,4.75,1.8,3.5,3.9,1.8,3.5,3.9,1.8,3.3,3.9,1.73,3.4,4.0,1.82,3.76,4.65,1.8,3.4,4.0,1.8,3.5,4.5,1.8,3.75,4.6,1.8,3.5,4.2,40.0,1.85,1.78,4.0,3.59,4.75,4.32,34.0,1.67,1.6,2.42,2.28,20.0,-0.75,2.04,1.99,1.94,1.89,1.83,3.99,4.37
N1,30/03/13,Willem II,Groningen,1.0,2.0,A,1.0,0.0,H,2.88,3.4,2.38,2.95,3.25,2.2,2.95,3.25,2.2,2.9,3.2,2.2,3.1,3.3,2.2,3.29,3.39,2.32,2.8,3.5,2.2,3.13,3.4,2.2,3.25,3.3,2.38,3.0,3.4,2.2,37.0,3.29,3.05,3.55,3.3,2.38,2.26,34.0,2.03,1.93,1.95,1.85,19.0,0.25,1.92,1.88,2.04,1.99,3.28,3.48,2.31
N1,05/05/13,PSV Eindhoven,Nijmegen,4.0,2.0,H,2.0,0.0,H,1.14,8.0,15.0,1.11,8.0,13.5,1.11,8.0,13.5,1.12,6.5,14.0,1.12,7.0,13.0,,,,1.12,7.0,15.0,1.14,8.0,13.0,1.12,9.5,18.0,1.14,7.0,15.0,39.0,1.14,1.12,10.5,8.49,24.0,14.34,20.0,1.25,1.2,4.8,4.2,21.0,-2.25,1.74,1.7,2.3,2.23,1.09,13.27,24.79
N1,05/05/13,NAC Breda,Roda,5.0,3.0,H,1.0,2.0,A,2.2,3.4,3.2,2.0,3.4,3.25,2.0,3.4,3.25,1.9,3.5,3.3,2.0,3.4,3.2,2.27,3.64,3.18,2.0,3.6,3.2,2.1,3.4,3.13,2.2,3.6,3.25,2.0,3.5,3.4,40.0,2.27,2.15,3.64,3.38,3.4,3.2,26.0,1.69,1.6,2.44,2.24,18.0,-0.25,1.98,1.91,1.98,1.95,2.1,3.48,3.38
N1,30/03/13,Twente,NAC Breda,1.0,1.0,D,0.0,0.0,D,1.4,4.5,8.0,1.4,4.2,6.75,1.4,4.2,6.75,1.4,4.0,6.5,1.36,4.5,8.0,1.39,4.98,9.24,1.33,4.5,8.0,1.36,4.5,8.5,1.4,5.0,9.0,1.36,4.5,8.0,37.0,1.4,1.37,5.0,4.5,9.9,8.26,25.0,1.76,1.67,2.25,2.11,20.0,-1.5,2.13,2.07,1.87,1.8,1.36,5.35,9.9
N1,24/11/12,Nijmegen,Utrecht,2.0,0.0,H,2.0,0.0,H,2.63,3.4,2.6,2.45,3.2,2.65,2.45,3.2,2.65,2.4,3.2,2.65,2.4,3.25,2.5,2.69,3.5,2.69,2.5,3.3,2.4,2.6,3.4,2.6,2.7,3.4,2.62,2.5,3.4,2.6,35.0,2.75,2.61,3.6,3.36,2.88,2.56,23.0,1.72,1.64,2.3,2.18,20.0,0.0,2.0,1.95,1.98,1.91,2.72,3.55,2.67
N1,03/11/12,Ajax,Vitesse,0.0,2.0,A,0.0,1.0,A,1.4,4.75,7.0,1.45,4.1,6.0,1.45,4.1,6.0,1.4,4.0,6.5,1.4,4.33,6.0,1.44,4.99,7.39,1.4,4.75,6.0,1.44,4.5,6.5,1.44,5.0,7.0,1.4,4.33,7.0,36.0,1.46,1.42,5.0,4.54,8.0,6.7,20.0,1.43,1.36,3.1,2.93,18.0,-1.25,1.97,1.92,1.99,1.95,1.41,5.5,7.52
N1,31/03/13,Ajax,Nijmegen,4.0,1.0,H,2.0,0.0,H,1.22,6.5,11.0,1.2,6.0,10.0,1.2,6.0,10.0,1.17,5.7,12.0,1.2,6.0,12.0,1.22,7.19,14.66,1.2,5.5,13.0,1.22,5.8,12.0,1.22,7.0,15.0,1.2,6.5,11.0,38.0,1.23,1.2,7.3,6.22,15.14,12.4,23.0,1.46,1.38,3.0,2.86,18.0,-1.75,1.77,1.73,2.23,2.16,1.2,7.71,16.18
N1,12/05/13,Feyenoord,NAC Breda,1.0,0.0,H,0.0,0.0,D,1.29,5.2,8.0,1.3,5.0,7.5,1.3,5.0,7.5,1.25,5.2,8.2,1.28,4.5,8.0,,,,1.33,5.0,8.5,1.3,5.0,8.0,1.4,4.75,9.5,1.3,5.0,8.5,26.0,1.4,1.31,5.5,5.12,10.0,8.41,9.0,1.45,1.44,2.75,2.62,3.0,-1.5,1.99,1.92,1.87,1.83,1.24,6.8,12.8
N1,16/03/13,Nijmegen,Heerenveen,1.0,3.0,A,0.0,0.0,D,2.1,3.4,3.4,2.15,3.3,3.0,2.15,3.3,3.0,2.1,3.3,3.0,2.0,3.4,3.0,2.17,3.69,3.35,2.1,3.5,3.0,2.1,3.5,3.2,2.15,3.6,3.3,2.1,3.4,3.2,39.0,2.21,2.15,3.75,3.44,3.35,3.13,26.0,1.6,1.53,2.55,2.37,19.0,-0.5,2.23,2.17,1.77,1.72,2.35,3.78,2.98
N1,27/10/12,Nijmegen,Roda,0.0,0.0,D,0.0,0.0,D,1.62,4.1,5.0,1.57,3.9,4.75,1.57,3.9,4.75,1.55,3.7,5.0,1.57,3.6,5.0,1.65,4.22,5.31,1.57,4.2,4.6,1.62,3.8,5.25,1.65,4.1,5.5,1.57,4.0,5.0,37.0,1.67,1.61,4.33,3.91,6.0,5.13,23.0,1.6,1.53,2.55,2.41,20.0,-1.0,2.14,2.08,1.91,1.8,1.61,4.38,5.73
N1,16/09/12,Groningen,Vitesse,0.0,3.0,A,0.0,0.0,D,2.5,3.4,2.7,2.65,3.25,2.4,2.65,3.25,2.4,2.5,3.2,2.5,2.5,3.2,2.5,2.69,3.4,2.75,2.5,3.25,2.6,2.6,3.3,2.6,2.7,3.4,2.7,2.5,3.3,2.62,38.0,2.7,2.57,3.4,3.28,2.76,2.61,33.0,1.94,1.85,2.0,1.94,21.0,0.0,1.96,1.9,2.0,1.93,2.42,3.67,2.94
N1,16/12/12,Willem II,Ajax,2.0,4.0,A,2.0,2.0,D,12.0,5.5,1.25,10.0,5.0,1.25,10.0,5.0,1.25,10.0,5.0,1.22,10.0,5.0,1.22,12.5,6.51,1.26,9.5,6.0,1.22,11.0,5.5,1.25,12.0,6.25,1.25,10.0,5.5,1.25,39.0,12.9,11.0,7.0,5.79,1.26,1.24,24.0,1.4,1.36,3.1,2.95,18.0,1.75,2.04,1.99,1.92,1.89,12.21,7.26,1.24
N1,29/09/12,Ajax,Twente,1.0,0.0,H,0.0,0.0,D,1.8,3.8,4.0,1.91,3.8,4.0,1.91,3.8,4.0,1.8,3.3,3.8,1.73,3.4,4.0,1.79,4.02,4.51,1.73,3.4,4.5,1.8,3.6,4.33,1.8,3.9,4.5,1.8,3.5,4.2,38.0,1.8,1.77,4.02,3.64,4.55,4.26,23.0,1.62,1.54,2.6,2.39,19.0,-0.75,2.02,1.97,1.94,1.89,1.76,4.36,4.37
N1,03/03/13,Den Haag,Heracles,3.0,1.0,H,0.0,0.0,D,2.25,3.5,3.0,2.1,3.4,3.0,2.1,3.4,3.0,2.0,3.2,3.3,2.2,3.2,2.8,2.32,3.69,3.05,2.2,3.5,2.8,2.2,3.5,3.0,2.3,3.7,3.0,2.2,3.4,3.0,41.0,2.35,2.24,3.69,3.49,3.3,2.93,30.0,1.6,1.52,2.6,2.4,21.0,-0.25,2.06,2.02,1.89,1.86,2.59,3.58,2.79
N1,01/12/12,Ajax,PSV Eindhoven,3.0,1.0,H,1.0,1.0,D,2.38,3.4,2.88,2.35,3.3,2.7,2.35,3.3,2.7,2.3,3.3,2.7,2.3,3.2,2.62,2.54,3.71,2.73,2.5,3.1,2.9,2.38,3.6,2.75,2.45,3.6,2.8,2.38,3.3,2.8,40.0,2.54,2.42,3.71,3.37,2.9,2.74,24.0,1.58,1.49,2.65,2.52,21.0,0.0,1.89,1.84,2.06,2.01,2.47,3.62,2.89
N1,17/02/13,Zwolle,Feyenoord,3.0,2.0,H,2.0,2.0,D,4.2,3.6,1.83,4.0,3.6,1.75,4.0,3.6,1.75,3.9,3.5,1.75,4.2,3.3,1.8,4.54,3.67,1.86,4.0,3.75,1.73,4.0,3.6,1.8,4.5,3.7,1.83,4.2,3.5,1.8,38.0,4.9,4.2,3.75,3.56,1.86,1.79,34.0,1.82,1.73,2.2,2.08,18.0,0.5,2.09,2.05,1.86,1.83,4.54,3.7,1.87
N1,21/10/12,Waalwijk,Zwolle,1.0,2.0,A,0.0,1.0,A,1.57,3.9,6.0,1.55,3.6,5.75,1.55,3.6,5.75,1.5,3.9,5.2,1.53,3.6,5.5,1.6,4.23,6.0,1.53,3.8,5.5,1.57,3.8,6.0,1.57,4.2,6.0,1.53,3.8,6.0,35.0,1.6,1.56,4.27,3.87,6.5,5.83,23.0,1.81,1.71,2.22,2.09,19.0,-1.0,2.08,2.02,1.94,1.84,1.54,4.29,7.04
N1,07/10/12,Groningen,Feyenoord,2.0,2.0,D,2.0,1.0,H,3.2,3.4,2.2,3.25,3.5,2.25,3.25,3.5,2.25,2.9,3.2,2.2,2.88,3.25,2.2,3.28,3.62,2.23,2.8,3.4,2.25,3.0,3.4,2.3,3.25,3.6,2.2,2.88,3.4,2.3,37.0,3.26,3.07,3.63,3.36,2.3,2.21,22.0,1.69,1.6,2.36,2.24,17.0,0.5,1.76,1.71,2.24,2.12,3.08,3.62,2.35
N1,17/02/13,Den Haag,Heerenveen,2.0,1.0,H,2.0,1.0,H,2.25,3.5,3.0,2.2,3.2,3.0,2.2,3.2,3.0,2.1,3.3,3.0,2.25,3.4,2.8,2.42,3.64,2.91,2.25,3.5,2.75,2.25,3.4,3.0,2.38,3.6,2.9,2.25,3.4,2.88,38.0,2.42,2.29,3.65,3.42,3.05,2.88,25.0,1.6,1.53,2.56,2.38,20.0,0.0,1.79,1.73,2.19,2.13,2.5,3.57,2.89
N1,16/02/13,PSV Eindhoven,Utrecht,2.0,1.0,H,1.0,1.0,D,1.25,6.0,10.0,1.22,5.75,9.0,1.22,5.75,9.0,1.25,4.8,9.5,1.22,6.0,9.5,1.28,6.38,10.75,1.22,6.0,10.0,1.25,5.8,10.0,1.29,6.25,10.5,1.25,5.5,10.0,37.0,1.29,1.24,6.4,5.91,11.5,10.21,22.0,1.39,1.34,3.4,3.11,19.0,-1.75,1.9,1.85,2.08,2.02,1.23,7.31,13.33
N1,25/11/12,AZ Alkmaar,Feyenoord,0.0,2.0,A,0.0,0.0,D,2.25,3.5,3.0,2.15,3.3,3.0,2.15,3.3,3.0,2.2,3.2,2.9,2.2,3.2,2.88,2.28,3.64,3.16,2.1,3.4,2.88,2.2,3.6,3.0,2.25,3.6,3.12,2.2,3.3,3.0,39.0,2.28,2.21,3.64,3.39,3.3,3.04,26.0,1.69,1.61,2.36,2.21,20.0,-0.25,1.99,1.95,1.96,1.93,2.71,3.45,2.72
N1,24/11/12,VVV Venlo,Heerenveen,1.0,1.0,D,0.0,0.0,D,3.1,3.6,2.15,3.2,3.2,2.1,3.2,3.2,2.1,3.2,3.3,2.0,3.0,3.25,2.1,3.15,3.65,2.28,2.62,3.75,2.1,3.13,3.4,2.2,3.1,3.7,2.25,3.2,3.3,2.1,39.0,3.4,3.08,3.75,3.45,2.28,2.17,23.0,1.41,1.38,3.05,2.85,20.0,0.25,1.94,1.91,2.0,1.96,2.83,3.82,2.44
N1,12/05/13,Roda,Heerenveen,1.0,0.0,H,1.0,0.0,H,3.6,3.4,1.91,3.15,3.4,2.05,3.15,3.4,2.05,3.3,3.5,1.9,3.5,3.5,1.8,,,,3.2,3.6,2.1,3.4,3.5,2.0,3.6,3.6,2.0,3.3,3.5,2.0,26.0,4.0,3.45,3.75,3.51,2.1,1.99,9.0,1.44,1.41,2.75,2.71,2.0,0.0,2.5,2.45,1.53,1.5,3.41,3.85,2.11
N1,07/04/13,Ajax,Heracles,4.0,0.0,H,1.0,0.0,H,1.18,7.0,13.0,1.15,6.75,12.0,1.15,6.75,12.0,1.12,6.5,14.0,1.16,6.5,12.0,1.2,7.85,14.35,1.18,6.5,11.0,1.17,7.0,13.0,1.17,6.5,13.0,1.17,6.5,13.0,38.0,1.2,1.17,8.1,6.94,18.0,13.89,25.0,1.33,1.27,4.0,3.46,17.0,-2.0,1.78,1.75,2.26,2.14,1.19,8.75,15.05
N1,23/09/12,Twente,Heerenveen,1.0,0.0,H,0.0,0.0,D,1.4,4.5,8.0,1.42,4.0,6.75,1.42,4.0,6.75,1.35,4.2,7.5,1.36,4.33,6.5,1.41,5.25,7.7,1.36,4.5,7.0,1.4,4.5,7.0,1.4,5.2,8.0,1.4,4.33,7.0,37.0,1.44,1.4,5.2,4.55,8.04,7.08,21.0,1.44,1.39,3.0,2.82,18.0,-1.5,2.26,2.11,1.82,1.76,1.34,6.01,8.76
N1,15/09/12,Ajax,Waalwijk,2.0,0.0,H,0.0,0.0,D,1.2,6.5,13.0,1.2,5.75,10.5,1.2,5.75,10.5,1.17,6.0,11.0,1.14,6.0,12.0,1.18,8.1,16.85,1.17,7.0,11.0,1.18,6.5,13.0,1.18,7.5,17.0,1.17,7.0,13.0,37.0,1.2,1.18,8.1,6.74,17.0,13.27,20.0,1.34,1.3,3.45,3.31,16.0,-2.0,1.85,1.8,2.12,2.06,1.21,7.63,15.41
N1,28/04/13,Feyenoord,Heracles,6.0,0.0,H,4.0,0.0,H,1.22,6.0,13.0,1.2,6.0,10.0,1.2,6.0,10.0,1.2,5.2,11.0,1.22,5.0,9.0,1.29,6.23,10.75,1.2,6.0,11.0,1.25,5.75,9.5,1.25,6.0,11.5,1.22,5.5,12.0,41.0,1.29,1.25,6.3,5.66,13.0,10.56,24.0,1.4,1.36,3.1,2.97,24.0,-1.5,1.78,1.74,2.2,2.14,1.26,6.68,11.82
N1,12/08/12,Utrecht,Feyenoord,0.0,1.0,A,0.0,1.0,A,3.5,3.6,2.0,3.6,3.6,1.91,3.6,3.6,1.91,3.5,3.3,1.9,3.25,3.4,1.91,3.6,3.69,2.09,3.2,3.6,2.0,3.6,3.6,1.95,3.6,3.6,2.05,3.4,3.4,2.05,38.0,3.9,3.52,3.72,3.44,2.09,1.99,24.0,1.7,1.6,2.36,2.22,17.0,0.25,2.16,2.12,1.79,1.76,3.2,3.59,2.33
N1,28/04/13,Zwolle,Utrecht,1.0,2.0,A,1.0,1.0,D,2.25,3.4,3.1,2.3,3.3,2.75,2.3,3.3,2.75,2.3,3.3,2.65,2.2,3.4,2.7,2.33,3.58,3.11,2.3,3.4,2.75,2.3,3.3,3.0,2.3,3.5,3.0,2.38,3.4,2.75,41.0,2.4,2.3,3.58,3.37,3.11,2.93,37.0,1.81,1.73,2.19,2.07,22.0,0.0,1.76,1.71,2.27,2.17,1.94,3.82,4.01
N1,13/04/13,Heracles,Groningen,0.0,2.0,A,0.0,0.0,D,1.91,3.6,3.75,1.9,3.3,3.7,1.9,3.3,3.7,1.9,3.2,3.6,1.9,3.5,3.5,1.87,3.96,4.1,1.91,3.5,3.5,1.9,3.5,3.8,1.9,3.9,3.9,1.95,3.5,3.6,40.0,1.93,1.89,3.96,3.54,4.1,3.8,25.0,1.62,1.55,2.54,2.35,20.0,-0.5,1.94,1.9,2.05,1.98,1.99,3.98,3.68
N1,06/10/12,Roda,VVV Venlo,3.0,0.0,H,1.0,0.0,H,1.67,3.75,5.0,1.6,3.6,5.0,1.6,3.6,5.0,1.6,3.6,4.6,1.62,3.5,4.5,1.7,4.2,4.91,1.62,3.6,5.0,1.67,3.6,5.0,1.67,4.1,5.0,1.62,3.8,5.0,37.0,1.7,1.65,4.21,3.75,5.2,4.91,21.0,1.55,1.52,2.7,2.45,20.0,-1.0,2.19,2.1,1.81,1.77,1.82,3.98,4.46
N1,22/09/12,Waalwijk,VVV Venlo,1.0,1.0,D,0.0,1.0,A,1.5,4.2,6.0,1.48,3.9,6.0,1.48,3.9,6.0,1.45,4.0,5.5,1.44,3.8,6.0,1.51,4.54,6.75,1.4,4.5,6.5,1.5,4.0,6.5,1.5,4.5,7.0,1.44,4.0,7.0,36.0,1.52,1.46,4.65,4.17,8.0,6.53,22.0,1.73,1.59,2.4,2.26,18.0,-1.0,1.85,1.81,2.2,2.05,1.64,4.3,5.52
N1,16/12/12,Utrecht,Heerenveen,3.0,1.0,H,0.0,0.0,D,1.83,3.5,4.2,1.85,3.4,3.75,1.85,3.4,3.75,1.85,3.2,3.8,1.8,3.4,3.75,1.85,3.99,4.15,1.83,3.6,3.75,1.83,3.6,4.0,1.87,3.7,4.2,1.83,3.5,4.0,39.0,1.86,1.84,3.99,3.64,4.35,3.93,27.0,1.63,1.56,2.5,2.34,19.0,-0.75,2.09,2.05,1.86,1.82,1.69,4.32,4.86
N1,02/12/12,Utrecht,AZ Alkmaar,2.0,1.0,H,0.0,0.0,D,2.25,3.5,3.0,2.25,3.4,2.75,2.25,3.4,2.75,2.3,3.3,2.7,2.3,3.2,2.62,2.33,3.46,3.21,2.4,3.3,2.7,2.38,3.3,3.0,2.38,3.4,3.12,2.38,3.4,2.75,40.0,2.4,2.35,3.55,3.31,3.21,2.84,34.0,1.78,1.7,2.26,2.11,20.0,-0.25,2.08,2.03,1.91,1.85,2.42,3.67,2.95
N1,17/03/13,NAC Breda,Willem II,4.0,0.0,H,1.0,0.0,H,1.62,3.8,5.5,1.6,3.6,5.0,1.6,3.6,5.0,1.6,3.7,4.6,1.61,3.3,5.0,1.67,3.98,5.59,1.6,3.6,5.5,1.62,3.75,5.5,1.65,3.9,5.5,1.62,3.75,5.4,39.0,1.67,1.62,3.98,3.68,5.91,5.49,37.0,1.97,1.87,2.02,1.91,22.0,-1.0,2.21,2.16,1.78,1.74,1.74,3.8,5.32
N1,14/04/13,AZ Alkmaar,Utrecht,6.0,0.0,H,4.0,0.0,H,1.73,3.8,4.5,1.7,3.4,4.6,1.7,3.4,4.6,1.65,3.5,4.5,1.7,3.5,4.5,1.77,4.02,4.62,1.67,4.0,4.0,1.73,3.6,4.5,1.73,4.0,4.6,1.73,3.5,4.75,40.0,1.8,1.73,4.02,3.64,5.0,4.53,26.0,1.72,1.61,2.38,2.22,20.0,-0.5,1.77,1.73,2.21,2.17,1.57,4.5,5.94
N1,10/03/13,Utrecht,Waalwijk,1.0,0.0,H,0.0,0.0,D,1.73,3.75,4.5,1.7,3.6,4.25,1.7,3.6,4.25,1.7,3.4,4.3,1.72,3.6,4.33,1.85,3.75,4.5,1.8,3.5,4.0,1.8,3.6,4.33,1.83,3.7,4.5,1.75,3.6,4.2,38.0,1.85,1.77,3.85,3.58,4.88,4.38,36.0,1.88,1.8,2.12,1.99,19.0,-0.5,1.83,1.78,2.16,2.11,1.89,3.8,4.29
N1,10/08/12,Willem II,NAC Breda,1.0,1.0,D,0.0,0.0,D,2.63,3.25,2.63,2.55,3.4,2.55,2.55,3.4,2.55,2.7,3.2,2.3,2.5,3.2,2.5,2.65,3.72,2.66,2.4,3.4,2.62,2.6,3.25,2.63,2.62,3.4,2.62,2.5,3.4,2.6,38.0,2.75,2.59,3.69,3.33,2.7,2.58,32.0,1.76,1.69,2.28,2.14,20.0,0.0,1.97,1.93,1.96,1.92,2.97,3.55,2.45
N1,24/02/13,Utrecht,Roda,4.0,0.0,H,2.0,0.0,H,1.67,3.75,5.0,1.67,3.4,4.75,1.67,3.4,4.75,1.65,3.5,4.5,1.61,3.5,4.5,1.77,3.95,4.73,1.7,3.75,4.2,1.67,3.75,5.0,1.73,3.9,4.8,1.67,3.75,4.75,38.0,1.78,1.69,3.95,3.69,5.0,4.67,25.0,1.71,1.62,2.32,2.2,18.0,-1.0,2.35,2.23,1.73,1.68,1.82,3.93,4.51
N1,16/09/12,Heracles,NAC Breda,2.0,1.0,H,0.0,1.0,A,1.62,3.8,5.5,1.6,3.75,4.75,1.6,3.75,4.75,1.6,3.6,4.7,1.57,3.6,5.0,1.63,4.11,5.74,1.55,3.8,5.5,1.62,3.8,5.25,1.62,4.1,5.75,1.62,3.8,5.0,38.0,1.65,1.6,4.3,3.83,5.8,5.3,27.0,1.74,1.65,2.26,2.15,20.0,-1.0,2.08,1.99,1.93,1.86,1.63,4.3,5.55
N1,30/09/12,Groningen,Roda,3.0,2.0,H,1.0,1.0,D,1.73,3.75,4.5,1.75,3.6,4.0,1.75,3.6,4.0,1.7,3.4,4.3,1.67,3.5,4.33,1.71,4.2,4.82,1.7,3.8,4.2,1.8,3.5,4.5,1.73,4.1,4.75,1.73,3.6,4.5,38.0,1.8,1.72,4.2,3.66,4.9,4.54,23.0,1.67,1.56,2.4,2.32,19.0,-0.75,1.92,1.89,2.03,1.98,1.66,4.04,5.68
N1,29/09/12,Feyenoord,Nijmegen,5.0,1.0,H,2.0,0.0,H,1.4,4.5,7.5,1.34,4.75,7.0,1.34,4.75,7.0,1.35,4.2,7.5,1.36,4.33,6.5,1.44,4.9,7.5,1.36,4.5,7.0,1.4,4.5,7.5,1.44,4.8,7.5,1.36,4.5,8.0,37.0,1.44,1.4,5.0,4.48,8.5,7.41,23.0,1.61,1.51,2.6,2.47,19.0,-1.5,2.26,2.15,1.8,1.72,1.47,4.86,7.01
N1,27/10/12,VVV Venlo,NAC Breda,1.0,4.0,A,1.0,4.0,A,2.2,3.5,3.1,2.3,3.4,2.7,2.3,3.4,2.7,2.2,3.2,2.9,2.2,3.25,2.88,2.28,3.66,3.13,2.2,3.5,2.87,2.3,3.3,3.0,2.25,3.6,3.1,2.25,3.4,2.88,37.0,2.35,2.25,3.66,3.38,3.25,2.99,23.0,1.71,1.61,2.4,2.23,19.0,0.0,1.69,1.66,2.34,2.26,2.16,3.64,3.48
N1,18/08/12,Feyenoord,Heerenveen,1.0,1.0,D,0.0,0.0,D,1.5,4.33,6.0,1.53,4.0,5.0,1.53,4.0,5.0,1.55,3.6,5.0,1.5,3.8,5.5,1.51,4.6,6.61,1.44,4.2,6.0,1.53,4.0,5.8,1.5,4.5,6.5,1.53,4.0,5.4,36.0,1.55,1.51,4.6,4.12,6.61,5.93,20.0,1.57,1.52,2.61,2.45,18.0,-1.0,1.9,1.84,2.07,2.02,1.43,4.98,8.09
N1,21/10/12,Den Haag,Utrecht,1.0,2.0,A,1.0,2.0,A,2.3,3.4,3.0,2.25,3.4,2.75,2.25,3.4,2.75,2.1,3.2,3.1,2.25,3.2,2.75,2.44,3.55,2.95,2.3,3.3,2.8,2.38,3.4,2.88,2.4,3.5,3.0,2.3,3.4,2.88,35.0,2.44,2.32,3.65,3.35,3.1,2.9,23.0,1.76,1.68,2.24,2.13,19.0,0.0,1.79,1.73,2.2,2.13,2.29,3.62,3.17
N1,21/04/13,Utrecht,NAC Breda,3.0,0.0,H,2.0,0.0,H,1.73,3.75,4.5,1.75,3.6,4.0,1.75,3.6,4.0,1.7,3.5,4.1,1.72,3.75,4.2,1.83,3.88,4.43,1.73,3.6,4.33,1.73,3.6,4.33,1.8,3.8,4.5,1.73,3.6,4.5,39.0,1.83,1.76,3.88,3.63,4.6,4.32,26.0,1.72,1.64,2.32,2.17,19.0,-0.5,1.81,1.77,2.16,2.1,2.15,3.5,3.6
N1,18/08/12,PSV Eindhoven,Roda,5.0,0.0,H,1.0,0.0,H,1.2,6.5,13.0,1.19,6.0,11.0,1.19,6.0,11.0,1.2,5.0,10.0,1.17,6.0,11.0,1.18,6.5,15.0,1.2,5.5,12.0,1.2,6.5,12.0,1.22,6.5,13.0,1.2,6.0,11.0,37.0,1.21,1.19,7.57,6.38,16.0,12.43,20.0,1.4,1.34,3.3,3.13,18.0,-2.0,1.94,1.9,2.0,1.96,1.14,9.1,20.96
N1,03/11/12,Willem II,Utrecht,1.0,5.0,A,1.0,2.0,A,4.5,3.5,1.8,4.1,3.4,1.78,4.1,3.4,1.78,3.7,3.4,1.8,4.0,3.25,1.8,4.26,3.81,1.88,4.0,3.5,1.8,4.33,3.5,1.83,4.4,3.75,1.83,4.33,3.6,1.73,37.0,4.52,4.21,3.8,3.49,1.85,1.82,29.0,1.84,1.74,2.16,2.06,18.0,0.5,2.13,2.05,1.85,1.79,5.03,3.63,1.81
N1,15/12/12,Nijmegen,PSV Eindhoven,1.0,1.0,D,0.0,1.0,A,7.0,4.75,1.4,6.0,4.1,1.45,6.0,4.1,1.45,6.5,4.0,1.4,6.0,4.33,1.4,7.62,4.92,1.44,6.0,4.4,1.44,6.5,4.5,1.44,7.0,4.75,1.45,6.5,4.33,1.44,35.0,7.62,6.69,4.95,4.48,1.5,1.43,19.0,1.5,1.45,2.8,2.6,20.0,1.0,2.25,2.19,1.75,1.71,6.73,4.91,1.49
N1,15/12/12,Groningen,VVV Venlo,0.0,0.0,D,0.0,0.0,D,1.62,3.8,5.5,1.65,3.6,4.6,1.65,3.6,4.6,1.6,3.6,4.8,1.6,3.6,4.5,1.61,4.31,5.61,1.6,4.0,4.6,1.62,3.8,5.25,1.65,4.0,5.5,1.67,3.75,4.75,39.0,1.67,1.62,4.33,3.87,5.7,5.05,26.0,1.68,1.61,2.38,2.23,21.0,-1.0,2.11,2.06,1.87,1.8,1.54,4.44,6.64
N1,17/02/13,Waalwijk,Ajax,0.0,2.0,A,0.0,2.0,A,6.0,4.33,1.5,6.0,3.75,1.5,6.0,3.75,1.5,6.5,4.0,1.4,6.0,3.75,1.5,6.22,4.46,1.55,6.5,4.33,1.44,6.0,4.0,1.53,6.5,4.4,1.53,6.0,4.0,1.5,37.0,6.6,5.92,4.5,4.09,1.55,1.51,23.0,1.63,1.56,2.52,2.33,21.0,1.0,2.05,1.98,1.93,1.88,5.4,4.28,1.65
N1,22/02/13,Willem II,Nijmegen,2.0,3.0,A,1.0,3.0,A,3.5,3.4,2.05,3.4,3.25,2.0,3.4,3.25,2.0,3.2,3.3,2.0,3.2,3.2,2.0,3.63,3.48,2.16,2.9,3.0,1.91,3.6,3.5,2.0,3.6,3.4,2.15,3.5,3.4,2.0,30.0,3.64,3.39,3.52,3.37,2.14,2.05,27.0,1.95,1.84,2.0,1.95,15.0,0.0,2.61,2.52,1.59,1.54,3.41,3.6,2.2
,,,,,,,,,,,,,,,,,,,,,,,,,,,,,,,,,,,,,,,,,,,,,,,,,,,,,,,,,,,,
N1,26/01/13,Den Haag,Roda,2.0,2.0,D,1.0,1.0,D,1.85,3.6,4.0,1.8,3.4,4.0,1.8,3.4,4.0,1.7,3.5,4.2,1.83,3.4,4.0,1.88,3.84,4.22,1.8,3.5,4.0,1.8,3.6,4.0,1.87,3.8,4.2,1.83,3.5,4.0,40.0,1.88,1.83,3.85,3.59,4.75,4.01,27.0,1.68,1.61,2.38,2.22,19.0,-0.75,2.15,2.11,1.86,1.78,1.88,3.73,4.45
N1,28/10/12,Feyenoord,Ajax,2.0,2.0,D,1.0,1.0,D,2.88,3.5,2.3,2.75,3.3,2.3,2.75,3.3,2.3,2.9,3.2,2.2,2.62,3.25,2.3,2.91,3.73,2.39,2.7,3.5,2.3,2.8,3.4,2.4,2.88,3.7,2.38,2.7,3.3,2.4,36.0,2.95,2.81,3.73,3.4,2.45,2.37,23.0,1.6,1.52,2.55,2.42,19.0,0.0,2.17,2.09,1.82,1.76,2.97,3.52,2.47
N1,16/12/12,Vitesse,Waalwijk,2.0,2.0,D,1.0,0.0,H,1.5,4.2,6.5,1.45,4.0,6.25,1.45,4.0,6.25,1.5,3.8,5.5,1.5,3.8,5.5,1.54,4.52,6.31,1.53,4.2,5.0,1.53,4.0,5.8,1.55,4.2,6.5,1.53,3.8,6.0,39.0,1.55,1.52,4.52,4.09,6.6,5.95,27.0,1.67,1.61,2.42,2.22,21.0,-1.0,1.93,1.89,2.04,1.98,1.66,4.21,5.42
N1,15/09/12,Heerenveen,Den Haag,1.0,3.0,A,0.0,3.0,A,1.57,4.33,5.0,1.62,3.9,4.4,1.62,3.9,4.4,1.6,3.6,4.7,1.53,3.8,5.0,1.57,4.49,5.88,1.53,4.2,5.0,1.57,4.0,5.25,1.55,4.4,5.75,1.62,3.8,5.0,38.0,1.62,1.56,4.5,4.09,6.1,5.23,20.0,1.46,1.4,2.9,2.74,20.0,-1.0,1.97,1.93,1.98,1.93,1.45,5.01,7.41
N1,23/12/12,VVV Venlo,Roda,2.0,4.0,A,1.0,0.0,H,2.2,3.5,3.1,2.1,3.3,3.1,2.1,3.3,3.1,2.0,3.2,3.3,2.1,3.2,3.0,2.28,3.47,3.29,2.1,3.4,3.1,2.05,3.3,3.5,2.25,3.5,3.25,2.1,3.4,3.2,40.0,2.28,2.17,3.5,3.32,3.5,3.18,28.0,1.72,1.63,2.32,2.19,16.0,-0.5,2.28,2.21,1.75,1.69,2.47,3.44,3.03
N1,15/09/12,VVV Venlo,Nijmegen,2.0,2.0,D,0.0,1.0,A,3.2,3.4,2.2,3.2,3.3,2.05,3.2,3.3,2.05,3.2,3.3,2.0,3.0,3.25,2.1,3.22,3.64,2.25,3.0,3.4,2.15,3.2,3.4,2.2,3.25,3.6,2.2,3.2,3.4,2.1,38.0,3.35,3.18,3.64,3.4,2.25,2.14,25.0,1.74,1.66,2.26,2.12,19.0,0.25,1.99,1.95,1.96,1.92,3.6,3.74,2.08
N1,02/02/13,AZ Alkmaar,Groningen,0.0,1.0,A,0.0,1.0,A,1.5,4.1,6.5,1.5,3.6,6.5,1.5,3.6,6.5,1.45,3.9,6.0,1.44,3.75,6.0,1.54,4.35,6.68,1.44,4.0,6.5,1.5,4.0,6.5,1.53,4.3,6.5,1.5,4.0,6.0,39.0,1.55,1.5,4.42,3.99,7.2,6.3,35.0,1.77,1.71,2.22,2.1,23.0,-1.0,1.96,1.9,2.03,1.96,1.47,4.9,7.09
N1,18/11/12,Heracles,Roda,5.0,1.0,H,2.0,1.0,H,1.5,3.9,7.0,1.48,3.75,6.25,1.48,3.75,6.25,1.55,3.7,5.0,1.44,3.8,6.0,1.47,4.81,7.03,1.44,4.2,6.0,1.44,4.0,7.0,1.45,4.75,7.0,1.5,4.0,6.0,37.0,1.55,1.48,4.85,4.16,7.03,6.25,21.0,1.44,1.39,3.01,2.85,18.0,-1.0,1.82,1.76,2.18,2.13,1.51,4.92,6.36
N1,06/04/13,Vitesse,NAC Breda,3.0,0.0,H,1.0,0.0,H,1.44,4.0,8.0,1.44,3.9,6.75,1.44,3.9,6.75,1.4,4.0,6.5,1.44,4.0,7.0,1.47,4.64,7.58,1.44,3.8,7.0,1.44,4.0,8.0,1.4,4.6,7.0,1.44,4.0,7.0,39.0,1.47,1.43,4.8,4.22,8.1,7.31,25.0,1.67,1.62,2.4,2.2,20.0,-1.0,1.73,1.68,2.38,2.23,1.52,4.75,6.31
N1,23/02/13,VVV Venlo,Waalwijk,1.0,0.0,H,1.0,0.0,H,2.5,3.3,2.75,2.55,3.3,2.45,2.55,3.3,2.45,2.45,3.2,2.55,2.4,3.2,2.6,2.57,3.48,2.83,2.45,3.2,2.7,2.6,3.25,2.63,2.55,3.4,2.8,2.62,3.3,2.5,38.0,2.6,2.52,3.5,3.25,2.84,2.7,35.0,1.97,1.89,1.98,1.9,20.0,0.0,1.91,1.87,2.06,1.98,2.65,3.36,2.85
N1,24/11/12,Willem II,Heracles,2.0,2.0,D,0.0,1.0,A,4.5,4.1,1.67,4.2,3.9,1.65,4.2,3.9,1.65,4.8,3.6,1.6,4.33,3.6,1.62,4.76,4.28,1.7,3.8,4.0,1.65,4.8,3.8,1.67,4.8,4.2,1.67,4.5,3.75,1.67,39.0,5.1,4.59,4.28,3.89,1.71,1.67,23.0,1.46,1.4,3.0,2.77,22.0,1.0,1.79,1.74,2.2,2.14,4.59,4.82,1.67
N1,12/05/13,Utrecht,Heracles,3.0,0.0,H,0.0,0.0,D,1.57,3.9,4.5,1.5,3.85,5.75,1.5,3.85,5.75,1.45,3.9,6.0,1.5,3.6,5.5,,,,1.53,4.0,6.0,1.57,3.8,5.25,1.57,4.0,6.0,1.5,3.75,6.5,25.0,1.57,1.55,4.2,3.9,6.3,5.63,10.0,1.47,1.44,2.88,2.68,3.0,-1.0,1.89,1.87,1.93,1.88,1.6,4.19,6.09
N1,18/08/12,VVV Venlo,Utrecht,1.0,3.0,A,1.0,1.0,D,2.63,3.5,2.5,2.55,3.3,2.45,2.55,3.3,2.45,2.6,3.2,2.4,2.6,3.2,2.4,2.89,3.62,2.45,2.5,3.4,2.5,2.75,3.25,2.5,2.88,3.6,2.45,2.5,3.3,2.6,37.0,2.91,2.7,3.62,3.33,2.62,2.47,24.0,1.75,1.67,2.25,2.14,19.0,0.0,2.16,2.07,1.84,1.79,3.05,3.66,2.36
N1,10/02/13,Feyenoord,AZ Alkmaar,3.0,1.0,H,1.0,0.0,H,1.83,3.75,4.0,1.87,3.4,3.7,1.87,3.4,3.7,1.9,3.2,3.6,1.83,3.2,3.75,1.9,3.8,4.14,1.91,3.5,3.5,1.9,3.5,4.0,1.9,3.75,4.1,1.91,3.5,3.75,38.0,1.92,1.88,3.81,3.51,4.25,3.89,29.0,1.77,1.7,2.22,2.09,18.0,-0.5,1.9,1.87,2.04,2.0,1.74,3.89,5.15
N1,28/04/13,Vitesse,Willem II,3.0,1.0,H,2.0,0.0,H,1.29,5.75,8.5,1.22,5.75,9.5,1.22,5.75,9.5,1.22,5.0,10.0,1.25,5.0,8.0,1.32,5.94,9.76,1.2,6.0,11.0,1.29,5.75,8.0,1.3,6.0,10.0,1.25,5.5,10.0,41.0,1.32,1.28,6.2,5.53,11.0,9.16,25.0,1.4,1.36,3.2,2.97,24.0,-1.5,1.89,1.82,2.09,2.04,1.25,6.93,12.74
N1,21/12/12,AZ Alkmaar,Twente,0.0,3.0,A,0.0,0.0,D,2.88,3.3,2.4,2.85,3.4,2.2,2.85,3.4,2.2,2.7,3.1,2.4,2.62,3.2,2.38,2.86,3.62,2.5,2.5,3.4,2.5,2.8,3.3,2.4,2.88,3.4,2.5,2.75,3.4,2.38,41.0,2.9,2.77,3.65,3.33,2.56,2.44,38.0,1.79,1.7,2.26,2.12,21.0,0.0,2.1,2.04,1.86,1.81,2.79,3.66,2.54
N1,09/03/13,Heerenveen,PSV Eindhoven,2.0,1.0,H,2.0,0.0,H,5.5,4.33,1.53,5.5,4.0,1.5,5.5,4.0,1.5,5.5,3.8,1.5,6.0,4.0,1.5,5.48,4.53,1.6,5.5,4.0,1.5,5.75,4.33,1.53,5.75,4.4,1.57,5.0,4.2,1.53,38.0,6.0,5.45,4.55,4.24,1.6,1.53,25.0,1.39,1.34,3.4,3.11,20.0,1.0,2.07,2.03,1.93,1.86,5.78,5.05,1.53
N1,11/11/12,Feyenoord,Roda,5.0,2.0,H,3.0,2.0,H,1.33,5.5,7.5,1.36,4.5,7.0,1.36,4.5,7.0,1.35,4.2,7.5,1.33,4.5,7.0,1.36,5.5,8.65,1.3,5.0,8.0,1.36,5.0,7.5,1.36,5.4,8.5,1.33,5.0,7.0,38.0,1.36,1.34,5.5,5.02,9.7,7.85,22.0,1.46,1.41,3.0,2.75,20.0,-1.5,1.95,1.9,2.06,1.96,1.33,5.82,9.77
N1,19/01/13,NAC Breda,VVV Venlo,1.0,0.0,H,0.0,0.0,D,1.91,3.6,3.8,1.85,3.3,3.9,1.85,3.3,3.9,1.85,3.3,3.7,1.83,3.4,3.75,1.93,3.68,4.17,1.85,3.5,3.75,1.9,3.4,4.0,1.91,3.6,4.1,1.91,3.4,3.75,40.0,1.99,1.9,3.7,3.46,4.25,3.89,38.0,1.88,1.78,2.15,2.01,18.0,-0.5,1.99,1.93,1.97,1.94,2.15,3.56,3.58
N1,05/05/13,Waalwijk,Vitesse,3.0,2.0,H,2.0,0.0,H,3.25,3.5,2.15,3.2,3.5,2.0,3.2,3.5,2.0,3.5,3.6,1.8,3.25,3.5,1.9,3.3,3.69,2.19,3.25,3.5,1.91,,,,3.12,3.6,2.2,3.3,3.5,2.05,39.0,3.5,3.21,3.69,3.45,2.27,2.12,23.0,1.58,1.52,2.68,2.41,21.0,0.5,1.76,1.72,2.28,2.2,3.02,3.51,2.42
N1,05/05/13,Heerenveen,Utrecht,2.0,4.0,A,1.0,1.0,D,1.83,3.75,4.0,1.87,3.3,3.8,1.87,3.3,3.8,2.0,3.3,3.2,1.8,3.5,3.75,1.87,3.96,4.1,1.85,3.6,3.75,1.83,3.5,4.0,1.87,3.9,4.0,1.85,3.6,3.75,40.0,2.0,1.86,3.95,3.67,4.05,3.83,21.0,1.46,1.43,2.9,2.68,17.0,-0.5,1.92,1.88,2.05,1.99,1.76,3.97,4.8
N1,02/03/13,NAC Breda,Heerenveen,1.0,2.0,A,0.0,0.0,D,2.4,3.3,2.88,2.3,3.25,2.8,2.3,3.25,2.8,2.2,3.3,2.8,2.25,3.2,2.75,2.53,3.63,2.78,2.2,3.6,2.75,2.38,3.4,2.88,2.5,3.6,2.8,2.3,3.4,2.88,40.0,2.53,2.37,3.63,3.38,3.0,2.81,29.0,1.66,1.57,2.42,2.28,21.0,0.0,1.87,1.8,2.09,2.04,2.62,3.57,2.74
N1,03/02/13,Twente,Utrecht,2.0,4.0,A,0.0,2.0,A,1.44,4.33,7.0,1.45,3.8,6.75,1.45,3.8,6.75,1.5,3.8,5.5,1.4,4.0,6.5,1.48,4.55,7.55,1.44,4.0,6.5,1.44,4.0,7.5,1.45,4.5,7.5,1.44,4.2,6.5,40.0,1.5,1.45,4.55,4.16,7.8,6.91,36.0,1.84,1.74,2.19,2.07,22.0,-1.0,1.82,1.76,2.19,2.12,1.54,4.32,6.75
N1,09/02/13,Vitesse,PSV Eindhoven,2.0,2.0,D,0.0,1.0,A,5.5,3.9,1.6,5.0,3.6,1.6,5.0,3.6,1.6,4.8,3.6,1.6,5.0,3.5,1.57,4.95,4.27,1.68,5.0,3.6,1.61,5.5,3.8,1.62,5.4,4.1,1.65,5.0,3.8,1.62,39.0,5.5,5.04,4.35,3.88,1.68,1.62,21.0,1.5,1.42,3.0,2.72,22.0,1.0,1.84,1.79,2.15,2.07,5.48,4.22,1.65
N1,03/03/13,Nijmegen,Feyenoord,0.0,3.0,A,0.0,2.0,A,3.75,3.5,1.95,3.4,3.4,1.95,3.4,3.4,1.95,3.5,3.3,1.9,3.25,3.4,1.9,3.87,3.71,1.99,3.5,3.5,1.91,3.6,3.5,2.0,3.8,3.7,1.95,3.4,3.5,2.0,40.0,3.9,3.55,3.71,3.51,2.05,1.97,36.0,1.77,1.69,2.22,2.11,19.0,0.5,1.92,1.89,2.1,1.99,4.01,3.72,1.96
N1,16/03/13,VVV Venlo,Heracles,0.0,2.0,A,0.0,0.0,D,2.5,3.5,2.63,2.55,3.3,2.45,2.55,3.3,2.45,2.6,3.3,2.4,2.5,3.2,2.5,2.67,3.55,2.67,2.6,3.3,2.5,2.75,3.3,2.5,2.62,3.5,2.62,2.62,3.3,2.5,39.0,2.8,2.61,3.58,3.35,2.7,2.55,26.0,1.66,1.55,2.47,2.33,21.0,0.0,1.98,1.93,1.97,1.92,2.48,3.68,2.84
N1,18/11/12,Vitesse,Nijmegen,4.0,1.0,H,1.0,1.0,D,1.67,3.75,5.0,1.62,3.75,4.6,1.62,3.75,4.6,1.6,3.6,4.8,1.62,3.5,4.5,1.73,4.06,4.86,1.62,4.0,4.5,1.67,3.75,5.0,1.7,4.0,5.0,1.67,3.75,4.75,32.0,1.73,1.68,4.1,3.67,5.4,4.8,24.0,1.77,1.68,2.22,2.13,15.0,-0.75,1.97,1.93,2.04,1.95,1.68,3.93,5.7
N1,02/03/13,Zwolle,Willem II,2.0,0.0,H,0.0,0.0,D,1.67,3.8,5.0,1.67,3.4,4.75,1.67,3.4,4.75,1.65,3.5,4.5,1.66,3.4,4.33,1.68,4.11,5.24,1.67,3.6,4.5,1.67,3.6,5.0,1.67,4.0,5.2,1.67,3.75,4.75,40.0,1.73,1.67,4.11,3.72,5.3,4.83,36.0,1.84,1.75,2.12,2.03,20.0,-0.75,1.91,1.88,2.04,1.99,1.56,4.41,6.33
N1,28/10/12,Heracles,Heerenveen,6.0,3.0,H,2.0,1.0,H,2.0,3.75,3.4,2.0,3.6,3.1,2.0,3.6,3.1,2.1,3.2,3.1,1.91,3.4,3.2,2.04,3.84,3.58,2.0,3.6,3.2,2.05,3.5,3.4,2.05,3.8,3.5,2.1,3.5,3.1,37.0,2.1,2.0,3.95,3.53,3.65,3.43,23.0,1.55,1.48,2.73,2.53,13.0,-0.5,2.05,2.0,1.92,1.89,2.0,3.92,3.67
,,,,,,,,,,,,,,,,,,,,,,,,,,,,,,,,,,,,,,,,,,,,,,,,,,,,,,,,,,,,
N1,20/10/12,Heracles,Ajax,3.0,3.0,D,0.0,2.0,A,4.75,3.75,1.7,5.0,3.6,1.6,5.0,3.6,1.6,4.7,3.6,1.6,4.33,3.5,1.67,4.76,4.12,1.74,4.5,3.6,1.67,4.8,3.75,1.67,4.75,4.1,1.73,4.75,3.75,1.67,35.0,5.2,4.69,4.26,3.77,1.72,1.68,21.0,1.57,1.48,2.64,2.52,17.0,0.75,2.05,2.0,1.9,1.87,4.11,4.15,1.84
N1,09/12/12,NAC Breda,Feyenoord,2.0,2.0,D,1.0,1.0,D,5.5,4.33,1.53,5.25,3.7,1.57,5.25,3.7,1.57,5.0,3.7,1.55,5.0,3.75,1.53,5.59,4.25,1.62,5.5,4.0,1.5,5.8,4.0,1.53,5.5,4.3,1.6,5.5,3.8,1.57,39.0,5.9,5.52,4.33,3.95,1.63,1.56,26.0,1.68,1.59,2.4,2.26,21.0,1.0,1.9,1.86,2.08,2.01,6.94,4.61,1.51
N1,12/08/12,Twente,Groningen,4.0,1.0,H,2.0,0.0,H,1.29,5.5,10.0,1.28,5.25,9.25,1.28,5.25,9.25,1.25,4.8,9.0,1.29,4.5,8.0,1.34,5.67,9.8,1.29,5.0,9.0,1.33,5.0,8.5,1.33,5.5,10.0,1.3,5.0,9.0,38.0,1.35,1.3,5.67,5.13,10.5,8.96,20.0,1.62,1.49,2.61,2.51,17.0,-1.5,2.02,1.97,2.08,1.89,1.34,5.58,10.28
N1,22/12/12,Den Haag,Nijmegen,2.0,0.0,H,1.0,0.0,H,2.3,3.3,3.1,2.15,3.3,3.0,2.15,3.3,3.0,2.3,3.1,2.8,2.25,3.2,2.75,2.42,3.42,3.08,2.3,3.4,2.7,2.38,3.3,2.88,2.38,3.4,3.1,2.3,3.4,2.88,34.0,2.42,2.33,3.45,3.32,3.15,2.9,31.0,1.89,1.76,2.11,2.01,17.0,0.0,1.76,1.7,2.22,2.14,2.33,3.6,3.13
N1,17/03/13,Groningen,Twente,0.0,3.0,A,0.0,1.0,A,3.2,3.4,2.2,3.0,3.3,2.15,3.0,3.3,2.15,3.1,3.2,2.1,3.0,3.2,2.1,3.53,3.59,2.14,3.1,3.4,2.1,3.2,3.4,2.2,3.4,3.5,2.15,3.1,3.4,2.15,39.0,3.53,3.27,3.6,3.36,2.25,2.12,37.0,1.98,1.88,2.0,1.9,20.0,0.25,2.08,2.03,1.89,1.84,3.31,3.63,2.23
N1,17/03/13,Feyenoord,Utrecht,2.0,1.0,H,1.0,0.0,H,1.4,4.5,8.0,1.45,3.9,6.5,1.45,3.9,6.5,1.4,4.0,6.5,1.36,4.0,7.0,1.45,4.92,7.31,1.4,4.2,7.0,1.44,4.33,7.0,1.44,4.8,7.5,1.4,4.5,7.0,39.0,1.5,1.43,4.95,4.41,7.8,6.79,26.0,1.59,1.52,2.6,2.41,21.0,-1.0,1.71,1.69,2.28,2.22,1.45,4.9,7.67
