Div,Date,HomeTeam,AwayTeam,FTHG,FTAG,FTR,HTHG,HTAG,HTR,B365H,B365D,B365A,BWH,BWD,BWA,GBH,GBD,GBA,IWH,IWD,IWA,LBH,LBD,LBA,SBH,SBD,SBA,WHH,WHD,WHA,SJH,SJD,SJA,VCH,VCD,VCA,Bb1X2,BbMxH,BbAvH,BbMxD,BbAvD,BbMxA,BbAvA,BbOU,BbMx>2.5,BbAv>2.5,BbMx<2.5,BbAv<2.5,BbAH,BbAHh,BbMxAHH,BbAvAHH,BbMxAHA,BbAvAHA
P1,,Belenenses,Est Amadora,3,0,H,3,0,H,1.55,3.4,5.5,1.5,3.55,6.15,1.5,3.5,6.0,1.6,3.4,4.6,1.53,3.25,6.0,1.53,3.6,6.0,1.5,3.75,5.25,1.5,3.4,6.5,1.53,3.6,5.5,29.0,1.6,1.51,3.65,3.51,7.5,6.06,25.0,2.38,2.2,1.65,1.58,13.0,-0.75,1.84,1.8,2.08,2.06
P1,,Porto,Benfica,3,2,H,2,0,H,1.9,3.3,4.0,1.85,3.2,3.85,1.9,3.2,3.6,1.9,3.1,3.5,1.83,3.2,3.75,1.9,3.25,3.75,1.9,3.0,3.75,1.83,3.0,4.0,1.85,3.2,3.75,36.0,1.95,1.87,3.35,3.2,4.33,3.79,27.0,2.3,2.14,1.7,1.58,15.0,-0.5,2.0,1.95,1.96,1.92
P1,,Boavista,Benfica,3,0,H,1,0,H,2.8,3.1,2.3,3.05,3.15,2.15,2.9,3.1,2.25,2.7,3.0,2.3,2.8,3.2,2.2,2.88,3.15,2.3,3.0,3.1,2.15,3.25,3.0,2.1,,,,30.0,3.25,2.92,3.25,3.08,2.36,2.25,17.0,2.35,2.12,1.7,1.61,9.0,0.0,2.35,2.06,1.7,1.63
P1,,Belenenses,Academica,1,2,A,0,0,D,1.9,3.2,3.6,1.9,3.25,3.6,1.85,3.25,3.8,1.85,3.1,3.6,1.9,3.2,3.5,1.8,3.25,4.2,1.8,3.25,3.8,1.8,3.25,4.0,1.85,3.2,3.75,31.0,2.0,1.86,3.35,3.22,4.25,3.85,26.0,2.35,2.19,1.65,1.58,16.0,-0.5,2.02,1.98,1.93,1.88
P1,,Academica,Nacional,1,3,A,1,1,D,2.37,3.2,2.62,2.3,3.1,2.8,2.3,3.15,2.75,2.3,3.0,2.7,2.2,3.2,2.8,2.4,3.1,2.75,2.2,3.2,2.8,2.4,3.2,2.6,2.25,3.0,2.9,33.0,2.4,2.31,3.3,3.12,3.01,2.81,20.0,2.4,2.21,1.65,1.55,11.0,-0.25,2.1,2.04,1.9,1.83
P1,,Pacos Ferreira,Naval,1,1,D,1,0,H,2.05,3.2,3.1,2.0,3.25,3.3,2.1,3.1,3.2,2.1,3.0,3.1,2.1,3.2,3.0,2.1,3.2,3.2,2.2,3.2,2.8,2.0,3.25,3.4,2.0,3.1,3.4,33.0,2.2,2.07,3.35,3.17,3.75,3.13,25.0,2.5,2.24,1.6,1.57,11.0,-0.25,1.88,1.86,2.05,2.02
P1,,Setubal,Beira Mar,1,3,A,1,0,H,2.0,3.1,3.5,2.1,3.1,3.2,2.05,3.1,3.25,2.0,3.1,3.2,1.9,3.2,3.5,2.1,3.2,3.2,2.05,3.2,3.1,2.0,3.1,3.4,2.0,3.2,3.25,30.0,2.1,2.05,3.2,3.13,3.5,3.29,25.0,2.5,2.27,1.6,1.54,13.0,-0.25,1.87,1.84,2.09,2.03
P1,22/10/06,Maritimo,Beira Mar,2,1,H,0,0,D,1.66,3.3,4.5,1.65,3.4,4.75,1.7,3.3,4.5,1.7,3.2,4.2,1.7,3.25,4.33,1.67,3.4,4.8,1.65,3.3,4.6,1.67,3.4,5.0,1.65,3.25,4.5,30.0,1.75,1.7,3.4,3.3,4.85,4.49,19.0,2.25,2.12,1.7,1.62,8.0,0.0,1.26,1.25,3.45,3.33
P1,10/12/06,Aves,Leiria,0,1,A,0,0,D,2.6,3.1,2.5,2.55,3.1,2.5,2.6,3.1,2.5,2.5,3.0,2.5,2.5,3.1,2.5,2.7,3.2,2.4,2.45,3.1,2.55,2.75,3.2,2.38,2.6,3.1,2.4,32.0,2.8,2.62,3.25,3.1,2.7,2.48,23.0,2.4,2.15,1.65,1.6,12.0,0.0,1.98,1.9,1.9,1.83
P1,13/05/07,Pacos Ferreira,Porto,1,1,D,1,0,H,4.75,3.5,1.61,5.35,3.55,1.55,5.0,3.5,1.6,4.8,3.5,1.55,5.0,3.5,1.57,5.0,3.5,1.62,5.0,3.5,1.57,5.0,3.4,1.62,5.0,3.6,1.53,34.0,5.9,5.1,3.6,3.48,1.65,1.59,22.0,2.23,2.04,1.73,1.69,15.0,0.75,2.16,2.13,1.8,1.76
P1,01/12/06,Sp Lisbon,Benfica,0,2,A,0,2,A,2.0,3.1,4.0,2.05,3.3,3.1,2.05,3.2,3.2,2.0,3.1,3.2,2.0,3.2,3.2,2.1,3.2,3.2,2.0,3.0,3.4,2.1,3.0,3.5,2.0,3.1,3.5,38.0,2.1,2.04,3.2,3.11,4.0,3.38,29.0,2.44,2.15,1.67,1.61,17.0,0.0,1.55,1.48,2.7,2.45
P1,28/04/07,Belenenses,Beira Mar,2,0,H,1,0,H,1.5,3.5,5.75,1.5,3.55,6.15,1.55,3.5,5.5,1.65,3.3,4.4,1.5,3.4,6.0,1.53,3.6,5.75,1.5,3.6,5.5,1.53,3.6,5.5,1.5,3.6,5.5,37.0,1.65,1.54,4.0,3.56,6.5,5.52,30.0,2.24,2.1,1.75,1.65,17.0,-0.75,1.85,1.8,2.08,2.07
P1,29/04/07,Setubal,Maritimo,1,1,D,0,0,D,2.25,3.2,2.8,2.25,3.15,2.85,2.2,3.2,2.9,1.85,3.1,3.6,2.2,3.2,2.8,2.3,3.2,2.8,2.2,3.2,2.8,2.2,3.0,3.1,2.2,3.2,2.8,36.0,2.38,2.24,3.25,3.13,3.6,2.91,27.0,2.38,2.22,1.65,1.57,15.0,-0.25,2.03,1.99,1.93,1.87
P1,09/12/06,Boavista,Beira Mar,3,0,H,2,0,H,1.53,3.5,6.0,1.55,3.55,5.5,1.55,3.5,5.5,1.5,3.7,5.0,1.53,3.4,5.5,1.53,3.75,5.5,1.57,3.5,5.0,1.57,3.5,5.0,1.5,3.6,5.5,39.0,1.65,1.55,3.7,3.5,6.45,5.44,28.0,2.13,1.97,1.85,1.75,16.0,-0.75,1.97,1.91,1.99,1.95
P1,29/04/07,Benfica,Sp Lisbon,1,1,D,1,1,D,2.25,3.0,3.0,2.2,3.1,3.0,2.2,3.1,3.0,2.3,3.0,2.9,2.2,3.0,3.0,2.25,3.2,2.88,2.2,3.1,2.87,2.1,3.1,3.2,2.2,3.1,2.9,36.0,2.35,2.22,3.2,3.1,3.3,2.97,28.0,2.38,2.14,1.7,1.61,18.0,0.0,1.65,1.6,2.5,2.18
P1,14/10/06,Leiria,Benfica,0,4,A,0,2,A,3.4,3.2,1.95,3.6,3.25,1.9,3.4,3.2,2.0,2.9,3.0,2.2,3.4,3.1,1.95,3.4,3.25,2.0,3.5,3.1,1.95,4.0,3.25,1.83,3.4,3.25,1.9,29.0,4.0,3.4,3.25,3.14,2.2,2.01,20.0,2.3,2.09,1.7,1.62,12.0,0.5,1.85,1.81,2.11,2.06
P1,28/01/07,Boavista,Sp Lisbon,1,1,D,0,0,D,3.6,3.2,1.95,3.4,3.25,1.95,3.5,3.2,1.95,3.5,3.1,1.9,3.4,3.25,1.9,3.6,3.3,1.91,3.4,3.3,1.9,3.5,3.25,1.95,3.5,3.2,1.9,32.0,3.9,3.52,3.3,3.19,2.01,1.95,25.0,2.25,2.07,1.7,1.64,16.0,0.0,3.0,2.55,1.5,1.43
P1,15/01/07,Academica,Benfica,0,2,A,0,1,A,5.0,3.4,1.61,5.75,3.45,1.55,5.25,3.4,1.6,5.0,3.7,1.5,5.5,3.4,1.53,5.5,3.5,1.57,5.0,3.3,1.61,5.5,3.4,1.57,5.0,3.4,1.6,27.0,5.73,5.24,3.7,3.43,1.67,1.59,16.0,2.14,1.95,1.82,1.76,9.0,0.0,3.95,3.79,1.25,1.2
P1,22/04/07,Aves,Pacos Ferreira,0,1,A,0,0,D,2.15,3.1,3.0,2.15,3.2,3.0,2.3,3.0,2.9,2.3,3.1,2.6,2.4,3.1,2.6,2.4,3.1,2.75,2.2,3.0,3.0,2.25,3.0,3.0,2.25,3.2,2.7,34.0,2.4,2.29,3.2,3.08,3.1,2.84,26.0,2.25,2.1,1.76,1.66,16.0,0.0,1.75,1.67,2.3,2.12
P1,31/03/07,Belenenses,Aves,1,0,H,1,0,H,1.57,3.5,6.5,1.5,3.4,6.5,1.5,3.6,6.0,1.5,3.7,5.0,1.44,3.4,7.0,1.5,3.6,6.5,1.5,3.6,5.5,1.44,3.6,7.0,1.45,3.6,6.5,34.0,1.6,1.51,3.7,3.52,7.0,6.12,28.0,2.35,2.19,1.65,1.58,16.0,-1.0,2.2,2.09,1.8,1.74
P1,09/03/07,Naval,Boavista,1,1,D,1,1,D,2.37,3.0,3.1,2.25,3.1,2.9,2.3,3.1,2.8,2.3,3.0,2.7,2.37,3.1,2.62,2.3,3.1,2.9,2.3,3.2,2.65,2.25,3.2,2.75,2.25,3.0,2.9,38.0,2.5,2.35,3.2,3.08,3.0,2.77,34.0,2.58,2.35,1.55,1.51,19.0,0.0,2.08,1.78,2.13,2.0
P1,15/10/06,Pacos Ferreira,Academica,1,1,D,0,1,A,1.85,3.4,3.1,1.75,3.4,4.05,1.75,3.3,4.2,1.7,3.2,4.2,1.75,3.1,4.33,1.73,3.4,4.33,1.8,3.1,4.0,1.8,3.25,4.0,1.65,3.4,4.35,29.0,1.9,1.78,3.4,3.27,4.5,4.05,20.0,2.3,2.09,1.7,1.62,11.0,-0.5,1.95,1.94,1.97,1.93
P1,07/04/07,Sp Braga,Sp Lisbon,0,1,A,0,0,D,3.0,3.0,2.4,2.65,3.1,2.45,2.75,3.1,2.35,2.6,3.0,2.4,2.62,3.1,2.37,2.75,3.1,2.4,2.75,3.2,2.25,2.75,3.0,2.38,2.7,3.2,2.25,35.0,3.0,2.75,3.2,3.08,2.44,2.36,27.0,2.32,2.18,1.65,1.59,15.0,0.0,2.2,2.04,1.77,1.74
P1,04/11/06,Boavista,Aves,2,1,H,0,1,A,1.45,3.5,7.0,1.45,3.75,6.5,1.5,3.6,6.0,1.5,3.7,5.0,1.5,3.4,6.0,1.53,3.6,6.0,1.5,3.3,6.5,1.5,3.6,6.0,1.5,3.6,5.5,33.0,1.53,1.48,3.85,3.58,7.2,6.29,24.0,2.15,2.02,1.9,1.72,14.0,-1.0,1.93,1.87,2.04,1.94
P1,26/02/07,Sp Braga,Est Amadora,2,1,H,1,1,D,1.6,3.5,5.0,1.55,3.7,5.15,1.6,3.5,5.0,1.75,3.2,4.0,1.57,3.5,5.0,1.62,3.4,5.25,1.55,3.6,5.0,1.57,3.55,5.0,1.55,3.5,5.0,34.0,1.75,1.62,3.55,3.42,5.7,4.98,27.0,2.34,2.15,1.65,1.59,14.0,-0.75,1.94,1.91,2.02,1.98
P1,26/02/07,Maritimo,Leiria,2,1,H,1,1,D,2.05,3.2,3.2,2.15,3.15,3.05,2.15,3.1,3.1,2.1,3.0,3.1,2.1,3.1,3.1,2.2,3.2,3.0,2.15,3.1,3.0,2.1,3.2,3.1,2.1,3.1,3.1,34.0,2.25,2.14,3.2,3.16,3.3,3.08,26.0,2.33,2.16,1.65,1.59,15.0,-0.25,1.94,1.91,1.99,1.97
P1,10/09/06,Est Amadora,Porto,0,3,A,0,0,D,5.0,3.4,1.61,4.8,3.65,1.6,4.75,3.4,1.65,4.2,3.2,1.7,4.5,3.5,1.61,4.75,3.5,1.67,4.5,3.3,1.66,6.0,3.5,1.5,5.0,3.4,1.6,29.0,6.12,4.91,3.65,3.41,1.7,1.63,18.0,2.3,2.13,1.67,1.6,10.0,0.75,2.16,2.1,1.8,1.78
P1,22/04/07,Sp Lisbon,Naval,4,0,H,2,0,H,1.25,4.75,9.5,1.25,5.0,9.0,1.25,4.75,9.5,1.22,4.8,9.5,1.33,4.0,8.0,1.28,4.75,9.0,1.25,4.5,9.5,1.22,5.0,11.0,1.28,4.35,8.5,34.0,1.33,1.26,5.0,4.67,11.0,9.51,27.0,1.98,1.89,1.93,1.84,14.0,-1.5,1.95,1.9,1.99,1.95
P1,18/02/07,Nacional,Benfica,0,2,A,0,0,D,3.8,3.2,2.0,3.65,3.2,1.9,3.6,3.25,1.9,3.6,3.1,1.85,3.5,3.2,1.9,4.0,3.25,1.83,3.75,3.2,1.83,3.6,3.2,1.91,3.5,3.2,1.9,36.0,4.0,3.68,3.3,3.22,2.0,1.9,29.0,2.24,2.0,1.77,1.71,17.0,0.5,1.9,1.85,2.1,2.04
P1,02/03/07,Pacos Ferreira,Setubal,1,0,H,1,0,H,1.72,3.3,5.0,1.55,3.55,5.5,1.65,3.25,5.0,1.6,3.4,4.6,1.57,3.25,5.5,1.57,3.5,5.5,1.55,3.5,5.1,1.57,3.4,5.5,1.6,3.5,4.6,39.0,1.73,1.61,3.6,3.43,5.5,5.02,29.0,2.4,2.23,1.6,1.55,15.0,-0.75,2.09,2.06,1.86,1.83
P1,03/03/07,Porto,Sp Braga,1,0,H,1,0,H,1.53,3.6,7.0,1.4,4.0,7.25,1.4,3.9,7.0,1.45,3.8,5.4,1.44,3.6,6.5,1.44,3.75,7.0,1.4,3.75,7.0,1.44,3.75,6.5,1.4,4.0,6.5,37.0,1.53,1.44,4.0,3.77,7.25,6.54,26.0,2.19,1.98,1.8,1.72,15.0,-1.0,2.07,1.98,1.87,1.84
P1,17/12/06,Naval,Leiria,2,1,H,0,1,A,2.25,3.1,2.87,2.25,3.1,2.95,2.25,3.2,2.8,2.2,3.0,2.9,2.25,3.1,2.8,2.3,3.2,2.8,2.3,3.2,2.65,2.4,3.0,2.6,2.2,3.1,2.9,27.0,2.4,2.27,3.25,3.13,2.95,2.83,19.0,2.45,2.33,1.55,1.51,13.0,-0.25,2.1,2.06,1.84,1.82
P1,05/11/06,Benfica,Beira Mar,3,0,H,0,0,D,1.22,5.0,10.0,1.2,5.35,11.0,1.2,5.25,11.0,1.22,4.8,9.5,1.22,5.0,10.0,1.22,5.5,10.0,1.25,4.5,9.5,1.29,5.0,9.0,1.2,5.5,9.0,33.0,1.26,1.22,5.5,5.02,12.0,10.31,25.0,1.86,1.76,2.06,1.99,15.0,-1.5,1.88,1.81,2.1,2.05
P1,02/02/07,Benfica,Boavista,0,0,D,0,0,D,1.36,4.33,9.5,1.3,4.5,8.5,1.35,4.2,7.5,1.4,3.7,6.5,1.33,4.0,8.0,1.36,4.0,8.5,1.33,4.0,8.0,1.33,4.0,8.5,1.3,4.35,8.0,37.0,1.4,1.34,4.5,4.16,9.95,8.1,29.0,1.97,1.85,1.95,1.87,17.0,-1.25,2.02,2.0,1.92,1.88
P1,04/03/07,Beira Mar,Naval,1,3,A,0,0,D,2.3,3.0,2.8,2.3,3.1,2.8,2.45,3.1,2.6,2.4,3.0,2.6,2.37,3.1,2.6,2.5,3.1,2.62,2.4,3.1,2.6,2.38,3.0,2.75,2.25,3.2,2.75,34.0,2.65,2.39,3.2,3.07,2.9,2.7,25.0,2.25,2.14,1.65,1.6,14.0,0.0,1.8,1.76,2.14,2.01
P1,25/11/06,Benfica,Maritimo,2,1,H,1,1,D,1.36,4.0,7.5,1.4,4.0,6.75,1.4,4.0,7.0,1.4,3.9,6.0,1.36,4.0,7.0,1.4,4.0,7.25,1.4,3.6,7.5,1.44,3.75,7.0,1.4,3.75,7.0,33.0,1.45,1.4,4.4,3.9,8.01,7.09,25.0,2.02,1.88,1.95,1.85,13.0,-1.25,2.08,2.04,1.87,1.84
P1,04/02/07,Naval,Academica,0,1,A,0,0,D,1.75,3.1,4.5,1.7,3.45,4.3,1.68,3.4,4.6,1.7,3.2,4.2,1.66,3.25,4.5,1.73,3.3,4.5,1.65,3.3,4.6,1.67,3.4,4.5,1.7,3.4,4.2,32.0,1.85,1.71,3.5,3.32,5.0,4.47,24.0,2.3,2.11,1.65,1.61,13.0,-0.5,1.94,1.86,2.0,1.95
P1,07/04/07,Aves,Boavista,1,0,H,0,0,D,2.75,3.1,2.3,2.7,3.1,2.4,2.8,3.1,2.3,2.9,3.0,2.2,2.7,3.1,2.3,2.8,3.2,2.3,2.65,3.1,2.35,2.75,3.0,2.38,2.5,3.2,2.4,34.0,3.0,2.75,3.2,3.1,2.45,2.34,27.0,2.5,2.31,1.57,1.52,15.0,0.0,2.12,2.03,1.83,1.77
P1,04/12/06,Maritimo,Setubal,1,0,H,0,0,D,1.66,3.4,4.5,1.8,3.3,4.0,1.7,3.4,4.25,1.65,3.3,4.4,1.66,3.3,4.5,1.7,3.4,4.5,1.65,3.3,4.6,1.67,3.4,4.5,1.55,3.5,5.0,35.0,1.73,1.67,3.55,3.39,5.0,4.58,27.0,2.5,2.18,1.65,1.58,17.0,-0.75,2.06,2.01,1.89,1.85
P1,29/04/07,Naval,Aves,0,1,A,0,0,D,1.9,3.1,3.75,1.8,3.25,4.0,1.9,3.2,3.75,2.1,3.2,2.9,1.83,3.2,3.75,1.83,3.25,4.0,1.95,3.0,3.6,1.8,3.2,4.0,1.9,3.25,3.4,35.0,2.1,1.9,3.3,3.18,4.2,3.7,27.0,2.4,2.2,1.62,1.58,16.0,-0.5,2.07,2.02,1.88,1.85
P1,26/08/06,Sp Lisbon,Boavista,3,2,H,0,1,A,1.53,3.5,5.5,1.45,3.9,5.95,1.55,3.5,5.5,1.5,3.7,5.0,1.5,3.4,6.0,1.57,3.6,5.5,1.44,3.6,6.5,1.53,3.4,6.0,1.45,3.6,6.5,,,,,,,,,,,,,,,,,,
P1,21/10/06,Boavista,Nacional,0,4,A,0,2,A,1.95,3.3,3.25,1.75,3.35,4.1,1.8,3.2,4.0,1.75,3.2,4.0,1.83,3.2,3.75,1.8,3.25,4.2,1.8,3.2,3.9,2.1,3.0,3.4,1.75,3.4,4.0,33.0,2.07,1.84,3.4,3.23,4.33,3.92,21.0,2.3,2.14,1.65,1.6,8.0,0.0,1.4,1.35,2.9,2.82
P1,14/01/07,Setubal,Naval,0,3,A,0,1,A,2.25,3.2,2.8,2.5,3.2,2.5,2.4,3.2,2.6,2.4,3.0,2.6,2.3,3.1,2.7,2.5,3.2,2.6,2.4,3.1,2.6,2.25,3.2,2.8,2.3,3.1,2.75,26.0,2.7,2.42,3.2,3.11,2.88,2.66,20.0,2.38,2.17,1.65,1.57,12.0,0.0,1.75,1.71,2.3,2.06
P1,08/12/06,Belenenses,Sp Braga,2,0,H,1,0,H,2.9,3.1,2.25,2.85,3.15,2.25,2.75,3.1,2.35,2.7,3.0,2.3,2.7,3.2,2.25,2.75,3.1,2.4,2.6,3.1,2.4,2.75,3.2,2.38,2.8,3.1,2.25,34.0,3.14,2.82,3.25,3.12,2.4,2.31,26.0,2.55,2.21,1.65,1.57,15.0,0.0,2.19,2.04,1.73,1.68
P1,07/04/07,Pacos Ferreira,Nacional,2,1,H,0,1,A,2.15,3.1,3.0,2.15,2.95,3.25,2.1,3.1,3.2,2.1,3.0,3.1,2.0,3.2,3.2,2.1,3.2,3.2,1.9,3.1,3.6,2.1,3.0,3.25,2.0,3.2,3.2,35.0,2.3,2.13,3.25,3.11,3.35,3.11,27.0,2.45,2.24,1.6,1.56,15.0,-0.25,2.04,2.01,1.89,1.86
P1,27/01/07,Pacos Ferreira,Sp Braga,3,2,H,1,0,H,2.62,3.0,2.5,2.55,3.15,2.5,2.5,3.0,2.6,2.4,3.0,2.6,2.5,3.1,2.5,2.55,3.1,2.6,2.5,3.2,2.4,2.4,3.2,2.6,2.65,3.2,2.3,34.0,2.88,2.56,3.2,3.09,2.63,2.52,27.0,2.45,2.21,1.65,1.56,14.0,0.0,2.19,1.99,1.85,1.79
P1,29/04/07,Nacional,Est Amadora,1,0,H,0,0,D,1.75,3.3,4.2,1.75,3.3,4.25,1.8,3.3,4.0,1.85,3.1,3.6,1.75,3.25,4.0,1.83,3.25,4.0,1.7,3.4,4.2,1.8,3.25,4.0,1.7,3.25,4.35,37.0,1.85,1.77,3.4,3.25,4.75,4.16,28.0,2.19,2.06,1.73,1.66,16.0,-0.5,1.89,1.83,2.08,2.04
P1,12/03/07,Benfica,Leiria,2,0,H,1,0,H,1.33,4.0,8.5,1.25,5.0,9.0,1.3,4.25,9.0,1.35,4.0,7.0,1.33,4.0,8.0,1.28,4.6,9.5,1.33,4.0,8.0,1.29,4.33,9.0,1.28,4.5,8.5,34.0,1.35,1.31,4.65,4.31,9.5,8.42,29.0,2.02,1.91,1.89,1.82,15.0,-1.5,2.13,2.1,1.82,1.8
P1,20/10/06,Belenenses,Pacos Ferreira,2,0,H,2,0,H,2.05,3.2,3.3,2.15,3.1,3.1,2.2,3.1,3.0,2.2,3.0,2.9,2.1,3.2,3.0,2.2,3.2,3.0,2.1,3.1,3.1,2.3,3.0,3.0,2.1,3.1,3.1,31.0,2.2,2.14,3.25,3.13,3.5,3.11,20.0,2.52,2.27,1.6,1.55,11.0,0.0,1.65,1.55,2.5,2.26
P1,28/01/07,Aves,Beira Mar,0,0,D,0,0,D,2.1,3.1,3.3,2.1,3.2,3.1,2.1,3.1,3.2,2.1,3.0,3.1,2.0,3.2,3.2,2.0,3.2,3.5,2.1,3.2,3.0,2.1,3.0,3.4,2.0,3.2,3.25,33.0,2.2,2.08,3.3,3.14,3.75,3.23,26.0,2.5,2.14,1.67,1.62,15.0,0.0,1.6,1.53,2.5,2.27
P1,15/10/06,Est Amadora,Sp Lisbon,0,1,A,0,1,A,5.75,3.5,1.53,5.4,3.55,1.55,5.0,3.4,1.62,4.2,3.2,1.7,5.5,3.4,1.53,5.5,3.5,1.57,5.5,3.5,1.53,6.0,3.5,1.53,5.5,3.6,1.5,31.0,6.3,5.33,3.6,3.41,1.7,1.59,22.0,2.5,2.18,1.65,1.58,11.0,0.75,2.25,2.14,1.79,1.75
P1,17/09/06,Naval,Porto,0,2,A,0,2,A,5.5,3.4,1.57,5.75,3.65,1.5,5.5,3.5,1.55,4.6,3.4,1.6,5.5,3.4,1.53,5.5,3.5,1.57,5.5,3.5,1.53,6.0,3.6,1.5,5.0,3.5,1.55,33.0,6.12,5.46,3.65,3.45,1.65,1.57,22.0,2.25,2.0,1.8,1.73,9.0,0.75,2.21,2.18,1.77,1.74
P1,16/12/06,Sp Lisbon,Academica,1,0,H,1,0,H,1.2,5.25,11.0,1.2,5.25,11.0,1.22,5.0,10.0,1.2,5.0,10.0,1.22,5.0,10.0,1.22,5.5,10.0,1.2,5.0,11.0,1.22,5.0,11.0,1.2,5.0,11.0,36.0,1.25,1.22,5.55,5.12,11.0,10.2,24.0,1.99,1.89,1.96,1.84,14.0,-1.5,1.96,1.92,1.97,1.94
P1,26/02/07,Benfica,Pacos Ferreira,3,1,H,2,1,H,1.25,5.0,8.5,1.3,5.0,7.0,1.32,4.5,8.0,1.33,3.8,8.0,1.33,4.33,7.0,1.3,4.5,9.0,1.28,4.33,8.5,1.33,4.5,7.0,1.3,4.5,7.5,32.0,1.35,1.31,5.0,4.44,10.0,8.11,26.0,1.98,1.87,1.96,1.87,15.0,-1.5,2.08,2.03,1.84,1.79
P1,26/08/06,Sp Braga,Pacos Ferreira,2,1,H,0,0,D,1.57,3.4,5.5,1.5,3.8,5.45,1.55,3.5,5.5,1.55,3.5,4.8,1.57,3.5,5.0,1.55,3.6,5.5,1.5,3.6,5.5,1.62,3.25,5.5,1.45,3.75,6.0,2.0,1.55,1.55,3.6,3.55,5.8,5.4,1.0,2.2,2.2,1.6,1.6,,,,,,
P1,14/10/06,Porto,Maritimo,3,0,H,1,0,H,1.28,4.33,9.5,1.22,5.0,11.0,1.25,5.0,9.0,1.3,4.2,8.0,1.28,4.5,8.0,1.29,4.5,10.0,1.25,4.5,10.0,1.2,5.0,13.0,1.2,5.5,9.0,31.0,1.33,1.27,5.5,4.61,13.0,9.52,22.0,2.2,1.97,1.8,1.72,11.0,-1.5,2.15,2.09,1.83,1.76
P1,22/10/06,Academica,Aves,2,0,H,1,0,H,1.85,3.25,3.75,1.85,3.3,3.75,1.85,3.2,3.8,1.9,3.1,3.5,1.83,3.2,3.75,1.85,3.2,4.0,1.9,3.2,3.5,1.83,3.25,4.0,1.8,3.25,3.75,27.0,1.9,1.86,3.29,3.21,4.3,3.83,18.0,2.25,2.09,1.7,1.63,9.0,0.0,1.5,1.36,3.05,2.81
P1,28/01/07,Belenenses,Benfica,1,2,A,0,2,A,4.2,3.3,1.75,4.35,3.4,1.7,4.2,3.3,1.75,4.0,3.2,1.75,4.0,3.25,1.75,4.2,3.4,1.75,3.75,3.5,1.75,4.25,3.25,1.75,4.5,3.5,1.6,33.0,4.85,4.28,3.5,3.28,1.8,1.74,25.0,2.25,2.05,1.76,1.67,15.0,0.0,3.4,3.16,1.36,1.29
P1,24/11/06,Boavista,Est Amadora,1,1,D,0,1,A,1.4,3.75,6.5,1.45,3.8,6.35,1.5,3.6,6.0,1.5,3.7,5.0,1.5,3.4,6.0,1.5,3.6,6.5,1.55,3.6,5.0,1.53,3.5,6.0,1.45,3.6,6.5,36.0,1.53,1.49,3.95,3.61,8.0,6.26,26.0,2.2,2.06,1.75,1.67,13.0,-1.0,2.0,1.93,1.95,1.9
P1,30/04/07,Academica,Sp Braga,0,1,A,0,0,D,2.62,3.2,2.37,2.6,3.2,2.4,2.6,3.2,2.4,2.7,2.8,2.5,2.62,3.2,2.3,2.7,3.2,2.38,2.75,3.1,2.3,2.62,3.2,2.38,2.75,3.1,2.3,28.0,2.85,2.67,3.2,3.12,2.5,2.4,15.0,2.38,2.25,1.6,1.56,6.0,0.0,2.08,1.95,1.84,1.76
P1,08/09/06,Aves,Sp Braga,0,1,A,0,1,A,2.5,3.25,2.1,3.05,3.15,2.15,3.0,3.1,2.2,2.7,3.0,2.3,2.8,3.2,2.2,3.0,3.2,2.2,3.0,3.1,2.15,3.5,3.0,2.0,3.1,3.1,2.1,29.0,3.55,3.09,3.26,3.13,2.3,2.14,22.0,2.46,2.26,1.6,1.55,11.0,0.0,2.63,2.27,1.7,1.56
P1,01/10/06,Benfica,Aves,4,1,H,1,1,D,1.25,5.0,9.0,1.25,4.75,10.0,1.25,4.9,9.0,1.25,4.5,9.0,1.22,5.0,9.0,1.25,5.0,10.0,1.22,5.0,9.5,1.22,4.75,12.0,1.22,5.0,9.5,33.0,1.28,1.24,5.13,4.9,14.85,10.07,21.0,1.85,1.75,2.15,1.91,11.0,-1.5,1.89,1.85,2.04,2.0
P1,10/12/06,Naval,Benfica,0,0,D,0,0,D,4.5,3.3,1.7,4.4,3.4,1.7,4.25,3.3,1.75,4.0,3.2,1.75,4.33,3.4,1.66,4.5,3.25,1.75,4.0,3.4,1.72,4.0,3.2,1.83,4.35,3.4,1.65,37.0,5.0,4.25,3.5,3.29,1.83,1.75,26.0,2.2,2.04,1.75,1.66,15.0,0.5,2.15,2.11,1.8,1.76
P1,15/12/06,Maritimo,Belenenses,1,4,A,0,2,A,1.75,3.2,5.0,1.72,3.25,4.5,1.75,3.25,4.2,1.7,3.2,4.2,1.8,3.1,4.0,1.83,3.25,4.0,1.8,3.25,3.8,1.8,3.25,4.0,1.65,3.4,4.35,37.0,1.84,1.77,3.4,3.25,5.0,4.21,28.0,2.61,2.29,1.6,1.52,17.0,-0.5,1.87,1.84,2.07,2.04
P1,26/11/06,Naval,Sp Lisbon,0,1,A,0,0,D,5.0,3.4,1.61,4.6,3.45,1.65,4.5,3.3,1.7,4.2,3.2,1.7,4.5,3.5,1.61,4.0,3.4,1.8,4.6,3.3,1.65,3.75,3.25,1.83,4.5,3.25,1.65,33.0,5.5,4.43,3.5,3.36,1.83,1.71,24.0,2.4,2.17,1.7,1.6,12.0,0.75,1.95,1.92,1.97,1.95
P1,22/10/06,Setubal,Leiria,1,2,A,1,1,D,2.1,3.2,3.1,2.0,3.2,3.35,2.0,3.2,3.3,2.0,3.0,3.3,2.0,3.2,3.2,2.0,3.2,3.5,2.0,3.2,3.2,2.3,3.0,3.0,2.0,3.2,3.2,29.0,2.3,2.05,3.25,3.15,3.5,3.28,18.0,2.4,2.24,1.6,1.55,9.0,0.0,1.6,1.52,2.6,2.3
P1,23/02/07,Sp Lisbon,Aves,0,0,D,0,0,D,1.16,6.0,12.0,1.15,6.5,11.0,1.18,6.0,11.0,1.15,6.0,12.0,1.14,6.5,11.0,1.17,6.0,13.0,1.14,6.0,12.0,1.17,6.0,11.0,1.17,6.0,10.0,37.0,1.2,1.16,6.5,5.91,15.0,12.31,33.0,1.88,1.79,2.05,1.94,17.0,-1.75,1.88,1.85,2.08,2.03
P1,14/01/07,Pacos Ferreira,Beira Mar,1,0,H,0,0,D,1.7,3.2,4.75,1.6,3.4,5.15,1.6,3.4,5.0,1.7,3.2,4.2,1.66,3.25,4.5,1.62,3.5,5.0,1.66,3.1,5.0,1.73,3.25,4.5,1.65,2.9,5.5,27.0,1.75,1.66,3.5,3.34,5.0,4.77,18.0,2.2,2.08,1.7,1.63,10.0,-0.75,2.12,2.08,1.83,1.8
P1,26/11/06,Belenenses,Porto,0,1,A,0,1,A,6.5,3.75,1.44,6.0,3.9,1.45,5.5,3.5,1.55,5.0,3.7,1.5,5.5,3.4,1.53,5.0,3.5,1.62,5.5,3.3,1.55,5.5,3.6,1.53,5.0,3.25,1.6,31.0,7.5,5.53,4.0,3.58,1.6,1.54,23.0,2.2,2.05,1.8,1.67,14.0,1.0,1.94,1.9,2.0,1.92
P1,03/03/07,Aves,Benfica,0,1,A,0,0,D,8.0,4.0,1.44,7.0,3.9,1.4,6.5,3.75,1.44,5.0,3.7,1.5,6.5,3.6,1.44,6.5,3.6,1.5,5.5,3.6,1.5,7.0,3.6,1.44,6.5,3.9,1.4,36.0,8.0,6.72,4.0,3.73,1.5,1.44,26.0,2.14,2.0,1.81,1.72,13.0,1.0,2.13,2.02,1.81,1.79
P1,18/03/07,Pacos Ferreira,Belenenses,0,2,A,0,1,A,2.2,3.1,3.3,2.05,3.15,3.25,2.1,3.2,3.1,2.0,3.1,3.2,2.1,3.2,3.0,2.05,3.2,3.3,2.0,3.1,3.3,2.1,3.0,3.25,2.0,3.2,3.25,33.0,2.2,2.08,3.25,3.16,3.36,3.21,31.0,2.4,2.22,1.6,1.56,16.0,0.0,1.65,1.97,1.92,1.89
P1,15/04/07,Nacional,Aves,3,4,A,1,0,H,1.53,3.5,5.75,1.55,3.45,5.65,1.55,3.5,5.5,1.55,3.5,4.8,1.53,3.25,6.0,1.57,3.5,5.5,1.5,3.75,5.25,1.53,3.4,6.0,1.5,3.6,6.0,30.0,1.6,1.53,3.65,3.51,7.0,5.76,25.0,2.22,2.09,1.68,1.64,14.0,-1.0,2.12,2.03,1.85,1.78
P1,05/03/07,Boavista,Belenenses,0,0,D,0,0,D,2.0,3.25,3.25,2.05,3.25,3.2,2.1,3.2,3.1,2.1,3.0,3.1,2.0,3.2,3.2,2.2,3.2,3.0,2.1,3.2,3.0,2.0,3.2,3.25,2.0,3.2,3.25,31.0,2.2,2.08,3.25,3.17,3.45,3.17,24.0,2.4,2.19,1.62,1.57,14.0,-0.25,1.88,1.85,2.07,2.03
P1,18/03/07,Leiria,Setubal,1,1,D,0,0,D,1.6,3.6,4.75,1.6,3.5,5.0,1.6,3.5,5.0,1.6,3.4,4.6,1.6,3.4,5.0,1.62,3.5,5.0,1.55,3.4,5.5,1.57,3.4,5.5,1.53,3.6,5.5,36.0,1.65,1.59,3.6,3.46,5.8,5.25,31.0,2.5,2.3,1.6,1.52,14.0,-0.75,2.05,2.02,1.89,1.88
P1,14/01/07,Aves,Porto,0,2,A,0,1,A,8.0,4.2,1.4,7.0,3.9,1.4,7.5,3.8,1.4,6.3,3.8,1.4,7.0,3.75,1.4,6.25,4.0,1.44,7.0,4.0,1.36,8.0,4.0,1.36,7.0,4.0,1.35,27.0,8.5,7.14,4.2,3.9,1.45,1.4,20.0,2.13,1.95,1.9,1.76,12.0,1.0,2.25,2.17,1.74,1.7
P1,02/10/06,Setubal,Pacos Ferreira,1,1,D,1,0,H,2.2,3.2,2.87,2.2,3.1,3.0,2.2,3.15,2.9,2.3,3.0,2.7,2.2,3.1,2.87,2.2,3.2,3.0,2.1,3.2,3.0,2.25,3.2,2.8,2.2,3.2,2.8,33.0,2.3,2.2,3.25,3.17,3.3,2.94,25.0,2.4,2.23,1.61,1.54,12.0,-0.25,1.99,1.96,1.95,1.92
P1,01/04/07,Maritimo,Sp Braga,1,2,A,1,1,D,2.45,3.1,2.87,2.3,3.05,2.85,2.3,3.1,2.8,2.3,3.0,2.7,2.25,3.2,2.7,2.38,3.1,2.8,2.3,3.2,2.65,2.38,3.2,2.62,2.3,3.1,2.7,36.0,2.45,2.34,3.2,3.1,3.0,2.79,30.0,2.39,2.16,1.67,1.6,16.0,0.0,1.8,1.73,2.12,2.03
P1,26/11/06,Academica,Beira Mar,3,1,H,1,1,D,1.83,3.25,3.75,1.8,3.3,3.9,1.85,3.2,3.9,1.8,3.1,3.8,1.8,3.25,3.75,1.8,3.25,4.2,1.9,3.1,3.6,1.83,3.25,3.75,1.8,3.25,3.75,33.0,1.87,1.83,3.32,3.22,4.3,3.91,24.0,2.15,2.03,1.83,1.68,12.0,-0.5,2.01,1.96,1.94,1.91
P1,05/11/06,Naval,Maritimo,0,1,A,0,0,D,2.05,3.25,3.1,1.95,3.25,3.4,1.95,3.2,3.5,1.9,3.1,3.5,2.0,3.2,3.2,1.91,3.3,3.6,2.1,3.2,3.0,2.1,3.2,3.2,1.9,3.25,3.5,32.0,2.2,1.99,3.3,3.2,3.75,3.39,23.0,2.38,2.15,1.65,1.6,15.0,-0.5,2.19,2.14,1.78,1.74
P1,17/02/07,Pacos Ferreira,Sp Lisbon,1,1,D,0,0,D,4.5,3.3,1.8,3.9,3.35,1.8,3.6,3.25,1.9,3.5,3.1,1.9,3.75,3.1,1.85,3.6,3.3,1.91,4.2,3.25,1.72,3.6,3.2,1.91,3.75,3.25,1.8,36.0,4.5,3.88,3.4,3.24,1.95,1.84,30.0,2.25,2.1,1.73,1.63,17.0,0.5,2.13,2.04,1.86,1.83
P1,16/04/07,Benfica,Sp Braga,0,0,D,0,0,D,1.45,3.6,6.5,1.5,3.5,6.15,1.45,3.75,6.25,1.45,3.8,5.4,1.53,3.4,6.0,1.53,3.75,5.5,1.4,3.75,7.0,1.44,3.75,6.5,1.45,3.6,6.5,29.0,1.55,1.5,3.8,3.59,7.5,6.08,25.0,2.27,2.03,1.8,1.68,14.0,-1.0,2.02,1.95,1.92,1.88
P1,04/02/07,Sp Braga,Aves,1,0,H,0,0,D,1.3,4.2,9.5,1.35,4.25,7.5,1.33,4.2,8.0,1.37,3.8,7.0,1.36,4.0,7.0,1.36,4.33,7.5,1.33,4.0,8.0,1.36,4.0,7.5,1.3,4.35,8.0,31.0,1.4,1.35,4.5,4.09,9.5,7.9,25.0,2.07,1.93,1.88,1.79,13.0,-1.25,1.88,1.85,2.08,2.03
P1,13/05/07,Leiria,Naval,2,2,D,1,2,A,1.72,3.4,4.2,1.6,3.45,5.0,1.6,3.5,5.0,1.5,3.7,5.0,1.72,3.25,4.2,1.62,3.5,5.0,1.57,3.5,5.0,1.67,3.4,4.5,,,,34.0,1.73,1.65,3.7,3.42,5.5,4.71,22.0,2.35,2.19,1.65,1.57,14.0,-0.75,1.94,1.91,2.04,1.96
P1,13/01/07,Nacional,Sp Braga,0,0,D,0,0,D,2.45,3.1,2.87,2.25,3.15,2.85,2.3,3.1,2.8,2.2,3.0,2.9,2.3,3.1,2.7,2.38,3.1,2.8,2.2,3.1,2.87,2.38,3.0,2.8,2.25,3.25,2.7,32.0,2.45,2.3,3.2,3.1,3.1,2.85,23.0,2.2,2.03,1.75,1.66,14.0,0.0,1.74,1.68,2.1,2.02
P1,06/11/06,Setubal,Porto,0,3,A,0,2,A,6.5,3.4,1.5,5.15,3.65,1.55,5.25,3.6,1.55,4.8,3.5,1.55,6.0,3.4,1.5,5.0,3.5,1.62,5.0,3.5,1.57,6.5,3.6,1.5,5.5,3.5,1.53,38.0,6.5,5.75,4.0,3.53,1.6,1.53,29.0,2.38,2.11,1.67,1.6,16.0,1.0,2.11,1.96,1.96,1.86
P1,20/05/07,Porto,Aves,4,1,H,1,1,D,1.14,6.0,13.0,1.1,7.0,16.0,1.15,6.0,13.0,1.1,7.0,15.0,1.14,6.0,13.0,1.15,6.5,13.0,1.14,6.0,12.0,1.14,6.0,13.0,1.12,6.5,13.0,33.0,1.16,1.14,7.0,6.21,19.0,13.47,23.0,1.7,1.63,2.38,2.09,12.0,-2.0,1.95,1.91,1.97,1.93
P1,06/05/07,Leiria,Aves,3,1,H,0,0,D,1.72,3.4,4.2,1.7,3.45,4.25,1.75,3.4,4.0,1.75,3.3,3.8,1.8,3.4,3.6,1.73,3.5,4.2,1.8,3.3,3.8,1.73,3.4,4.0,1.75,3.25,4.0,33.0,1.95,1.8,3.4,3.31,4.35,3.93,22.0,2.45,2.28,1.6,1.53,14.0,-0.5,2.05,1.97,1.93,1.9
P1,19/11/06,Maritimo,Sp Lisbon,0,1,A,0,0,D,3.3,3.1,2.05,3.3,3.25,2.0,3.2,3.1,2.1,3.1,3.0,2.1,3.2,3.2,2.0,3.2,3.2,2.1,3.1,3.2,2.05,3.4,3.25,2.0,3.25,3.2,2.0,34.0,3.5,3.18,3.3,3.18,2.15,2.06,26.0,2.25,2.07,1.7,1.65,13.0,0.25,2.09,2.04,1.85,1.83
P1,10/12/06,Academica,Maritimo,1,2,A,0,1,A,2.25,3.25,2.8,2.35,2.9,2.95,2.3,3.1,2.8,2.3,3.0,2.7,2.25,3.1,2.8,2.25,3.2,2.88,2.2,3.1,2.9,2.25,3.2,2.8,2.25,3.1,2.8,31.0,2.4,2.29,3.25,3.13,3.18,2.83,22.0,2.38,2.09,1.7,1.63,12.0,0.0,1.7,1.64,2.15,2.03
P1,14/01/07,Leiria,Est Amadora,0,0,D,0,0,D,1.75,3.2,4.2,1.7,3.35,4.4,1.72,3.3,4.25,1.8,3.1,3.8,1.75,3.25,4.0,1.73,3.4,4.33,1.66,3.2,4.8,1.91,3.2,3.6,1.65,3.4,4.35,28.0,1.91,1.77,3.35,3.25,4.5,4.19,20.0,2.4,2.24,1.6,1.53,11.0,0.0,1.35,1.33,3.15,3.03
P1,07/04/07,Est Amadora,Academica,3,3,D,2,1,H,2.15,3.2,3.0,1.95,3.2,3.5,1.95,3.15,3.5,1.9,3.1,3.5,2.0,3.2,3.2,1.91,3.25,3.75,1.9,3.1,3.6,2.0,3.1,3.4,1.9,3.0,3.75,35.0,2.2,2.02,3.25,3.14,3.75,3.37,27.0,2.39,2.23,1.6,1.56,15.0,-0.25,1.95,1.91,2.0,1.95
P1,04/02/07,Beira Mar,Leiria,1,0,H,1,0,H,2.87,3.0,2.37,3.0,3.2,2.15,3.0,3.1,2.2,2.9,3.0,2.2,2.8,3.2,2.2,3.2,3.2,2.1,3.1,3.1,2.1,3.0,3.1,2.2,2.9,3.1,2.2,33.0,3.35,2.99,3.25,3.12,2.4,2.21,24.0,2.2,2.1,1.74,1.62,13.0,0.0,2.2,2.11,1.76,1.66
P1,17/09/06,Beira Mar,Est Amadora,2,0,H,1,0,H,2.2,3.2,2.87,1.95,3.3,3.4,2.1,3.15,3.1,2.1,3.0,3.1,2.1,3.2,3.0,2.1,3.2,3.2,2.0,3.2,3.2,2.25,3.0,3.0,1.9,3.25,3.5,32.0,2.3,2.08,3.29,3.16,3.78,3.2,20.0,2.28,2.08,1.7,1.65,10.0,0.0,1.6,1.5,2.55,2.3
P1,27/08/06,Naval,Est Amadora,2,0,H,1,0,H,2.25,3.2,2.8,2.25,3.2,2.8,2.25,3.2,2.8,2.2,3.0,2.9,2.2,3.2,2.8,2.3,3.2,2.8,2.1,3.2,3.0,2.38,3.0,2.75,1.9,3.25,3.4,23.0,2.38,2.21,3.25,3.15,3.3,2.97,12.0,2.3,2.18,1.65,1.58,7.0,0.0,1.55,1.51,2.6,2.3
P1,12/01/07,Boavista,Maritimo,1,1,D,1,1,D,1.9,3.1,4.33,2.0,3.2,3.35,2.0,3.1,3.4,2.1,3.0,3.1,1.9,3.2,3.5,1.91,3.2,3.75,2.0,3.2,3.2,2.0,3.1,3.5,1.9,3.25,3.5,33.0,2.1,1.96,3.3,3.16,4.33,3.57,28.0,2.4,2.18,1.62,1.57,16.0,0.0,1.6,1.42,2.85,2.64
P1,18/02/07,Leiria,Sp Braga,1,0,H,0,0,D,2.55,3.1,2.75,2.4,3.2,2.6,2.35,3.1,2.75,2.3,3.0,2.7,2.3,3.1,2.7,2.38,3.2,2.75,2.4,3.1,2.6,2.38,3.0,2.75,2.35,3.1,2.6,36.0,2.6,2.4,3.2,3.08,2.9,2.73,31.0,2.38,2.22,1.63,1.57,17.0,0.0,1.89,1.81,2.04,1.98
P1,06/11/06,Sp Lisbon,Sp Braga,3,0,H,2,0,H,1.45,3.75,6.0,1.5,3.8,5.5,1.5,3.6,6.0,1.55,3.4,5.0,1.5,3.4,6.0,1.53,3.6,6.0,1.5,3.6,5.5,1.57,3.5,5.5,1.5,3.6,5.5,39.0,1.6,1.51,3.92,3.58,7.0,5.93,31.0,2.3,2.06,1.75,1.65,17.0,-1.0,2.06,2.0,1.88,1.82
P1,11/03/07,Maritimo,Porto,1,2,A,0,2,A,5.5,3.6,1.61,5.5,3.5,1.55,4.5,3.4,1.68,4.2,3.2,1.7,4.5,3.25,1.66,4.75,3.4,1.67,4.5,3.3,1.66,4.33,3.25,1.73,5.0,3.25,1.6,37.0,5.5,4.69,3.6,3.33,1.73,1.68,29.0,2.26,2.02,1.75,1.69,16.0,0.75,2.02,1.98,1.93,1.9
P1,30/10/06,Pacos Ferreira,Boavista,2,0,H,1,0,H,2.3,3.25,2.62,2.35,3.15,2.75,2.15,3.2,3.0,2.2,3.0,2.9,2.1,3.2,3.0,2.15,3.25,3.05,2.3,3.1,2.7,2.38,3.0,2.88,2.25,3.2,2.75,37.0,2.35,2.21,3.25,3.15,3.1,2.92,28.0,2.55,2.21,1.62,1.55,16.0,0.0,1.78,1.65,2.2,2.12
P1,10/09/06,Academica,Naval,1,2,A,1,0,H,2.0,3.25,3.25,1.9,3.35,3.5,1.91,3.25,3.5,1.9,3.1,3.5,2.0,3.2,3.2,2.0,3.2,3.5,1.8,3.3,3.75,2.2,3.2,2.88,1.9,3.25,3.4,29.0,2.25,1.94,3.4,3.21,4.0,3.52,18.0,2.3,2.12,1.67,1.61,11.0,-0.5,2.08,2.04,1.86,1.83
P1,13/10/06,Beira Mar,Sp Braga,0,3,A,0,1,A,3.4,3.0,2.05,2.9,3.15,2.25,2.9,3.15,2.2,2.7,3.0,2.3,,,,3.0,3.1,2.25,2.8,3.1,2.25,3.25,3.0,2.1,2.8,3.2,2.2,31.0,3.45,3.03,3.2,3.08,2.3,2.19,22.0,2.4,2.26,1.6,1.54,11.0,0.0,2.4,2.17,1.7,1.59
P1,03/11/06,Belenenses,Leiria,0,1,A,0,1,A,2.1,3.2,3.1,2.1,3.25,3.05,2.15,3.2,3.0,2.2,3.0,2.9,2.1,3.2,3.0,2.2,3.2,3.0,2.15,3.2,2.9,2.25,3.1,3.0,2.1,3.2,3.0,34.0,2.22,2.12,3.25,3.17,3.54,3.11,24.0,2.45,2.22,1.65,1.58,16.0,-0.25,1.95,1.9,2.01,1.98
P1,11/03/07,Sp Braga,Beira Mar,0,0,D,0,0,D,1.33,4.5,6.5,1.35,4.0,8.25,1.35,4.0,8.0,1.4,3.8,6.5,1.36,4.0,7.0,1.36,4.2,7.5,1.3,4.5,7.5,1.36,4.0,7.5,1.35,4.0,7.0,37.0,1.45,1.37,4.5,4.05,8.5,7.43,30.0,2.02,1.92,1.93,1.82,15.0,-1.0,1.87,1.84,2.07,2.03
P1,22/09/06,Porto,Beira Mar,3,0,H,0,0,D,1.22,5.5,9.0,1.22,4.85,11.5,1.25,5.0,9.0,1.25,4.5,9.0,1.22,5.0,10.0,1.25,5.0,10.0,1.22,5.0,9.5,1.22,5.0,10.0,1.25,5.0,8.0,33.0,1.29,1.24,5.5,4.95,13.95,9.77,25.0,2.0,1.81,2.1,1.91,11.0,-1.5,2.04,1.97,1.95,1.88
P1,03/12/06,Sp Braga,Academica,4,2,H,2,0,H,1.45,3.6,6.0,1.45,3.85,6.1,1.5,3.75,5.5,1.5,3.7,5.0,1.5,3.4,6.0,1.53,3.6,6.0,1.45,3.75,6.0,1.53,3.5,6.0,1.4,4.0,6.0,35.0,1.55,1.5,4.0,3.62,7.45,5.86,24.0,2.15,2.01,1.75,1.68,14.0,-1.0,2.05,1.96,1.9,1.85
P1,28/10/06,Leiria,Academica,2,0,H,1,0,H,1.95,3.3,3.4,1.8,3.3,3.95,1.85,3.25,3.75,1.85,3.1,3.6,1.83,3.2,3.75,1.8,3.3,4.1,1.85,3.2,3.7,2.0,3.0,3.75,1.85,3.25,3.75,32.0,1.95,1.84,3.3,3.23,4.25,3.87,24.0,2.4,2.14,1.67,1.57,13.0,-0.5,2.0,1.96,1.94,1.91
P1,11/03/07,Setubal,Aves,1,1,D,1,1,D,1.9,3.3,3.5,1.85,3.1,4.0,1.9,3.2,3.6,1.85,3.1,3.6,1.95,3.25,3.25,1.91,3.25,3.75,1.95,3.2,3.3,1.91,3.2,3.6,1.9,3.2,3.5,36.0,2.0,1.93,3.3,3.17,4.2,3.61,29.0,2.5,2.31,1.57,1.52,14.0,-0.5,2.06,2.02,1.88,1.86
P1,20/11/06,Est Amadora,Belenenses,1,0,H,1,0,H,2.37,3.1,2.7,2.3,3.1,2.8,2.4,3.1,2.65,2.4,3.0,2.6,2.35,3.2,2.6,2.5,3.1,2.62,2.37,3.1,2.62,2.38,3.0,2.88,2.4,2.9,2.75,39.0,2.53,2.4,3.3,3.09,2.9,2.69,28.0,2.75,2.31,1.6,1.53,18.0,0.0,1.85,1.77,2.14,2.03
P1,03/12/06,Aves,Naval,2,0,H,0,0,D,2.45,3.1,2.55,2.8,3.15,2.3,2.6,3.1,2.45,2.5,3.0,2.5,2.5,3.1,2.5,2.7,3.2,2.38,2.75,3.1,2.3,2.62,3.2,2.38,2.5,3.2,2.4,34.0,2.7,2.56,3.2,3.1,2.75,2.5,25.0,2.4,2.27,1.6,1.53,14.0,0.0,1.95,1.86,2.0,1.91
P1,04/05/07,Beira Mar,Boavista,1,0,H,0,0,D,2.25,3.25,3.1,2.4,3.0,2.85,2.15,3.15,3.15,2.1,3.0,3.1,2.2,3.2,2.8,2.25,3.2,2.88,2.4,3.1,2.6,2.25,3.1,2.88,2.1,3.2,2.9,35.0,2.4,2.23,3.36,3.14,3.25,2.95,26.0,2.38,2.24,1.6,1.56,16.0,0.0,1.65,1.6,2.36,2.15
P1,06/05/07,Sp Braga,Belenenses,2,1,H,1,0,H,2.2,3.2,2.87,2.2,3.1,3.0,2.2,3.2,2.9,2.1,3.0,3.1,2.1,3.2,3.0,2.2,3.2,3.0,2.1,3.0,3.2,2.1,3.25,3.0,2.0,3.2,3.2,30.0,2.25,2.17,3.25,3.15,3.3,3.01,21.0,2.4,2.22,1.6,1.55,15.0,-0.25,1.91,1.88,2.04,1.99
P1,06/05/07,Sp Lisbon,Setubal,3,1,H,2,0,H,1.2,5.5,10.0,1.2,5.0,12.5,1.2,5.25,11.0,1.2,5.0,10.0,1.2,5.5,9.0,1.2,5.6,11.0,1.16,5.5,12.0,1.18,5.5,11.0,1.2,5.0,11.0,32.0,1.25,1.2,5.5,5.25,12.0,10.89,21.0,1.91,1.78,2.09,1.93,12.0,-1.5,1.79,1.76,2.16,2.14
P1,29/09/06,Naval,Beira Mar,2,1,H,0,0,D,2.0,3.1,3.4,2.0,3.1,3.45,2.0,3.15,3.35,2.0,3.0,3.3,2.0,3.2,3.2,2.0,3.2,3.5,2.0,3.2,3.2,1.91,3.25,3.6,2.0,3.2,3.25,32.0,2.2,2.03,3.25,3.15,3.6,3.34,23.0,2.28,2.1,1.7,1.64,12.0,0.0,1.58,1.51,2.5,2.39
P1,05/05/07,Benfica,Naval,2,1,H,1,0,H,1.2,5.5,10.0,1.2,5.0,12.5,1.2,5.25,11.0,1.2,5.0,10.0,1.22,5.0,10.0,1.22,5.25,11.0,1.16,5.5,12.0,1.18,5.5,11.0,1.15,5.5,12.0,33.0,1.25,1.2,5.5,5.24,13.0,10.95,22.0,1.86,1.8,2.06,1.92,13.0,-1.5,1.85,1.82,2.09,2.06
P1,20/04/07,Est Amadora,Boavista,2,1,H,0,0,D,2.4,3.2,2.87,2.25,3.0,3.0,2.35,3.0,2.8,2.3,2.8,2.9,2.25,3.1,2.8,2.4,3.1,2.75,2.3,3.1,2.7,2.38,3.0,2.75,2.25,3.0,2.9,35.0,2.5,2.36,3.2,3.03,3.05,2.81,29.0,2.5,2.33,1.6,1.52,17.0,0.0,1.8,1.71,2.13,2.04
P1,10/03/07,Sp Lisbon,Est Amadora,3,1,H,1,0,H,1.4,4.2,8.0,1.3,4.5,8.4,1.3,4.25,9.0,1.35,3.8,7.5,1.36,4.0,7.0,1.33,4.33,8.5,,,,1.3,4.33,8.5,1.25,4.5,9.5,38.0,1.4,1.34,4.55,4.24,9.5,8.0,29.0,2.18,2.03,1.8,1.72,16.0,-1.25,2.1,2.03,1.89,1.84
P1,13/04/07,Sp Lisbon,Maritimo,4,0,H,2,0,H,1.33,4.5,9.5,1.3,4.5,8.25,1.32,4.25,8.0,1.33,4.0,7.5,1.36,4.0,7.0,1.33,4.5,8.0,1.3,4.33,8.0,1.29,4.33,9.0,1.25,4.5,9.5,32.0,1.36,1.32,4.8,4.3,10.8,8.4,28.0,2.0,1.89,1.94,1.84,14.0,-1.5,2.04,2.01,1.91,1.85
P1,18/03/07,Aves,Academica,2,2,D,0,1,A,2.3,3.2,2.75,2.3,3.05,2.85,2.3,3.1,2.8,2.3,3.0,2.7,2.35,3.0,2.75,2.3,3.2,2.8,2.2,3.1,2.85,2.25,3.1,2.88,2.25,3.1,2.8,35.0,2.45,2.31,3.25,3.11,3.0,2.83,30.0,2.5,2.28,1.6,1.53,16.0,0.0,1.83,1.7,2.1,2.05
P1,28/01/07,Est Amadora,Naval,0,0,D,0,0,D,2.5,3.1,2.62,2.55,3.15,2.5,2.5,3.0,2.6,2.3,3.0,2.7,2.4,3.2,2.5,2.5,3.1,2.62,2.35,3.2,2.6,2.5,3.1,2.6,2.3,3.25,2.65,32.0,2.6,2.46,3.25,3.1,2.85,2.62,25.0,2.65,2.34,1.55,1.5,14.0,0.0,1.84,1.8,2.09,1.97
P1,20/05/07,Est Amadora,Leiria,1,1,D,0,0,D,2.5,3.2,2.5,2.25,3.15,2.85,2.5,3.2,2.5,2.45,3.1,2.45,2.62,3.5,2.2,2.6,3.2,2.5,2.6,3.5,2.2,2.6,3.1,2.5,2.5,3.25,2.35,33.0,2.78,2.5,3.5,3.17,2.7,2.52,24.0,2.27,2.12,1.67,1.61,11.0,0.0,2.05,1.96,1.9,1.87
P1,04/03/07,Nacional,Academica,4,0,H,1,0,H,1.8,3.3,3.8,1.85,3.25,3.75,1.85,3.25,3.75,1.75,3.2,4.0,1.8,3.25,3.75,1.91,3.25,3.75,1.85,3.25,3.6,1.8,3.25,4.0,1.75,3.4,3.9,35.0,1.93,1.82,3.4,3.25,4.15,3.87,25.0,2.17,2.03,1.75,1.67,13.0,-0.5,1.94,1.91,1.98,1.95
P1,12/05/07,Boavista,Sp Braga,0,1,A,0,1,A,2.5,3.1,2.5,2.6,3.05,2.55,2.5,3.1,2.5,2.3,3.0,2.7,2.4,3.0,2.65,2.5,3.1,2.62,2.4,3.1,2.6,2.62,2.88,2.62,2.5,3.1,2.5,34.0,2.55,2.48,3.2,3.09,2.75,2.59,22.0,2.25,2.16,1.65,1.59,13.0,0.0,1.96,1.88,2.02,1.93
P1,27/08/06,Maritimo,Nacional,1,0,H,1,0,H,2.3,3.2,2.7,2.25,3.25,2.8,2.3,3.1,2.8,2.4,3.0,2.6,2.2,3.2,2.8,2.3,3.2,2.8,2.15,3.0,3.1,2.4,3.0,2.75,,,,23.0,2.38,2.26,3.25,3.13,3.28,2.91,12.0,2.3,2.15,1.65,1.6,7.0,0.0,1.57,1.54,2.5,2.23
P1,01/04/07,Setubal,Est Amadora,2,0,H,1,0,H,2.1,3.0,3.25,2.3,3.05,2.85,2.2,3.1,3.0,2.1,3.0,3.1,2.25,3.1,2.8,2.25,3.1,3.0,2.25,3.2,2.7,2.1,3.1,3.2,2.2,3.1,2.9,34.0,2.25,2.18,3.2,3.12,3.25,3.01,28.0,2.7,2.4,1.55,1.49,15.0,0.0,1.6,1.57,2.5,2.23
P1,23/04/07,Beira Mar,Academica,0,1,A,0,0,D,2.25,3.0,2.9,2.25,2.9,3.1,2.25,3.0,3.0,2.1,3.0,3.1,2.2,3.1,2.9,2.3,3.1,2.9,2.15,3.0,3.1,2.2,3.1,3.0,2.1,3.2,3.0,32.0,2.4,2.22,3.2,3.05,3.25,3.0,23.0,2.2,2.06,1.8,1.69,15.0,-0.25,2.05,2.01,1.9,1.87
P1,28/04/07,Boavista,Porto,2,1,H,1,0,H,4.5,3.4,1.66,4.8,3.35,1.65,4.75,3.3,1.68,4.8,3.5,1.55,5.5,3.25,1.57,4.33,3.4,1.73,5.0,3.3,1.61,4.5,3.4,1.67,4.5,3.4,1.65,38.0,5.5,4.76,3.65,3.36,1.73,1.66,30.0,2.25,2.08,1.7,1.66,18.0,0.75,2.05,2.0,1.92,1.89
P1,29/10/06,Est Amadora,Setubal,1,0,H,0,0,D,2.45,3.2,2.55,2.4,3.1,2.7,2.4,3.0,2.75,2.5,3.0,2.5,2.5,3.1,2.5,2.45,3.2,2.6,2.5,3.1,2.5,2.4,3.0,2.75,2.4,3.1,2.7,32.0,2.63,2.45,3.25,3.09,2.8,2.65,24.0,2.44,2.27,1.55,1.5,14.0,0.0,1.9,1.82,2.09,1.98
P1,20/05/07,Beira Mar,Pacos Ferreira,1,1,D,0,1,A,2.0,3.25,3.25,1.9,3.3,3.55,2.05,3.2,3.2,2.1,3.1,3.0,2.25,3.3,2.62,2.1,3.2,3.2,2.25,3.3,2.62,2.0,3.25,3.25,2.0,3.25,3.25,33.0,2.11,2.02,3.3,3.23,3.75,3.26,24.0,2.25,2.09,1.67,1.64,11.0,-0.5,2.19,2.17,1.77,1.73
P1,21/04/07,Maritimo,Benfica,0,3,A,0,0,D,4.75,3.5,1.61,4.5,3.3,1.7,4.25,3.3,1.72,4.0,3.2,1.75,4.33,3.25,1.7,4.5,3.4,1.7,4.5,3.3,1.66,4.5,3.4,1.67,4.6,3.25,1.65,34.0,5.0,4.52,3.5,3.34,1.75,1.68,27.0,2.13,1.99,1.83,1.75,16.0,0.75,1.92,1.88,2.03,1.99
P1,02/04/07,Sp Lisbon,Beira Mar,2,0,H,2,0,H,1.22,5.0,11.0,1.25,5.0,9.0,1.22,5.2,10.0,1.25,4.5,9.0,1.25,4.5,10.0,1.22,5.25,11.0,1.22,5.0,9.5,1.22,5.0,10.0,1.2,5.5,9.0,29.0,1.28,1.24,5.5,4.89,12.0,10.12,14.0,1.73,1.67,2.2,2.02,6.0,0.0,1.03,1.98,1.92,1.89
P1,16/12/06,Benfica,Setubal,3,0,H,1,0,H,1.2,5.25,11.0,1.2,5.25,11.0,1.2,5.25,11.0,1.2,5.0,10.0,1.22,5.0,10.0,1.22,5.5,10.0,1.22,5.0,9.5,1.22,5.0,11.0,1.2,5.0,11.0,34.0,1.25,1.21,5.6,5.18,13.0,10.7,24.0,1.96,1.85,2.0,1.89,15.0,-1.5,1.9,1.88,2.05,2.0
P1,29/10/06,Sp Braga,Maritimo,1,4,A,0,2,A,1.6,3.5,5.0,1.6,3.6,4.75,1.6,3.4,5.0,1.6,3.4,4.6,1.57,3.25,5.5,1.62,3.6,4.8,1.65,3.5,4.25,1.57,3.5,5.5,1.55,3.25,5.5,34.0,1.76,1.62,3.6,3.42,5.94,4.91,26.0,2.4,2.14,1.7,1.57,13.0,-0.75,1.9,1.86,2.09,2.02
P1,23/09/06,Aves,Sp Lisbon,0,2,A,0,1,A,4.2,3.4,1.72,4.75,3.4,1.65,4.6,3.4,1.65,3.8,3.1,1.8,4.33,3.4,1.66,4.33,3.4,1.73,4.5,3.3,1.66,5.0,3.4,1.62,4.35,3.4,1.65,31.0,5.94,4.63,3.45,3.35,1.8,1.67,23.0,2.3,2.05,1.75,1.66,11.0,0.75,2.05,2.03,1.91,1.84
P1,10/09/06,Pacos Ferreira,Maritimo,2,1,H,1,0,H,2.2,3.1,3.0,2.1,3.25,3.05,2.2,3.15,2.9,2.1,3.0,3.1,2.1,3.2,3.0,2.25,3.1,3.0,2.25,3.2,2.7,2.0,3.25,3.25,2.1,3.25,3.0,29.0,2.3,2.19,3.25,3.12,3.25,3.01,22.0,2.3,2.19,1.6,1.58,12.0,0.0,1.68,1.59,2.35,2.19
P1,26/01/07,Leiria,Porto,1,0,H,0,0,D,6.5,3.75,1.53,5.65,3.75,1.5,5.5,3.5,1.55,4.8,3.5,1.55,6.0,3.25,1.53,5.0,3.5,1.62,5.0,3.6,1.55,6.0,3.4,1.53,5.5,3.6,1.5,36.0,7.0,5.76,3.85,3.5,1.62,1.54,28.0,2.19,2.02,1.8,1.69,16.0,1.0,1.97,1.9,1.96,1.92
P1,10/09/06,Belenenses,Setubal,2,0,H,1,0,H,2.2,3.2,2.87,2.05,3.2,3.2,2.2,3.15,2.9,,,,2.2,3.2,2.8,,,,,,,2.38,3.0,2.75,,,,11.0,2.38,2.25,3.22,3.15,3.1,2.91,6.0,2.13,2.12,1.81,1.81,5.0,0.0,1.95,1.93,1.98,1.94
P1,07/04/07,Leiria,Belenenses,0,1,A,0,0,D,2.25,3.1,3.2,2.35,3.1,2.75,2.35,3.1,2.75,2.4,3.0,2.6,2.3,3.2,2.6,2.38,3.1,2.8,2.3,3.1,2.75,2.38,3.0,2.75,2.25,3.2,2.7,33.0,2.4,2.34,3.2,3.09,3.2,2.77,26.0,2.46,2.31,1.55,1.52,15.0,0.0,1.75,1.7,2.3,2.09
P1,03/12/06,Est Amadora,Nacional,2,0,H,0,0,D,3.0,3.1,2.2,3.05,3.15,2.15,2.85,3.1,2.25,2.6,3.0,2.4,2.8,3.2,2.2,3.0,3.1,2.25,2.8,3.1,2.25,3.0,3.0,2.25,2.75,3.2,2.25,35.0,3.1,2.88,3.2,3.11,2.4,2.26,25.0,2.5,2.21,1.65,1.57,13.0,0.0,2.25,2.05,1.75,1.64
P1,31/03/07,Boavista,Pacos Ferreira,3,1,H,1,0,H,2.05,3.2,3.6,2.1,3.1,3.2,2.1,3.1,3.2,2.0,3.1,3.2,2.25,3.0,2.87,2.1,3.2,3.2,2.15,3.1,3.0,2.1,3.0,3.25,2.1,3.1,3.1,36.0,2.25,2.1,3.2,3.09,3.6,3.26,28.0,2.43,2.26,1.6,1.55,16.0,-0.25,1.88,1.85,2.07,2.02
P1,05/05/07,Maritimo,Academica,0,0,D,0,0,D,2.1,3.25,3.0,2.1,3.1,3.2,2.1,3.2,3.1,2.1,3.1,3.0,2.3,3.2,2.62,2.05,3.2,3.3,2.1,3.1,3.1,2.1,3.2,3.1,2.1,3.1,3.1,31.0,2.3,2.14,3.25,3.15,3.35,3.05,19.0,2.28,2.13,1.67,1.61,14.0,-0.25,2.14,2.05,1.88,1.83
P1,10/12/06,Pacos Ferreira,Est Amadora,1,1,D,1,1,D,1.7,3.4,4.5,1.65,3.4,4.75,1.68,3.4,4.5,1.7,3.2,4.2,1.66,3.4,4.33,1.67,3.4,4.75,1.7,3.3,4.3,1.73,3.25,4.5,1.6,3.25,5.0,33.0,1.73,1.68,3.5,3.36,5.0,4.51,22.0,2.35,2.16,1.65,1.58,13.0,-0.75,2.05,2.05,1.88,1.82
P1,04/03/07,Est Amadora,Maritimo,1,0,H,1,0,H,2.25,3.1,2.75,2.1,3.2,3.1,2.2,3.2,2.9,2.3,3.0,2.7,2.25,3.2,2.7,2.3,3.2,2.8,2.2,3.2,2.8,2.25,3.1,2.88,2.25,3.2,2.75,35.0,2.38,2.26,3.25,3.14,3.1,2.85,26.0,2.39,2.25,1.58,1.54,14.0,-0.25,2.12,2.1,1.85,1.79
P1,01/04/07,Academica,Leiria,0,0,D,0,0,D,2.37,3.0,2.8,2.45,3.05,2.65,2.4,3.0,2.75,2.3,3.0,2.7,2.5,3.1,2.5,2.4,3.1,2.75,2.35,3.2,2.6,2.5,3.0,2.62,2.35,3.1,2.6,36.0,2.6,2.42,3.2,3.07,2.9,2.69,29.0,2.44,2.22,1.6,1.56,16.0,0.0,1.8,1.76,2.18,2.03
P1,13/05/07,Aves,Est Amadora,0,1,A,0,1,A,1.72,3.4,4.2,1.6,3.45,5.0,1.65,3.4,4.75,1.5,3.7,5.0,1.66,3.4,4.33,1.67,3.5,4.5,1.6,3.4,4.8,1.67,3.5,4.33,1.6,3.5,4.5,34.0,1.73,1.63,3.7,3.44,5.5,4.82,23.0,2.38,2.24,1.55,1.54,14.0,-0.75,1.98,1.91,2.04,1.97
P1,19/09/06,Setubal,Boavista,1,0,H,0,0,D,2.7,3.2,2.3,3.1,3.2,2.1,2.7,3.2,2.3,2.7,3.0,2.3,2.7,3.2,2.25,2.88,3.2,2.25,2.5,3.1,2.5,2.75,3.0,2.5,2.65,3.2,2.3,35.0,3.1,2.82,3.21,3.13,2.4,2.31,24.0,2.63,2.32,1.57,1.52,13.0,0.25,1.91,1.86,2.03,2.01
P1,25/09/06,Leiria,Maritimo,1,0,H,0,0,D,2.1,3.25,3.0,2.1,3.2,3.1,2.1,3.2,3.1,2.1,3.0,3.1,,,,2.1,3.2,3.2,2.1,3.1,3.1,2.1,3.2,3.2,2.0,3.2,3.2,36.0,2.21,2.09,3.25,3.18,3.44,3.18,24.0,2.5,2.16,1.7,1.62,13.0,0.0,1.6,1.54,2.45,2.28
P1,18/03/07,Beira Mar,Maritimo,2,2,D,1,0,H,2.5,3.2,2.5,2.65,3.05,2.45,2.6,3.1,2.5,2.6,3.0,2.4,2.5,3.0,2.6,2.62,3.1,2.5,2.5,3.1,2.5,2.5,3.0,2.62,2.4,3.1,2.65,36.0,2.65,2.53,3.2,3.1,2.75,2.55,30.0,2.35,2.14,1.73,1.6,16.0,0.0,1.92,1.85,2.05,1.92
P1,19/03/07,Est Amadora,Benfica,0,1,A,0,0,D,5.25,3.4,1.57,4.85,3.35,1.65,4.75,3.4,1.65,4.4,3.3,1.65,5.0,3.2,1.65,4.5,3.3,1.73,5.0,3.3,1.61,5.0,3.2,1.67,4.35,3.4,1.65,33.0,5.25,4.75,3.6,3.35,1.75,1.67,29.0,2.27,2.06,1.75,1.65,14.0,0.75,2.03,2.0,1.91,1.88
P1,05/11/06,Academica,Est Amadora,2,0,H,0,0,D,1.8,3.25,4.0,1.8,3.3,3.95,1.8,3.25,4.0,1.8,3.1,3.8,1.83,3.2,3.75,1.83,3.25,4.0,1.9,3.4,3.3,1.91,3.25,3.75,1.8,3.25,3.75,32.0,1.91,1.82,3.4,3.25,4.5,3.93,23.0,2.35,2.15,1.65,1.6,14.0,-0.5,1.89,1.86,2.04,2.01
P1,20/03/07,Sp Braga,Naval,2,1,H,1,0,H,1.57,3.6,5.0,1.6,3.5,4.75,1.6,3.5,4.8,1.65,3.3,4.4,1.6,3.3,5.0,1.67,3.5,4.6,1.65,3.5,4.35,1.57,3.4,5.5,1.55,3.1,6.0,34.0,1.67,1.6,3.6,3.43,6.3,5.18,31.0,2.38,2.18,1.63,1.58,18.0,-0.75,1.95,1.92,1.97,1.95
P1,22/10/06,Benfica,Est Amadora,3,1,H,1,1,D,1.22,5.0,10.0,1.2,5.65,10.0,1.2,5.5,10.0,1.2,5.0,10.0,1.2,5.0,11.0,1.2,5.6,11.0,1.2,5.0,11.0,1.25,4.5,13.0,1.17,5.5,11.0,31.0,1.22,1.19,5.6,5.33,15.0,11.55,20.0,1.9,1.77,2.0,1.92,7.0,-1.5,1.75,1.72,2.19,2.13
P1,02/10/06,Sp Lisbon,Leiria,2,0,H,1,0,H,1.36,4.0,7.5,1.35,4.25,7.25,1.35,4.1,7.75,1.33,4.0,7.5,1.33,4.0,8.0,1.33,4.33,8.5,1.3,4.33,8.0,1.4,3.75,7.5,1.35,4.0,7.0,33.0,1.41,1.35,4.5,4.11,9.0,7.81,27.0,2.05,1.88,1.95,1.83,11.0,-1.25,2.04,1.99,1.95,1.89
P1,17/02/07,Boavista,Setubal,1,1,D,0,0,D,1.55,3.5,7.0,1.55,3.65,5.15,1.6,3.5,5.0,1.6,3.4,4.6,1.61,3.25,5.0,1.62,3.5,5.0,1.65,3.5,4.25,1.57,3.4,5.5,1.5,3.5,6.0,37.0,1.65,1.57,3.6,3.47,7.0,5.38,30.0,2.28,2.13,1.67,1.61,17.0,-1.0,2.12,2.05,1.8,1.75
P1,26/11/06,Nacional,Leiria,2,1,H,1,0,H,1.95,3.2,3.4,1.95,3.25,3.4,2.0,3.2,3.3,2.0,3.1,3.2,2.0,3.2,3.2,2.0,3.25,3.4,2.0,3.1,3.3,2.0,3.25,3.4,1.9,3.25,3.4,32.0,2.1,1.99,3.3,3.19,3.75,3.41,23.0,2.2,2.08,1.68,1.65,13.0,-0.5,2.09,2.06,1.85,1.82
P1,17/09/06,Academica,Belenenses,1,1,D,1,1,D,2.25,3.2,2.8,2.25,3.2,2.8,2.2,3.1,2.95,2.2,3.0,2.9,2.2,3.1,2.87,2.2,3.2,3.0,2.2,3.2,2.8,2.25,3.0,3.0,2.0,3.25,3.25,30.0,2.35,2.22,3.2,3.12,3.15,2.96,19.0,2.38,2.15,1.7,1.61,9.0,0.0,1.65,1.6,2.25,2.14
P1,15/10/06,Nacional,Belenenses,2,1,H,1,1,D,1.8,3.5,3.6,1.7,3.35,4.45,1.8,3.25,4.0,1.85,3.1,3.6,1.75,3.25,4.0,1.83,3.4,3.8,1.8,3.1,4.0,1.67,3.25,5.0,1.7,3.25,4.35,28.0,1.9,1.79,3.5,3.23,5.0,4.09,22.0,2.4,2.25,1.6,1.54,11.0,-0.5,1.95,1.89,2.05,1.98
P1,24/02/07,Academica,Boavista,0,2,A,0,2,A,2.4,3.1,2.7,2.25,3.2,2.8,2.4,3.1,2.75,2.4,3.0,2.6,2.37,3.1,2.62,2.4,3.1,2.75,2.25,3.1,2.8,2.38,3.0,2.75,2.3,3.1,2.7,35.0,2.5,2.37,3.2,3.1,2.9,2.73,27.0,2.3,2.15,1.65,1.59,14.0,0.0,1.87,1.79,2.07,1.99
P1,17/12/06,Porto,Pacos Ferreira,4,0,H,2,0,H,1.2,5.25,11.0,1.2,5.25,11.0,1.2,5.25,11.0,1.2,5.0,10.0,1.2,5.0,11.0,1.2,5.6,11.0,1.2,5.0,11.0,1.2,5.0,13.0,1.2,5.0,11.0,33.0,1.25,1.2,5.75,5.22,13.0,11.15,23.0,2.0,1.87,1.95,1.86,14.0,-1.5,1.87,1.82,2.12,2.04
P1,20/05/07,Sp Braga,Nacional,1,1,D,1,1,D,1.8,3.25,4.0,1.75,3.4,4.05,1.8,3.25,4.0,1.8,3.1,3.8,,,,1.83,3.4,3.8,1.9,3.5,3.2,1.8,3.25,4.0,1.8,3.2,4.0,32.0,1.9,1.76,3.6,3.33,4.9,4.14,24.0,2.18,2.03,1.7,1.68,11.0,-0.5,1.86,1.84,2.09,2.04
P1,14/04/07,Academica,Porto,1,2,A,0,1,A,8.5,4.0,1.36,6.85,3.65,1.45,6.5,3.75,1.44,6.0,3.9,1.4,6.0,3.4,1.5,6.0,3.75,1.5,6.5,3.6,1.44,7.0,3.6,1.44,6.5,3.6,1.45,32.0,8.5,6.81,4.0,3.71,1.5,1.44,26.0,2.16,2.0,1.8,1.73,13.0,1.0,2.11,2.08,1.83,1.78
P1,28/01/07,Academica,Setubal,0,1,A,0,0,D,1.75,3.25,4.2,1.8,3.3,3.95,1.85,3.25,3.75,1.9,3.1,3.5,1.83,3.2,3.75,1.91,3.25,3.75,1.9,3.3,3.4,1.83,3.25,4.0,1.75,3.4,3.8,33.0,1.9,1.81,3.4,3.24,4.5,3.98,26.0,2.35,2.14,1.7,1.6,15.0,-0.5,1.93,1.88,2.03,1.99
P1,09/04/07,Beira Mar,Benfica,2,2,D,1,0,H,6.5,3.5,1.5,6.25,3.65,1.47,6.0,3.5,1.5,5.0,3.7,1.5,6.0,3.4,1.5,6.0,3.6,1.53,7.0,3.75,1.4,6.0,3.5,1.5,6.0,3.75,1.45,29.0,7.5,6.15,3.85,3.58,1.53,1.49,24.0,2.05,1.92,1.94,1.81,12.0,1.0,1.95,1.88,2.01,1.93
P1,07/04/07,Maritimo,Naval,1,1,D,1,0,H,1.9,3.25,3.5,2.05,3.15,3.25,2.0,3.15,3.4,2.0,3.1,3.2,2.0,3.1,3.3,2.0,3.2,3.5,2.05,3.1,3.2,1.91,3.2,3.6,2.0,3.2,3.2,34.0,2.05,1.98,3.25,3.18,3.7,3.43,27.0,2.32,2.17,1.65,1.59,15.0,-0.5,2.06,2.04,1.86,1.8
P1,26/08/06,Beira Mar,Aves,2,2,D,1,1,D,2.1,3.2,3.1,1.9,3.25,3.6,2.0,3.15,3.4,2.0,3.1,3.2,2.0,3.2,3.2,2.1,3.2,3.2,1.95,3.2,3.3,1.83,3.4,3.75,1.85,3.3,3.6,,,,,,,,,,,,,,,,,,
P1,29/10/06,Nacional,Naval,1,1,D,1,1,D,1.83,3.25,3.8,1.95,3.25,3.4,1.85,3.25,3.75,1.9,3.1,3.5,1.9,3.2,3.5,1.9,3.3,3.7,1.75,3.3,4.0,1.8,3.25,4.0,1.8,3.2,3.9,33.0,1.95,1.85,3.4,3.24,4.41,3.78,25.0,2.4,2.22,1.6,1.53,14.0,-0.5,1.91,1.89,2.04,1.99
P1,22/10/06,Sp Lisbon,Porto,1,1,D,1,0,H,2.37,3.0,2.8,2.35,3.15,2.7,2.4,3.0,2.75,2.2,3.0,2.9,2.4,3.1,2.6,2.4,3.1,2.75,2.37,3.0,2.7,2.62,3.0,2.62,2.4,3.1,2.6,31.0,2.45,2.39,3.23,3.03,2.9,2.76,19.0,2.3,2.17,1.62,1.58,8.0,0.0,1.81,1.72,2.09,2.01
P1,09/12/06,Setubal,Sp Lisbon,0,3,A,0,2,A,5.25,3.5,1.57,5.0,3.5,1.6,5.0,3.5,1.6,4.8,3.5,1.55,5.0,3.5,1.57,5.0,3.5,1.62,4.8,3.4,1.6,5.0,3.5,1.57,5.0,3.5,1.55,38.0,7.5,5.42,3.75,3.52,1.62,1.55,26.0,2.35,2.12,1.65,1.61,17.0,1.0,1.99,1.89,2.05,1.92
P1,17/09/06,Benfica,Nacional,1,0,H,1,0,H,1.4,4.0,6.5,1.35,4.25,7.5,1.4,3.9,7.0,1.4,3.9,6.0,1.36,3.75,8.0,1.4,4.2,7.0,1.44,3.5,7.0,1.44,3.6,7.0,1.28,4.35,8.5,34.0,1.46,1.39,4.25,3.93,8.5,7.09,22.0,2.25,2.01,1.8,1.72,9.0,-1.0,1.9,1.89,2.03,1.98
P1,27/11/06,Setubal,Sp Braga,1,2,A,0,1,A,3.0,3.1,2.2,2.8,3.2,2.25,2.8,3.2,2.25,2.9,3.0,2.2,2.8,3.1,2.25,2.8,3.25,2.3,2.75,3.1,2.3,2.8,3.0,2.38,2.8,3.1,2.25,39.0,3.3,2.86,3.25,3.14,2.38,2.26,27.0,2.7,2.27,1.65,1.55,16.0,0.25,1.9,1.86,2.15,2.02
P1,16/10/06,Boavista,Naval,0,1,A,0,0,D,1.72,3.4,4.2,1.65,3.5,4.6,1.7,3.3,4.5,1.65,3.3,4.4,1.66,3.25,4.5,1.67,3.4,4.75,1.66,3.3,4.5,1.62,3.4,5.0,1.6,3.5,4.5,39.0,1.73,1.67,3.5,3.35,5.5,4.66,30.0,2.38,2.08,1.75,1.63,14.0,-0.75,2.0,1.98,1.93,1.9
P1,25/02/07,Setubal,Nacional,1,1,D,0,0,D,2.87,3.2,2.2,2.8,3.15,2.3,2.8,3.1,2.35,2.5,3.0,2.5,2.62,3.1,2.37,2.8,3.1,2.38,2.75,3.1,2.3,2.88,2.88,2.38,2.7,3.1,2.3,35.0,3.1,2.78,3.25,3.12,2.5,2.32,27.0,2.3,2.12,1.67,1.61,14.0,0.25,1.86,1.84,2.08,2.05
P1,27/04/07,Pacos Ferreira,Leiria,0,0,D,0,0,D,1.95,3.2,3.3,1.95,3.2,3.5,1.95,3.2,3.5,1.9,3.1,3.5,1.9,3.2,3.5,2.0,3.25,3.4,2.05,3.2,3.1,1.91,3.2,3.5,2.0,3.1,3.3,35.0,2.07,1.98,3.25,3.16,3.99,3.48,26.0,2.5,2.29,1.6,1.54,13.0,-0.5,2.12,2.09,1.82,1.8
P1,22/04/07,Leiria,Nacional,1,0,H,0,0,D,2.25,3.0,2.9,2.2,3.0,3.1,2.2,3.0,3.0,2.1,2.9,3.2,2.2,3.2,2.8,2.2,3.1,3.1,2.15,3.0,3.1,2.2,3.1,3.0,2.1,3.2,3.0,34.0,2.3,2.2,3.2,3.07,3.25,3.01,26.0,2.35,2.23,1.6,1.56,16.0,-0.25,2.13,2.07,1.85,1.81
P1,03/02/07,Porto,Est Amadora,0,1,A,0,0,D,1.18,5.0,15.0,1.2,5.15,12.0,1.22,5.0,11.0,1.17,5.2,12.0,1.16,5.5,12.0,1.2,5.6,11.0,1.2,5.0,11.0,1.18,5.5,11.0,1.17,5.5,11.0,34.0,1.25,1.21,5.5,4.99,18.0,11.56,25.0,1.9,1.78,2.03,1.94,13.0,-1.75,2.14,2.09,1.83,1.8
P1,15/10/06,Aves,Setubal,1,2,A,0,0,D,2.37,3.0,2.8,2.1,3.2,3.1,2.3,3.1,2.8,2.3,3.0,2.7,2.3,3.1,2.75,2.38,3.1,2.8,2.25,3.1,2.8,2.5,3.0,2.62,2.2,3.1,2.9,27.0,2.5,2.32,3.2,3.06,2.95,2.82,20.0,2.63,2.31,1.55,1.51,12.0,0.0,1.83,1.72,2.25,2.09
P1,09/09/06,Nacional,Sp Lisbon,0,1,A,0,1,A,3.0,3.25,2.1,3.35,3.2,2.0,3.4,3.2,2.0,3.1,3.0,2.1,3.5,3.2,1.9,3.2,3.2,2.1,3.1,3.1,2.1,3.5,3.25,1.91,3.2,3.25,2.0,31.0,3.6,3.28,3.26,3.18,2.15,2.04,18.0,2.25,2.05,1.8,1.68,10.0,0.0,2.7,2.36,1.6,1.49
P1,16/03/07,Nacional,Boavista,2,0,H,2,0,H,2.2,3.2,3.25,2.2,3.0,3.1,2.1,3.2,3.1,2.2,2.9,3.0,2.2,3.0,3.0,2.1,3.2,3.2,2.2,3.1,2.85,2.1,3.1,3.2,2.1,3.2,3.0,35.0,2.3,2.15,3.25,3.15,3.35,3.07,31.0,2.38,2.19,1.63,1.58,17.0,0.0,1.63,1.59,2.38,2.21
P1,16/02/07,Porto,Naval,4,0,H,2,0,H,1.25,5.0,13.0,1.25,5.0,9.0,1.28,4.75,9.0,1.25,4.5,9.0,1.28,4.5,8.0,1.28,4.75,9.0,1.25,4.8,8.5,1.22,5.0,10.0,1.25,4.5,9.5,39.0,1.3,1.26,5.25,4.72,13.0,9.79,34.0,2.12,1.94,1.9,1.79,20.0,-1.5,2.01,1.96,1.92,1.88
P1,20/05/07,Naval,Setubal,1,2,A,1,2,A,2.75,3.4,2.2,2.7,3.25,2.3,2.8,3.3,2.2,2.8,3.1,2.2,2.75,3.5,2.1,2.85,3.4,2.2,2.35,3.5,2.4,2.88,3.25,2.2,2.75,3.3,2.2,33.0,3.2,2.86,3.55,3.32,2.25,2.16,24.0,2.27,2.1,1.7,1.62,11.0,0.25,2.03,1.97,1.96,1.91
P1,25/02/07,Beira Mar,Porto,0,5,A,0,1,A,7.5,3.8,1.4,6.65,3.65,1.45,6.0,3.6,1.5,4.8,3.5,1.55,6.5,3.6,1.44,6.0,3.75,1.5,6.0,3.4,1.5,6.0,3.5,1.5,6.5,3.6,1.45,35.0,9.0,6.4,3.8,3.63,1.55,1.48,28.0,2.06,1.92,1.92,1.8,15.0,1.0,2.11,2.02,1.9,1.8
P1,16/09/06,Sp Lisbon,Pacos Ferreira,0,1,A,0,1,A,1.28,4.5,9.0,1.2,5.35,11.0,1.25,4.75,9.5,1.25,4.5,9.0,1.28,4.5,8.0,1.28,4.75,9.0,1.28,4.5,8.0,1.33,4.0,9.0,1.22,5.0,9.0,27.0,1.33,1.27,5.1,4.65,11.0,9.3,13.0,1.8,1.72,2.0,1.9,9.0,-1.5,1.95,1.91,1.95,1.92
P1,06/04/07,Porto,Setubal,5,1,H,4,0,H,1.18,6.0,17.0,1.2,5.25,11.0,1.2,5.25,11.0,1.2,5.0,10.0,1.2,5.0,11.0,1.17,6.0,13.0,1.2,5.5,9.0,1.17,5.5,13.0,1.14,6.0,12.0,35.0,1.2,1.18,6.6,5.46,19.0,11.96,27.0,1.9,1.8,2.13,1.92,14.0,-1.75,1.95,1.89,2.02,1.96
P1,24/09/06,Nacional,Setubal,1,0,H,0,0,D,1.83,3.25,3.75,1.8,3.3,4.0,1.85,3.2,3.85,1.85,3.1,3.6,1.83,3.2,3.75,1.83,3.25,4.0,1.85,3.4,3.5,1.91,3.25,3.5,1.8,3.25,3.75,30.0,1.94,1.86,3.35,3.23,4.05,3.78,21.0,2.3,2.13,1.7,1.61,11.0,-0.5,2.01,1.96,1.92,1.91
P1,02/12/06,Beira Mar,Belenenses,1,2,A,0,2,A,2.25,3.1,2.9,2.2,3.25,2.9,2.2,3.1,2.9,2.2,3.0,2.9,2.2,3.2,2.8,2.25,3.2,2.88,2.15,3.1,3.0,2.2,3.1,3.0,2.1,3.2,3.0,32.0,2.3,2.21,3.25,3.14,3.15,2.94,23.0,2.35,2.15,1.67,1.59,14.0,-0.25,2.04,2.01,1.94,1.86
P1,30/09/06,Belenenses,Boavista,0,2,A,0,2,A,2.7,3.1,2.37,2.6,3.05,2.5,2.6,3.1,2.45,2.5,3.0,2.5,2.6,3.2,2.35,2.7,3.2,2.38,2.5,3.1,2.5,2.5,3.2,2.5,2.6,3.1,2.4,31.0,2.8,2.62,3.2,3.1,2.6,2.47,21.0,2.4,2.16,1.65,1.58,12.0,0.0,2.05,1.95,1.88,1.83
P1,15/04/07,Boavista,Leiria,1,1,D,0,0,D,2.05,3.2,3.3,2.1,3.1,3.2,2.05,3.1,3.25,2.0,3.1,3.2,2.0,3.2,3.2,2.0,3.25,3.4,2.15,3.2,2.9,2.0,3.1,3.4,2.1,3.1,3.1,30.0,2.2,2.08,3.2,3.12,3.4,3.23,26.0,2.5,2.28,1.6,1.54,14.0,-0.25,1.85,1.83,2.1,2.05
P1,04/03/07,Leiria,Sp Lisbon,0,0,D,0,0,D,4.5,3.25,1.83,4.0,3.1,1.85,3.6,3.2,1.9,3.5,3.1,1.9,3.6,3.1,1.9,3.5,3.3,1.95,3.7,3.2,1.85,3.75,3.25,1.83,3.6,3.4,1.8,34.0,4.5,3.72,3.4,3.21,2.0,1.88,26.0,2.5,2.29,1.6,1.52,15.0,0.5,2.0,1.96,1.94,1.89
P1,05/11/06,Nacional,Pacos Ferreira,5,1,H,3,0,H,1.72,3.25,4.33,1.75,3.45,3.95,1.75,3.25,4.25,1.75,3.2,4.0,1.8,3.2,4.0,1.8,3.25,4.2,1.8,3.1,4.0,1.73,3.25,4.5,1.7,3.4,4.2,31.0,1.81,1.77,3.5,3.27,4.9,4.17,23.0,2.25,2.15,1.65,1.6,14.0,-0.5,1.83,1.8,2.12,2.08
P1,12/05/07,Belenenses,Maritimo,2,0,H,1,0,H,1.57,3.5,5.0,1.55,3.5,5.5,1.55,3.5,5.5,1.65,3.3,4.4,1.53,3.4,5.5,1.57,3.6,5.75,1.61,3.3,5.0,1.57,3.4,5.5,1.53,3.6,5.0,32.0,1.65,1.56,3.6,3.48,6.1,5.36,22.0,2.2,2.09,1.7,1.63,14.0,-0.75,1.88,1.85,2.07,2.03
P1,25/08/06,Porto,Leiria,2,1,H,2,0,H,1.25,4.75,9.5,1.25,4.85,9.5,1.25,4.7,10.0,1.25,4.5,9.0,1.25,4.5,10.0,1.25,4.75,11.0,1.25,4.5,10.0,1.29,4.5,9.0,1.22,5.0,9.0,,,,,,,,,,,,,,,,,,
P1,22/04/07,Porto,Belenenses,3,1,H,2,0,H,1.4,3.75,7.5,1.3,4.5,8.25,1.36,4.25,7.0,1.3,4.2,8.0,1.4,3.75,7.0,1.4,4.0,7.5,1.36,4.0,7.0,1.33,4.33,7.5,1.35,3.8,7.5,32.0,1.44,1.37,4.33,4.03,8.2,7.42,26.0,2.01,1.91,1.92,1.82,15.0,-1.5,2.15,2.08,1.82,1.76
P1,23/10/06,Naval,Sp Braga,1,1,D,0,1,A,2.75,3.2,2.3,2.65,3.25,2.35,2.75,3.0,2.4,2.6,3.0,2.4,2.7,3.1,2.3,2.65,3.25,2.4,2.5,3.2,2.4,3.0,3.0,2.25,2.6,3.25,2.3,35.0,3.13,2.74,3.2,3.08,2.5,2.34,25.0,2.75,2.33,1.6,1.52,14.0,0.0,2.25,2.03,1.8,1.71
P1,18/12/06,Sp Braga,Boavista,2,2,D,2,1,H,1.72,3.2,4.5,1.8,3.35,3.85,1.75,3.25,4.2,1.75,3.2,4.0,1.75,3.25,4.0,1.75,3.3,4.4,1.65,3.4,4.5,1.8,3.25,4.0,1.75,3.25,4.0,34.0,1.8,1.74,3.4,3.28,4.75,4.27,19.0,2.25,2.07,1.7,1.63,12.0,-0.5,1.83,1.82,2.1,2.07
P1,17/12/06,Est Amadora,Aves,1,0,H,1,0,H,1.7,3.3,4.5,1.75,3.35,4.15,1.75,3.25,4.2,1.75,3.2,4.0,1.75,3.25,4.0,1.8,3.4,4.0,1.8,3.1,4.0,1.67,3.25,5.0,1.75,3.25,4.0,28.0,1.8,1.75,3.35,3.26,5.0,4.23,20.0,2.4,2.28,1.57,1.54,12.0,-0.5,1.9,1.85,2.07,2.03
P1,04/02/07,Setubal,Belenenses,0,1,A,0,1,A,2.55,3.2,2.45,2.5,3.2,2.5,2.6,3.1,2.5,2.5,3.0,2.5,2.62,3.2,2.3,2.62,3.1,2.5,2.5,3.1,2.5,2.65,3.1,2.4,2.5,3.1,2.5,32.0,2.85,2.6,3.25,3.11,2.55,2.47,23.0,2.35,2.15,1.75,1.59,13.0,0.0,2.03,1.94,1.92,1.85
P1,20/05/07,Sp Lisbon,Belenenses,4,0,H,2,0,H,1.25,5.0,8.5,1.26,4.5,10.0,1.25,5.0,9.0,1.2,5.0,10.0,1.22,5.0,9.0,1.28,4.75,9.0,1.22,5.0,9.5,1.22,5.0,10.0,1.25,5.0,8.0,30.0,1.25,1.24,6.0,5.01,13.17,9.71,23.0,1.85,1.72,2.16,1.96,10.0,-1.5,1.78,1.75,2.22,2.13
P1,18/09/06,Sp Braga,Leiria,0,1,A,0,1,A,1.53,3.5,5.5,1.5,3.6,6.0,1.55,3.5,5.5,1.55,3.5,4.8,1.57,3.5,5.0,1.53,3.5,6.0,1.57,3.5,5.0,1.57,3.4,5.5,1.6,3.5,4.5,27.0,1.6,1.55,3.5,3.43,6.5,5.47,15.0,2.3,2.08,1.8,1.65,6.0,-0.75,1.8,1.78,2.15,2.12
P1,11/03/07,Academica,Pacos Ferreira,0,2,A,0,1,A,2.15,3.1,3.0,2.3,3.1,2.8,2.3,3.1,2.8,2.4,3.0,2.6,2.3,3.1,2.7,2.4,3.1,2.75,2.3,3.2,2.65,2.38,3.0,2.75,2.3,3.1,2.7,37.0,2.4,2.33,3.2,3.11,3.0,2.78,30.0,2.4,2.21,1.63,1.57,16.0,-0.25,1.99,1.96,1.96,1.92
P1,18/11/06,Sp Braga,Benfica,3,1,H,2,1,H,3.0,3.1,2.1,2.95,3.25,2.15,2.85,3.1,2.25,2.7,3.0,2.3,2.8,3.2,2.2,2.8,3.2,2.3,2.8,3.2,2.2,2.88,3.0,2.38,2.8,3.2,2.2,35.0,3.1,2.89,3.21,3.13,2.4,2.22,25.0,2.25,2.07,1.75,1.66,13.0,0.25,1.96,1.91,1.96,1.95
P1,18/02/07,Aves,Maritimo,1,1,D,1,1,D,2.75,3.25,2.25,2.8,3.2,2.25,2.75,3.2,2.3,2.9,3.0,2.2,2.8,3.1,2.25,2.8,3.25,2.3,2.9,3.2,2.15,2.75,3.2,2.25,2.7,3.1,2.3,35.0,3.0,2.81,3.25,3.15,2.5,2.3,30.0,2.3,2.21,1.62,1.56,16.0,0.25,1.82,1.81,2.12,2.08
P1,24/09/06,Boavista,Academica,2,2,D,1,1,D,1.57,3.4,5.5,1.5,3.65,5.75,1.55,3.4,5.75,1.5,3.7,5.0,1.53,3.4,5.5,1.53,3.6,6.0,1.55,3.5,5.25,1.57,3.5,5.5,1.5,3.6,5.5,31.0,1.6,1.54,3.7,3.5,7.02,5.68,22.0,2.2,2.04,1.73,1.66,12.0,-1.0,2.07,1.99,1.86,1.82
P1,17/09/06,Maritimo,Aves,0,0,D,0,0,D,1.61,3.4,5.0,1.55,3.6,5.25,1.6,3.45,5.0,1.6,3.4,4.6,1.61,3.25,5.0,1.62,3.5,5.0,1.61,3.5,4.5,1.57,3.5,5.5,1.5,3.6,5.5,33.0,1.65,1.59,3.6,3.45,6.0,5.22,21.0,2.2,2.06,1.73,1.66,9.0,-0.75,1.81,1.78,2.14,2.11
P1,05/05/07,Porto,Nacional,2,0,H,0,0,D,1.2,5.5,10.0,1.2,5.0,12.5,1.2,5.25,11.0,1.2,5.0,10.0,1.25,4.6,9.0,1.2,5.5,12.0,1.2,5.0,11.0,1.18,5.5,11.0,1.2,5.0,11.0,33.0,1.23,1.2,5.55,5.24,13.0,11.02,22.0,1.75,1.72,2.1,1.98,14.0,-1.5,1.78,1.75,2.18,2.14
P1,29/10/06,Aves,Belenenses,0,1,A,0,0,D,2.37,3.2,2.7,2.5,3.05,2.6,2.4,3.1,2.7,2.5,3.0,2.5,2.4,3.1,2.6,2.5,3.2,2.55,2.5,3.1,2.5,2.62,3.0,2.5,2.4,3.1,2.65,32.0,2.6,2.45,3.25,3.09,2.83,2.64,24.0,2.4,2.23,1.6,1.52,13.0,0.0,1.8,1.77,2.17,2.03
P1,13/05/07,Academica,Sp Lisbon,0,2,A,0,1,A,5.5,3.6,1.5,6.25,3.85,1.45,6.5,3.75,1.44,6.0,3.9,1.4,6.5,3.6,1.44,6.25,3.6,1.5,6.0,3.75,1.44,6.0,3.5,1.5,6.0,3.75,1.45,34.0,7.6,6.44,4.0,3.69,1.53,1.45,23.0,2.25,1.98,1.86,1.76,14.0,1.25,1.99,1.93,2.01,1.95
P1,19/11/06,Aves,Nacional,3,1,H,1,1,D,3.8,3.3,1.83,3.4,3.25,1.95,3.3,3.2,2.0,3.5,3.1,1.9,3.5,3.2,1.9,3.5,3.2,2.0,3.8,3.25,1.8,4.5,3.25,1.8,3.6,3.25,1.85,32.0,4.5,3.54,3.35,3.22,2.0,1.92,25.0,2.25,2.1,1.7,1.64,11.0,0.5,1.91,1.89,2.01,1.99
P1,18/11/06,Porto,Academica,2,1,H,0,0,D,1.2,5.0,10.0,1.15,6.25,12.0,1.2,5.0,12.0,1.2,5.0,10.0,1.2,5.0,11.0,1.2,5.5,12.0,1.2,5.0,11.0,1.17,5.5,15.0,1.2,5.0,11.0,35.0,1.21,1.19,6.2,5.32,15.0,11.44,25.0,1.7,1.64,2.38,2.1,10.0,-1.75,2.1,2.07,1.83,1.8
P1,06/05/07,Est Amadora,Pacos Ferreira,1,0,H,0,0,D,2.5,3.2,2.5,2.4,3.1,2.7,2.4,3.1,2.7,2.4,3.0,2.6,2.5,3.1,2.5,2.5,3.2,2.6,2.5,3.1,2.5,2.4,3.1,2.62,2.4,3.2,2.5,33.0,2.5,2.43,3.2,3.11,2.85,2.65,22.0,2.38,2.24,1.6,1.55,13.0,0.0,1.9,1.8,2.08,1.98
P1,20/05/07,Benfica,Academica,2,0,H,1,0,H,1.14,6.0,13.0,1.15,6.0,13.0,1.15,6.0,13.0,1.12,6.5,13.0,1.14,3.5,13.0,1.15,6.5,13.0,1.16,5.5,12.0,1.14,6.0,13.0,1.14,6.0,12.0,33.0,1.16,1.14,7.6,6.09,19.0,13.35,23.0,1.75,1.68,2.27,2.01,11.0,-1.75,1.81,1.77,2.14,2.12
P1,27/10/06,Beira Mar,Sp Lisbon,3,3,D,1,0,H,6.0,3.8,1.45,6.35,3.75,1.45,6.0,3.6,1.5,4.6,3.4,1.6,5.0,3.5,1.57,5.5,3.5,1.57,5.0,3.5,1.57,6.5,3.5,1.5,5.0,3.5,1.55,33.0,6.75,5.69,3.87,3.57,1.6,1.53,25.0,2.25,2.12,1.76,1.63,13.0,1.0,1.88,1.86,2.06,2.0
P1,01/04/07,Naval,Nacional,0,0,D,0,0,D,2.4,3.0,2.8,2.25,3.1,2.9,2.3,3.1,2.8,2.2,3.0,2.9,2.2,3.1,2.87,2.3,3.1,2.9,2.2,3.2,2.8,2.25,3.1,2.88,2.3,3.2,2.65,35.0,2.45,2.31,3.25,3.1,2.9,2.82,29.0,2.38,2.19,1.65,1.58,16.0,0.0,1.85,1.73,2.1,2.04
P1,03/02/07,Sp Lisbon,Nacional,5,1,H,0,1,A,1.44,3.8,6.5,1.35,4.15,7.75,1.35,4.2,7.5,1.4,3.9,6.0,1.33,4.0,8.0,1.33,4.33,8.25,1.36,3.75,8.0,1.33,4.0,8.5,1.35,4.0,8.0,34.0,1.45,1.37,4.35,4.02,9.15,7.54,24.0,2.2,2.0,1.8,1.71,14.0,-1.0,1.93,1.87,1.99,1.94
P1,28/08/06,Setubal,Academica,1,1,D,0,0,D,1.72,3.3,4.2,1.7,3.5,4.25,1.75,3.3,4.2,1.8,3.1,3.8,1.72,3.2,4.33,1.73,3.4,4.33,1.8,3.25,3.8,1.83,3.25,3.75,1.75,3.25,4.0,19.0,1.83,1.77,3.4,3.26,4.6,4.17,10.0,2.38,2.16,1.65,1.61,5.0,0.0,1.3,1.29,3.58,3.28
P1,23/04/07,Sp Braga,Setubal,0,0,D,0,0,D,1.4,3.75,7.5,1.4,4.0,6.75,1.44,3.75,6.5,1.45,3.8,5.4,1.4,3.75,7.0,1.4,4.0,7.5,1.4,3.75,7.0,1.44,3.75,6.5,1.4,3.75,7.0,31.0,1.45,1.42,4.0,3.77,7.5,6.84,22.0,2.34,2.09,1.7,1.65,14.0,-1.0,1.87,1.83,2.06,1.99
P1,22/09/06,Pacos Ferreira,Benfica,1,1,D,0,1,A,3.25,3.25,2.0,3.75,3.25,1.85,3.3,3.2,2.0,3.1,3.0,2.1,3.4,3.25,1.9,3.4,3.25,2.0,3.4,3.25,1.9,3.25,3.0,2.1,3.2,3.2,2.0,31.0,4.0,3.38,3.32,3.21,2.13,1.99,23.0,2.31,2.13,1.7,1.63,12.0,0.0,2.7,2.39,1.6,1.47
P1,23/09/06,Est Amadora,Sp Braga,0,0,D,0,0,D,3.0,3.25,2.1,3.35,3.2,2.0,3.0,3.25,2.1,2.9,3.0,2.2,3.2,3.2,2.0,3.2,3.2,2.1,2.8,3.3,2.15,3.25,3.0,2.1,3.0,3.2,2.1,33.0,3.78,3.2,3.25,3.15,2.2,2.06,24.0,2.6,2.25,1.65,1.55,12.0,0.0,2.9,2.34,1.65,1.52
P1,15/04/07,Naval,Pacos Ferreira,1,1,D,1,0,H,2.15,3.2,3.0,2.2,3.1,3.0,2.3,3.0,2.9,2.3,3.0,2.7,2.2,3.2,2.8,2.25,3.2,2.88,2.15,3.2,2.9,2.2,3.0,3.0,2.2,3.1,2.9,31.0,2.35,2.24,3.2,3.08,3.15,2.94,26.0,2.5,2.28,1.6,1.54,14.0,-0.25,2.05,2.0,1.91,1.88
P1,13/05/07,Setubal,Benfica,0,1,A,0,0,D,5.0,3.5,1.57,5.5,3.5,1.55,5.5,3.5,1.55,5.0,3.7,1.5,5.5,3.4,1.53,5.25,3.6,1.57,5.0,3.6,1.53,5.0,3.6,1.57,5.5,3.6,1.5,33.0,5.8,5.29,3.8,3.54,1.6,1.55,21.0,2.21,2.01,1.75,1.7,13.0,0.75,2.22,2.16,1.76,1.74
P1,24/02/07,Naval,Belenenses,2,3,A,1,2,A,2.25,3.1,2.9,2.2,3.15,2.95,2.25,3.1,2.9,2.2,3.0,2.9,2.2,3.1,2.87,2.25,3.1,3.0,2.25,3.1,2.8,2.25,3.0,3.0,2.2,3.1,2.9,33.0,2.35,2.25,3.2,3.11,3.1,2.91,27.0,2.5,2.2,1.6,1.56,14.0,0.0,1.75,1.66,2.12,2.04
P1,26/11/06,Pacos Ferreira,Aves,2,0,H,1,0,H,1.53,3.5,5.25,1.5,3.75,5.75,1.55,3.5,5.5,1.55,3.5,4.8,1.61,3.25,5.0,1.53,3.6,6.0,1.55,3.5,5.25,1.5,3.5,6.5,1.53,3.4,5.5,31.0,1.6,1.55,3.75,3.5,6.5,5.58,23.0,2.2,2.08,1.75,1.65,13.0,-1.0,2.19,2.11,1.78,1.71
P1,01/10/06,Maritimo,Est Amadora,2,1,H,0,0,D,1.72,3.25,4.33,1.7,3.4,4.35,1.7,3.3,4.5,1.65,3.3,4.4,1.72,3.2,4.33,1.62,3.5,5.0,1.6,3.3,5.0,1.67,3.4,4.5,1.7,3.25,4.5,33.0,1.75,1.69,3.4,3.3,5.31,4.59,20.0,2.35,2.16,1.65,1.58,10.0,-0.75,1.98,1.96,1.94,1.91
P1,17/03/07,Porto,Sp Lisbon,0,1,A,0,0,D,1.83,3.3,4.33,1.8,3.3,3.95,1.8,3.25,4.0,1.8,3.1,3.8,1.8,2.9,4.5,1.8,3.25,4.2,1.72,3.2,4.33,1.8,3.25,4.0,1.8,3.25,4.0,37.0,1.85,1.8,3.35,3.24,4.5,4.07,30.0,2.35,2.13,1.7,1.61,16.0,-0.5,1.91,2.07,1.85,1.82
P1,19/11/06,Leiria,Boavista,0,0,D,0,0,D,2.2,3.1,3.0,2.1,3.15,3.2,2.1,3.1,3.2,2.2,3.0,2.9,2.1,3.2,3.0,2.1,3.2,3.2,2.2,3.2,2.8,2.25,3.0,3.1,2.1,3.1,3.1,21.0,2.25,2.12,3.35,3.13,3.25,3.09,17.0,2.5,2.19,1.65,1.58,6.0,0.0,1.7,1.61,2.25,2.17
P1,02/10/06,Sp Braga,Porto,2,1,H,1,1,D,3.2,3.1,2.1,3.2,3.1,2.1,3.1,3.1,2.15,3.2,2.9,2.1,3.2,3.2,2.0,3.0,3.2,2.2,3.1,3.1,2.1,3.6,3.25,1.91,3.25,3.2,2.0,35.0,3.6,3.18,3.25,3.13,2.2,2.1,27.0,2.63,2.2,1.65,1.56,12.0,0.25,2.0,1.99,1.93,1.9
P1,19/05/07,Maritimo,Boavista,1,2,A,0,1,A,2.25,3.1,2.87,2.2,3.1,3.0,2.2,3.2,2.9,2.1,3.0,3.1,2.2,3.2,2.8,2.25,3.2,2.88,2.0,3.1,3.3,2.25,3.0,3.0,2.2,3.1,2.9,27.0,2.3,2.2,3.2,3.09,3.2,2.98,11.0,2.25,2.09,1.7,1.62,4.0,0.0,1.58,1.56,2.15,2.1
P1,18/02/07,Est Amadora,Beira Mar,2,2,D,2,2,D,1.83,3.25,4.0,1.75,3.35,4.15,1.8,3.25,4.0,1.75,3.2,4.0,1.8,3.1,4.0,1.8,3.25,4.2,1.8,3.25,3.8,1.73,3.25,4.33,1.75,3.25,4.0,35.0,1.85,1.77,3.36,3.26,4.75,4.19,31.0,2.35,2.23,1.6,1.56,17.0,-0.5,1.96,1.92,2.0,1.95
P1,17/11/06,Beira Mar,Setubal,1,1,D,0,0,D,2.0,3.2,3.3,2.15,3.1,3.1,2.15,3.1,3.0,2.2,3.0,2.9,2.1,3.2,3.0,2.05,3.1,3.4,2.05,3.2,3.1,2.25,3.1,3.0,2.1,3.1,3.2,36.0,2.3,2.15,3.3,3.12,3.62,3.05,27.0,2.5,2.18,1.68,1.6,14.0,-0.25,1.9,1.85,2.08,2.04
P1,29/01/07,Nacional,Maritimo,3,2,H,2,0,H,2.0,3.1,3.4,2.2,3.15,2.95,2.2,3.1,3.0,2.4,3.0,2.6,2.2,3.1,2.87,2.2,3.2,3.0,2.1,3.2,3.0,2.2,3.1,3.0,2.1,3.25,3.0,28.0,2.4,2.17,3.25,3.11,3.5,3.05,22.0,2.5,2.16,1.65,1.61,15.0,0.0,1.75,1.57,2.6,2.2
P1,13/05/07,Nacional,Beira Mar,3,0,H,3,0,H,1.95,3.25,3.3,1.95,3.3,3.35,2.1,3.2,3.1,,,,2.05,3.25,3.0,2.0,3.25,3.4,2.1,3.2,3.0,2.0,3.25,3.25,2.1,3.4,2.75,32.0,2.15,2.04,3.4,3.24,3.5,3.19,20.0,2.25,2.09,1.73,1.66,13.0,-0.25,2.0,1.95,1.96,1.92
P1,21/12/06,Benfica,Belenenses,4,0,H,2,0,H,1.28,4.5,8.5,1.27,4.75,8.65,1.28,4.5,8.75,1.3,4.2,8.0,1.28,4.5,8.0,1.3,4.5,9.0,1.28,4.33,8.5,1.3,4.33,9.0,1.28,4.5,8.0,33.0,1.32,1.29,4.85,4.46,11.51,8.87,28.0,1.85,1.75,2.14,1.97,14.0,-1.5,2.02,1.99,1.93,1.83
P1,04/02/07,Maritimo,Pacos Ferreira,1,1,D,0,0,D,1.9,3.1,3.8,1.9,3.35,3.5,1.92,3.2,3.6,2.0,3.1,3.2,1.83,3.2,3.75,1.91,3.25,3.75,1.8,3.25,3.8,1.91,3.2,3.6,1.8,3.25,3.75,33.0,2.0,1.9,3.28,3.18,4.0,3.67,24.0,2.25,2.13,1.65,1.6,14.0,-0.5,1.99,1.95,1.95,1.91
P1,13/01/07,Belenenses,Sp Lisbon,0,0,D,0,0,D,5.25,3.3,1.72,4.35,3.45,1.7,4.0,3.3,1.77,4.0,3.2,1.75,4.33,3.25,1.7,4.2,3.4,1.75,4.2,3.25,1.72,4.75,3.4,1.67,4.35,3.4,1.65,31.0,5.25,4.34,3.45,3.3,1.8,1.74,22.0,2.25,2.06,1.75,1.66,13.0,0.5,2.15,2.1,1.77,1.76
P1,10/03/07,Belenenses,Nacional,2,0,H,2,0,H,2.2,3.1,3.3,2.2,3.1,3.0,2.1,3.2,3.1,2.1,3.0,3.1,2.1,3.2,3.0,2.1,3.2,3.2,2.1,3.2,3.0,2.1,3.2,3.1,2.1,3.2,3.0,36.0,2.3,2.16,3.2,3.14,3.3,3.06,29.0,2.51,2.29,1.6,1.53,17.0,-0.25,2.04,1.98,1.92,1.9
P1,02/12/06,Porto,Boavista,2,0,H,0,0,D,1.3,4.33,8.5,1.3,4.5,8.25,1.3,4.5,8.5,1.3,4.2,8.0,1.3,4.33,8.0,1.3,4.33,10.0,1.3,4.33,8.0,1.29,4.33,10.0,1.28,4.5,8.0,35.0,1.36,1.31,4.6,4.31,10.5,8.56,24.0,2.2,1.97,1.81,1.7,14.0,-1.25,2.1,2.04,1.87,1.83
P1,23/09/06,Belenenses,Naval,0,0,D,0,0,D,2.1,3.1,3.1,2.1,3.2,3.1,2.1,3.2,3.1,2.1,3.0,3.1,2.05,3.1,3.2,2.1,3.2,3.2,2.05,3.3,3.0,2.1,3.0,3.25,2.1,3.1,3.1,29.0,2.2,2.09,3.25,3.12,3.5,3.18,21.0,2.25,2.11,1.68,1.62,11.0,-0.25,1.87,1.85,2.07,2.03
