Div,Date,HomeTeam,AwayTeam,FTHG,FTAG,FTR,HTHG,HTAG,HTR,B365H,B365D,B365A,BWH,BWD,BWA,IWH,IWD,IWA,LBH,LBD,LBA,PSH,PSD,PSA,WHH,WHD,WHA,SJH,SJD,SJA,VCH,VCD,VCA,Bb1X2,BbMxH,BbAvH,BbMxD,BbAvD,BbMxA,BbAvA,BbOU,BbMx>2.5,BbAv>2.5,BbMx<2.5,BbAv<2.5,BbAH,BbAHh,BbMxAHH,BbAvAHH,BbMxAHA,BbAvAHA,PSCH,PSCD,PSCA
G1,26/01/14,Xanthi,Olympiakos,0.0,-1.0,A,0.0,1.0,A,10.0,4.75,1.33,9.5,4.6,1.34,8.0,4.2,1.33,10.0,4.6,1.3,9.85,5.12,1.36,7.5,4.2,1.33,8.5,5.0,1.33,9.5,4.8,1.33,33.0,10.0,8.23,5.2,4.79,1.37,1.33,30.0,1.85,1.78,2.1,2.0,11.0,1.25,2.11,2.05,1.88,1.8,8.51,4.86,1.43
G1,17/02/14,Ergotelis,OFI,0.0,-1.0,A,0.0,1.0,A,2.5,3.0,3.0,2.45,2.95,3.1,2.4,2.9,2.9,2.37,2.87,3.1,2.53,3.07,3.24,2.3,3.0,3.1,2.5,3.0,2.88,2.45,3.0,3.12,34.0,2.55,2.43,3.1,2.98,3.24,2.99,20.0,2.75,2.57,1.52,1.46,11.0,-0.25,2.13,2.07,1.82,1.76,3.39,2.88,2.62
G1,03/11/13,Apollon,Veria,0.0,,D,0.0,0.0,D,2.5,3.0,3.0,2.55,3.0,2.9,2.5,3.0,2.7,2.55,2.9,2.75,2.52,3.22,3.1,2.6,3.1,2.8,2.5,3.0,3.0,2.55,3.1,2.9,31.0,2.6,2.46,3.22,3.03,3.1,2.89,21.0,2.45,2.31,1.63,1.57,15.0,0.0,1.81,1.75,2.18,2.11,2.34,3.17,3.53
G1,21/12/13,OFI,Panetolikos,2.0,,H,1.0,1.0,D,1.7,3.4,5.5,,,,1.65,3.3,4.9,1.66,3.1,5.75,1.73,3.46,6.15,1.65,3.0,5.5,1.67,3.3,5.8,1.65,3.4,6.0,26.0,1.83,1.68,3.4,3.22,6.1,5.62,18.0,2.64,2.52,1.51,1.48,10.0,-0.5,1.85,1.71,2.3,2.16,1.9,3.22,5.3
G1,07/12/13,Olympiakos,Asteras Tripolis,2.0,,H,0.0,0.0,D,1.14,7.5,19.0,1.18,7.0,13.0,1.17,5.4,13.0,1.16,6.5,15.0,,,,1.11,7.0,13.0,1.18,7.5,12.0,1.18,7.0,15.0,32.0,1.19,1.16,8.0,6.98,23.0,13.36,20.0,1.55,1.46,2.75,2.56,12.0,-2.0,2.06,1.96,1.9,1.83,1.23,7.4,13.3
G1,01/12/13,Olympiakos,Ergotelis,3.0,,H,2.0,0.0,H,1.17,6.5,17.0,1.13,7.25,20.0,1.15,5.7,14.0,1.14,7.0,21.0,,,,1.17,6.5,17.0,1.14,7.5,17.0,1.14,8.5,15.0,31.0,1.17,1.14,8.8,7.35,28.0,16.64,17.0,1.6,1.51,2.62,2.46,13.0,-2.25,1.99,1.91,2.0,1.94,1.14,9.1,26.0
G1,13/04/14,Panthrakikos,Atromitos,1.0,,A,0.0,1.0,A,3.25,3.3,2.0,4.1,3.25,1.9,,,,,,,,,,3.3,3.3,1.95,3.6,3.4,2.0,3.7,3.4,1.95,23.0,4.1,3.56,3.5,3.32,2.05,1.97,,,,,,,,,,,,,,
G1,26/01/14,PAOK,Veria,4.0,,H,3.0,0.0,H,1.29,5.0,12.0,1.22,5.75,13.0,1.25,4.6,10.5,1.25,5.2,11.0,1.29,5.59,13.35,1.25,4.6,10.0,1.25,5.25,11.0,1.25,5.5,13.0,34.0,1.3,1.26,6.3,5.32,14.0,10.56,31.0,1.85,1.75,2.15,2.03,16.0,-1.5,1.91,1.86,2.16,1.99,1.29,5.93,12.0
G1,04/01/14,Ergotelis,Atromitos,0.0,,A,0.0,1.0,A,3.4,3.1,2.25,3.1,3.0,2.4,2.8,3.0,2.4,3.2,2.9,2.25,3.65,3.2,2.25,3.0,3.0,2.2,3.2,3.13,2.3,3.5,3.12,2.3,37.0,3.62,3.17,3.25,3.09,2.4,2.24,25.0,2.39,2.25,1.66,1.58,14.0,0.25,1.99,1.9,2.0,1.92,3.8,3.19,2.22
G1,11/01/14,OFI,Veria,0.0,1.0,A,0.0,0.0,D,1.7,3.5,5.25,1.67,3.4,5.5,1.7,3.2,4.7,1.66,3.25,5.5,1.69,3.73,5.87,1.65,3.5,4.33,1.73,3.5,5.25,1.65,3.5,5.25,34.0,1.75,1.68,3.73,3.39,5.87,5.13,24.0,2.35,2.25,1.66,1.6,14.0,-0.75,2.0,1.93,1.98,1.93,1.6,3.77,7.34
G1,06/04/14,Platanias,Panetolikos,1.0,0.0,H,0.0,0.0,D,,,,1.22,5.5,14.0,1.2,5.0,9.0,1.25,4.8,13.0,,,,1.22,5.0,12.0,1.25,5.5,12.0,1.25,5.0,13.0,27.0,1.25,1.23,6.0,5.22,15.0,11.98,16.0,2.1,1.97,2.0,1.76,4.0,-1.5,1.85,1.85,2.0,1.93,,,
G1,02/11/13,PAOK,Ergotelis,2.0,1.0,H,0.0,1.0,A,1.33,4.75,10.0,1.34,4.5,10.0,1.33,4.2,8.0,1.33,4.2,10.0,1.31,5.1,14.11,1.33,4.6,11.0,1.33,4.8,10.0,1.3,4.75,12.0,31.0,1.35,1.31,5.1,4.57,14.11,10.23,21.0,2.25,2.06,1.76,1.71,14.0,-1.25,1.79,1.77,2.18,2.11,1.29,5.45,14.3
G1,01/09/13,Asteras Tripolis,Apollon,2.0,0.0,H,0.0,0.0,D,1.62,3.5,6.25,1.55,3.7,6.5,1.55,3.4,5.8,1.55,3.4,5.8,1.546,3.89,7.94,1.6,3.5,6.5,1.57,3.5,6.5,1.57,3.7,6.5,28.0,1.62,1.57,3.75,3.46,7.31,6.25,17.0,2.45,2.31,1.62,1.58,14.0,-0.75,1.83,1.78,2.14,2.09,1.58,3.94,7.11
G1,10/02/14,Aris,Panionios,1.0,0.0,H,0.0,0.0,D,1.8,3.4,4.5,1.75,3.3,5.0,1.75,3.1,4.5,1.75,3.1,4.8,1.77,3.42,5.82,1.83,3.25,4.2,1.73,3.4,5.0,1.75,3.4,5.2,30.0,1.85,1.76,3.5,3.31,5.82,4.79,24.0,2.54,2.4,1.65,1.53,13.0,-0.5,1.86,1.74,2.18,2.11,1.95,3.39,4.58
G1,29/09/13,OFI,PAOK,1.0,1.0,D,1.0,0.0,H,4.6,3.3,1.83,4.75,3.4,1.78,4.5,3.1,1.75,4.6,3.1,1.75,5.0,3.39,1.87,4.75,3.1,1.91,4.33,3.5,1.8,4.8,3.3,1.83,30.0,5.0,4.43,3.6,3.3,1.91,1.81,18.0,2.61,2.41,1.6,1.53,14.0,0.5,2.05,2.01,1.9,1.85,5.05,3.42,1.87
G1,12/01/14,PAOK,Panetolikos,1.0,0.0,H,0.0,0.0,D,1.22,6.0,12.0,1.26,5.0,13.0,1.25,4.6,10.5,1.25,5.0,13.0,1.28,5.55,14.3,1.25,4.6,10.0,1.29,4.8,13.0,1.25,5.0,12.0,36.0,1.3,1.26,6.2,4.99,14.3,11.43,34.0,1.96,1.88,1.99,1.89,16.0,-1.5,1.96,1.88,2.02,1.96,1.33,5.28,11.8
G1,05/02/14,PAOK,OFI,5.0,0.0,H,1.0,0.0,H,1.4,4.2,9.0,1.36,4.4,9.0,1.4,3.7,7.5,1.4,4.0,8.0,1.391,4.7,10.15,1.4,3.8,7.0,1.4,4.33,8.0,1.36,4.33,8.5,37.0,1.45,1.38,4.83,4.31,10.85,8.12,35.0,2.04,1.95,1.93,1.83,17.0,-1.25,2.01,1.95,1.99,1.89,1.32,5.4,11.9
G1,05/01/14,Panionios,OFI,0.0,0.0,D,0.0,0.0,D,2.38,3.1,3.1,2.3,3.0,3.2,2.4,3.0,2.8,2.35,2.9,3.0,2.56,3.15,3.1,2.4,2.9,2.75,2.5,3.13,2.88,2.55,3.1,3.0,29.0,2.58,2.46,3.2,3.03,3.2,2.9,20.0,2.62,2.41,1.57,1.52,11.0,-0.25,2.2,2.13,1.8,1.73,3.0,3.09,2.7
G1,22/03/14,Panetolikos,Asteras Tripolis,0.0,1.0,A,0.0,0.0,D,2.7,3.0,2.75,2.5,3.2,2.8,2.4,3.0,2.8,2.6,2.9,2.7,2.78,3.17,2.82,2.5,3.0,2.8,2.6,3.13,2.75,2.7,2.9,2.75,44.0,2.79,2.58,3.16,3.03,2.9,2.75,32.0,2.46,2.29,1.64,1.58,19.0,0.0,1.95,1.87,2.0,1.94,2.78,3.04,2.97
G1,15/12/13,OFI,Levadeiakos,1.0,0.0,H,1.0,0.0,H,1.57,3.6,6.5,1.62,3.6,5.75,1.55,3.4,5.8,1.57,3.3,6.0,1.61,3.77,7.04,1.55,3.4,5.5,1.57,3.5,6.5,1.57,3.7,6.5,31.0,1.62,1.57,3.75,3.52,7.05,6.11,17.0,2.38,2.3,1.63,1.57,14.0,-0.75,1.79,1.76,2.16,2.1,1.6,3.77,7.38
G1,09/02/14,Atromitos,Asteras Tripolis,3.0,1.0,H,1.0,0.0,H,1.91,3.3,4.2,1.91,3.1,4.4,1.9,3.1,3.9,1.85,3.0,4.3,1.94,3.34,4.6,1.83,3.1,4.5,1.9,3.2,4.33,1.9,3.2,4.5,34.0,2.0,1.89,3.34,3.17,4.65,4.27,27.0,2.61,2.48,1.63,1.5,16.0,-0.5,1.98,1.93,1.98,1.92,2.18,3.0,4.29
G1,22/12/13,Kallonis,Ergotelis,0.0,0.0,D,0.0,0.0,D,3.1,3.25,2.25,3.0,3.1,2.35,3.0,2.9,2.3,3.0,2.9,2.35,3.27,3.31,2.34,2.8,3.0,2.3,3.2,3.13,2.3,3.12,3.25,2.2,29.0,3.27,3.05,3.31,3.1,2.35,2.27,24.0,2.09,2.0,1.83,1.77,9.0,0.0,2.39,2.28,1.66,1.61,3.0,3.18,2.35
G1,13/04/14,Levadeiakos,PAOK,3.0,2.0,H,3.0,0.0,H,3.8,3.3,1.83,3.4,3.5,2.0,,,,,,,,,,3.6,3.3,1.85,3.8,3.5,1.91,3.8,3.4,1.91,23.0,4.1,3.79,3.8,3.41,1.95,1.88,,,,,,,,,,,,,,
G1,11/11/13,Asteras Tripolis,Xanthi,2.0,2.0,D,1.0,2.0,A,1.62,3.6,6.0,1.62,3.5,6.0,1.55,3.4,5.8,1.6,3.4,6.0,1.64,3.64,6.83,1.6,3.8,5.5,1.62,3.75,5.5,1.6,3.5,6.0,31.0,1.66,1.61,3.8,3.56,6.83,5.53,17.0,2.53,2.4,1.62,1.53,15.0,-0.75,1.91,1.85,2.05,2.0,1.81,3.62,5.12
G1,06/10/13,Panthrakikos,OFI,1.0,1.0,D,1.0,0.0,H,2.15,3.1,3.6,2.05,3.1,3.8,2.0,2.9,3.7,2.05,2.9,3.7,2.21,3.16,3.86,2.2,3.1,3.5,2.1,3.13,3.5,2.15,3.1,3.6,19.0,2.2,2.12,3.3,3.06,4.0,3.42,9.0,2.5,2.37,1.58,1.53,7.0,-0.5,2.22,2.18,1.77,1.72,2.18,3.26,3.85
G1,17/03/14,Panetolikos,Xanthi,1.0,0.0,H,1.0,0.0,H,1.85,3.4,4.33,1.7,3.5,5.0,1.75,3.1,4.5,1.8,3.0,4.6,1.86,3.48,4.88,1.8,3.2,4.5,1.83,3.4,4.33,1.8,3.3,5.0,39.0,1.9,1.81,3.48,3.3,5.0,4.43,30.0,2.32,2.22,1.75,1.61,17.0,-0.5,1.88,1.82,2.08,2.01,2.06,3.18,4.46
G1,08/03/14,Xanthi,Asteras Tripolis,0.0,1.0,A,0.0,0.0,D,2.8,3.2,2.5,2.9,3.0,2.55,2.8,3.0,2.4,2.9,2.9,2.45,2.98,3.17,2.64,2.8,3.0,2.5,2.88,3.13,2.5,2.9,3.1,2.55,44.0,2.95,2.83,3.22,3.04,2.66,2.51,34.0,2.5,2.29,1.71,1.58,21.0,0.0,2.08,2.01,1.87,1.81,3.09,2.9,2.8
G1,06/02/14,Panetolikos,Aris,0.0,0.0,D,0.0,0.0,D,1.6,3.5,6.5,1.55,3.75,6.5,1.55,3.4,5.8,1.57,3.5,6.0,,,,1.55,3.4,5.5,1.57,3.8,5.8,1.57,3.7,5.75,37.0,1.61,1.56,3.95,3.67,7.1,5.97,27.0,2.31,2.15,1.73,1.66,19.0,-1.0,2.2,2.1,1.85,1.76,1.53,4.07,7.75
G1,02/03/14,Panionios,Kallonis,1.0,1.0,D,0.0,0.0,D,1.91,3.3,4.2,1.78,3.4,4.75,1.7,3.2,4.7,1.85,3.0,4.33,1.96,3.42,4.4,1.85,3.2,4.2,1.91,3.2,4.33,1.92,3.25,4.33,32.0,1.96,1.88,3.42,3.16,4.85,4.29,23.0,2.36,2.24,1.66,1.6,14.0,-0.5,1.98,1.93,1.96,1.91,2.16,3.47,3.66
G1,09/02/14,Kallonis,Levadeiakos,1.0,0.0,H,1.0,0.0,H,2.55,3.2,2.8,2.6,3.2,2.7,2.5,3.0,2.7,2.4,3.0,2.8,2.61,3.21,2.99,2.4,3.2,2.8,2.5,3.2,2.8,2.5,3.2,2.88,32.0,2.61,2.48,3.3,3.12,3.15,2.82,31.0,2.29,2.17,1.72,1.66,12.0,-0.25,2.23,2.16,1.76,1.7,2.66,3.31,2.87
G1,24/08/13,Panionios,Panathinaikos,3.0,0.0,H,1.0,0.0,H,3.4,3.2,2.2,3.3,3.2,2.2,3.2,3.0,2.2,3.4,3.0,2.15,3.68,3.19,2.25,3.5,3.2,2.15,3.2,3.13,2.3,3.4,3.12,2.3,28.0,3.5,3.19,3.25,3.09,2.36,2.24,18.0,2.62,2.44,1.58,1.52,14.0,0.25,1.95,1.91,2.0,1.95,3.82,3.03,2.31
G1,06/10/13,Levadeiakos,Kallonis,1.0,0.0,H,0.0,0.0,D,2.05,3.1,4.0,2.0,3.1,4.1,2.0,2.9,3.7,2.05,2.9,3.8,2.14,3.07,4.24,2.0,3.1,4.1,2.05,3.13,3.75,2.1,3.0,4.1,30.0,2.14,2.05,3.25,3.03,4.24,3.69,17.0,3.0,2.77,1.45,1.41,14.0,-0.5,2.14,2.09,1.81,1.77,2.16,3.08,4.21
G1,23/03/14,Kallonis,OFI,1.0,0.0,H,0.0,0.0,D,1.5,3.75,6.0,1.7,3.3,5.75,1.6,3.4,5.2,1.57,3.3,6.5,,,,1.57,3.3,6.5,1.57,3.6,6.25,1.57,3.5,6.25,32.0,1.65,1.55,4.2,3.59,6.95,6.09,29.0,2.62,2.45,1.59,1.5,12.0,-0.25,1.42,1.38,3.16,2.98,1.55,3.87,7.35
G1,22/09/13,PAOK,Platanias,1.0,0.0,H,0.0,0.0,D,1.36,4.5,9.0,1.33,4.6,9.5,1.3,4.4,8.5,1.36,4.3,8.5,1.36,4.73,12.2,1.4,4.2,9.0,1.36,4.5,9.5,1.36,4.6,9.5,32.0,1.4,1.34,4.85,4.36,12.2,9.25,28.0,2.01,1.94,1.93,1.84,14.0,-1.25,1.93,1.86,2.05,1.99,1.36,4.85,12.07
,,,,,,,,,,,,,,,,,,,,,,,,,,,,,,,,,,,,,,,,,,,,,,,,,,,,,,
G1,09/11/13,Platanias,Apollon,2.0,0.0,H,1.0,0.0,H,2.0,3.2,4.0,2.0,3.1,4.1,2.0,3.0,3.6,1.95,3.0,4.0,2.02,3.24,4.41,1.83,3.5,4.4,2.05,3.25,3.75,2.0,3.1,4.2,31.0,2.08,1.98,3.3,3.16,4.41,3.86,18.0,2.68,2.51,1.53,1.49,15.0,-0.5,2.11,2.04,1.88,1.82,2.09,3.24,4.2
G1,20/01/14,Platanias,OFI,0.0,2.0,A,0.0,0.0,D,2.2,3.1,3.5,2.15,3.0,3.7,2.0,3.0,3.6,2.2,2.87,3.4,2.26,3.21,3.55,2.0,3.0,3.5,2.25,3.13,3.3,2.2,3.12,3.5,34.0,2.3,2.15,3.3,3.1,3.8,3.38,25.0,2.55,2.41,1.65,1.52,15.0,-0.25,1.97,1.91,2.01,1.93,2.25,3.01,3.96
G1,19/01/14,Ergotelis,Xanthi,2.0,2.0,D,2.0,1.0,H,2.55,2.9,3.0,2.45,3.0,3.0,2.5,3.0,2.7,2.4,2.9,2.9,2.62,3.07,3.1,2.45,2.88,2.75,2.5,3.0,2.88,2.5,3.0,3.1,38.0,2.62,2.49,3.15,2.99,3.1,2.87,29.0,2.62,2.48,1.65,1.5,18.0,0.0,1.85,1.77,2.18,2.06,2.25,3.18,3.72
G1,16/02/14,Aris,Veria,0.0,0.0,D,0.0,0.0,D,1.73,3.3,5.5,1.72,3.4,5.25,1.7,3.2,4.7,1.7,3.2,5.25,1.72,3.57,5.92,1.62,3.5,5.5,1.73,3.4,5.0,1.7,3.4,5.5,37.0,1.75,1.69,3.57,3.4,5.92,5.16,23.0,2.5,2.35,1.65,1.55,17.0,-0.75,2.0,1.95,1.94,1.89,2.07,3.32,4.15
G1,20/10/13,Kallonis,Xanthi,1.0,5.0,A,1.0,3.0,A,3.2,3.0,2.38,3.1,2.95,2.45,2.9,2.9,2.4,3.0,2.85,2.4,3.28,3.11,2.48,3.25,2.9,2.45,3.13,3.0,2.38,3.12,3.0,2.45,32.0,3.28,3.08,3.11,2.97,2.5,2.38,21.0,2.8,2.62,1.5,1.45,15.0,0.0,2.26,2.17,1.73,1.69,3.23,2.84,2.76
G1,27/10/13,Aris,Platanias,1.0,2.0,A,0.0,1.0,A,2.1,3.1,3.75,2.1,2.95,3.9,1.9,3.1,3.8,2.05,2.9,3.6,2.2,3.14,3.9,2.25,3.0,3.5,2.2,3.13,3.5,2.2,3.1,3.6,33.0,2.25,2.12,3.25,3.06,4.0,3.5,22.0,2.67,2.54,1.57,1.48,14.0,-0.5,2.25,2.18,1.76,1.71,2.13,3.18,4.13
G1,06/04/14,PAOK,Atromitos,2.0,0.0,H,1.0,0.0,H,,,,1.8,3.3,4.5,1.7,3.3,4.5,1.75,3.1,4.6,,,,1.7,3.3,4.5,1.8,3.4,4.8,1.75,3.3,4.8,30.0,1.8,1.75,3.4,3.28,5.9,4.64,19.0,2.35,2.19,1.7,1.61,3.0,-0.5,1.84,1.8,2.05,1.99,1.79,3.71,5.13
G1,14/09/13,Panetolikos,Ergotelis,0.0,0.0,D,0.0,0.0,D,2.1,3.1,3.75,2.05,3.2,3.75,2.0,2.9,3.7,2.0,2.9,3.8,2.15,3.15,4.04,2.1,3.1,3.75,2.1,3.13,3.8,2.1,3.1,4.0,31.0,2.15,2.06,3.2,3.05,4.04,3.68,20.0,2.75,2.59,1.5,1.46,13.0,-0.25,1.83,1.77,2.17,2.1,1.79,3.52,5.42
G1,06/04/14,Apollon,Ergotelis,1.0,0.0,H,0.0,0.0,D,,,,1.4,4.25,8.0,1.4,3.9,7.0,1.4,4.0,8.0,,,,1.36,4.0,8.0,1.36,4.5,8.0,1.36,4.33,8.5,28.0,1.41,1.37,4.9,4.23,8.9,7.77,18.0,2.0,1.92,2.0,1.79,3.0,-1.25,1.97,1.91,1.95,1.88,1.6,4.46,5.66
G1,26/03/14,Veria,Xanthi,3.0,2.0,H,1.0,1.0,D,1.25,4.75,12.0,1.42,3.9,9.25,1.45,3.6,7.0,1.36,3.8,10.0,,,,1.36,3.75,11.0,1.3,4.5,11.0,1.33,4.2,11.0,26.0,1.45,1.33,4.77,4.15,12.06,10.34,20.0,2.4,2.23,1.7,1.58,2.0,-1.0,1.67,1.59,2.46,2.29,1.5,4.04,8.65
G1,18/12/13,Xanthi,OFI,2.0,1.0,H,0.0,0.0,D,1.91,3.25,4.33,1.85,3.2,4.4,1.8,3.1,4.2,1.8,3.1,4.5,1.96,3.37,4.47,1.8,3.0,4.33,1.73,3.5,5.0,1.9,3.2,4.2,31.0,1.96,1.85,3.5,3.24,5.0,4.22,20.0,2.5,2.36,1.61,1.54,12.0,-0.75,2.29,2.22,1.74,1.69,1.92,3.47,4.63
G1,18/12/13,Olympiakos,Giannina,3.0,2.0,H,1.0,1.0,D,1.11,9.0,21.0,1.12,7.5,18.0,1.1,6.5,17.0,1.11,7.5,26.0,,,,1.1,7.0,15.0,1.14,7.5,17.0,1.09,8.5,22.0,28.0,1.14,1.11,10.5,8.23,32.0,17.96,20.0,1.5,1.46,2.78,2.58,14.0,-2.25,1.9,1.86,2.05,1.99,1.12,10.13,31.46
G1,24/08/13,Panetolikos,PAOK,2.0,0.0,H,2.0,0.0,H,4.5,3.3,1.85,4.25,3.2,1.91,4.4,3.1,1.8,4.2,3.2,1.85,4.71,3.3,1.95,4.5,3.3,1.85,4.33,3.3,1.9,4.5,3.3,1.9,27.0,4.75,4.17,3.4,3.25,1.98,1.86,16.0,2.5,2.37,1.6,1.55,11.0,0.75,1.75,1.7,2.28,2.21,4.57,3.26,2.0
G1,01/02/14,Aris,Xanthi,1.0,1.0,D,0.0,0.0,D,2.1,3.1,3.75,2.15,3.1,3.6,2.2,3.0,3.1,2.15,2.9,3.4,2.2,3.29,3.68,2.1,2.9,3.3,2.1,3.2,3.4,2.15,3.2,3.6,40.0,2.25,2.15,3.35,3.15,3.77,3.36,31.0,2.5,2.3,1.65,1.57,18.0,-0.25,1.91,1.85,2.13,1.99,1.98,3.32,4.56
G1,12/01/14,Apollon,Giannina,4.0,0.0,H,1.0,0.0,H,2.38,3.2,3.0,2.35,3.1,3.1,2.3,3.0,2.9,2.35,2.87,3.1,2.45,3.28,3.15,2.38,2.9,2.8,2.4,3.13,3.0,2.4,3.1,2.9,36.0,2.5,2.4,3.28,3.02,3.15,2.97,26.0,2.38,2.23,1.65,1.6,14.0,0.0,1.8,1.74,2.2,2.12,2.92,3.1,2.77
G1,21/09/13,Atromitos,Apollon,2.0,0.0,H,2.0,0.0,H,1.6,3.6,6.0,1.53,3.6,7.25,1.55,3.4,5.8,1.57,3.3,6.0,1.6,3.6,7.91,1.6,3.6,6.0,1.57,3.6,6.5,1.57,3.5,7.0,32.0,1.62,1.56,3.6,3.52,7.91,6.29,21.0,2.79,2.59,1.55,1.47,14.0,-0.75,1.79,1.77,2.15,2.11,1.5,4.16,8.55
G1,22/09/13,Levadeiakos,Giannina,1.0,0.0,H,1.0,0.0,H,2.7,3.0,2.75,2.7,3.0,2.75,2.6,3.0,2.6,2.63,2.9,2.7,2.94,3.12,2.71,2.75,3.0,2.75,2.75,3.0,2.63,2.88,3.0,2.62,32.0,2.94,2.7,3.12,3.01,2.85,2.64,19.0,2.7,2.59,1.51,1.46,15.0,0.0,2.05,1.97,1.9,1.86,2.55,2.84,3.05
G1,01/12/13,OFI,Kallonis,3.0,1.0,H,1.0,1.0,D,1.75,3.4,5.0,1.83,3.2,4.75,1.85,3.1,4.0,1.75,3.1,4.8,1.8,3.45,5.41,1.8,3.4,4.6,1.8,3.4,4.5,1.75,3.3,5.2,32.0,1.85,1.77,3.6,3.35,5.41,4.6,17.0,2.64,2.46,1.55,1.51,14.0,-0.5,1.82,1.78,2.14,2.08,1.38,4.67,11.5
G1,30/11/13,Apollon,Panathinaikos,1.0,1.0,D,0.0,1.0,A,5.5,3.4,1.7,4.75,3.4,1.78,4.3,3.2,1.75,5.0,3.2,1.72,5.62,3.49,1.77,4.5,3.5,1.8,4.8,3.4,1.8,5.2,3.4,1.75,32.0,5.62,4.84,3.5,3.32,1.82,1.74,19.0,2.5,2.38,1.6,1.54,13.0,0.5,2.19,2.1,1.84,1.77,5.89,3.63,1.72
G1,19/12/13,Aris,Asteras Tripolis,1.0,1.0,D,0.0,1.0,A,3.4,3.2,2.2,3.4,3.0,2.2,3.6,3.0,2.0,3.4,2.9,2.15,3.77,3.27,2.18,3.4,2.87,2.1,3.25,3.13,2.25,3.6,3.1,2.1,29.0,3.77,3.34,3.28,3.08,2.35,2.17,20.0,2.57,2.44,1.56,1.51,15.0,0.25,2.06,1.99,2.0,1.86,4.12,2.96,2.03
G1,14/12/13,Platanias,Xanthi,3.0,0.0,H,0.0,0.0,D,2.3,3.1,3.3,2.35,3.0,3.2,2.3,3.0,2.9,2.35,2.9,3.0,2.37,3.18,3.4,2.3,2.9,2.9,2.38,3.13,3.0,2.3,3.12,3.25,31.0,2.5,2.32,3.2,3.05,3.4,3.08,18.0,2.45,2.34,1.59,1.55,14.0,0.0,1.73,1.66,2.36,2.24,2.27,3.13,3.8
G1,22/12/13,Panathinaikos,Xanthi,2.0,1.0,H,1.0,1.0,D,1.67,3.5,5.5,1.67,3.7,5.0,1.55,3.4,5.8,1.66,3.3,5.2,1.71,3.89,5.28,1.67,3.3,4.6,1.73,3.5,5.0,1.67,3.6,5.0,6.0,1.75,1.66,3.94,3.5,5.8,5.05,31.0,2.08,1.95,1.87,1.78,11.0,-0.75,1.92,1.9,2.03,1.97,1.63,4.0,6.17
G1,17/08/13,Atromitos,Ergotelis,2.0,2.0,D,1.0,2.0,A,1.57,3.5,7.0,1.57,3.5,6.75,1.55,3.7,5.4,1.62,3.25,6.0,1.65,3.57,6.99,1.65,3.3,6.5,1.62,3.6,5.75,1.65,3.4,6.25,27.0,1.65,1.59,3.7,3.44,7.23,6.23,16.0,2.82,2.69,1.48,1.43,,,,,,,1.61,3.6,7.76
,,,,,,,,,,,,,,,,,,,,,,,,,,,,,,,,,,,,,,,,,,,,,,,,,,,,,,
G1,29/09/13,Apollon,Levadeiakos,4.0,2.0,H,1.0,1.0,D,2.15,3.2,3.4,2.5,3.0,2.95,2.2,3.0,3.1,2.3,2.85,3.1,2.36,3.11,3.51,2.45,2.9,3.25,2.3,3.2,3.13,2.38,3.0,3.25,30.0,2.45,2.33,3.2,3.01,3.51,3.1,18.0,2.76,2.61,1.5,1.46,14.0,-0.25,2.09,2.02,1.91,1.84,2.41,3.01,3.58
G1,23/02/14,Giannina,Veria,0.0,1.0,A,0.0,0.0,D,1.67,3.5,5.5,1.7,3.5,5.0,1.65,3.3,4.9,1.7,3.2,5.25,1.76,3.57,5.44,1.73,3.3,4.8,1.73,3.5,4.8,1.75,3.5,5.0,35.0,1.77,1.71,3.6,3.39,5.9,4.96,24.0,2.4,2.27,1.65,1.59,16.0,-0.75,2.13,2.01,1.9,1.84,2.1,3.26,4.14
G1,23/02/14,Panathinaikos,Ergotelis,1.0,1.0,D,1.0,0.0,H,1.4,4.0,10.0,1.42,4.0,8.5,1.4,3.7,7.5,1.4,3.7,9.0,1.4,4.48,10.53,1.44,3.8,7.5,1.44,3.8,8.5,1.4,4.0,10.5,37.0,1.45,1.4,4.48,3.95,11.0,9.0,27.0,2.34,2.21,1.69,1.62,15.0,-1.0,1.79,1.71,2.27,2.19,1.41,4.59,9.98
G1,09/03/14,Apollon,Platanias,3.0,1.0,H,2.0,1.0,H,2.1,3.2,3.6,2.2,3.1,3.4,2.0,3.1,3.5,2.05,2.9,3.6,2.19,3.2,3.84,2.05,3.1,3.6,2.1,3.13,3.6,2.15,3.12,3.6,43.0,2.19,2.1,3.25,3.08,3.9,3.58,32.0,2.41,2.27,1.69,1.58,19.0,-0.25,1.89,1.82,2.09,2.01,2.2,3.32,3.71
G1,23/02/14,Atromitos,Xanthi,2.0,0.0,H,1.0,0.0,H,1.36,4.33,9.5,1.36,4.33,10.0,1.35,4.0,8.0,1.3,4.3,12.0,1.38,4.63,11.07,1.35,4.2,9.0,1.36,4.0,11.0,1.33,4.3,13.0,36.0,1.4,1.35,4.63,4.12,13.0,10.36,25.0,2.3,2.15,1.79,1.65,15.0,-1.25,1.92,1.86,2.05,1.99,1.42,4.52,9.95
G1,30/11/13,Platanias,Atromitos,1.0,1.0,D,1.0,1.0,D,3.4,3.2,2.2,3.3,3.0,2.3,2.9,3.0,2.3,3.4,2.9,2.15,3.63,3.22,2.25,3.0,3.2,2.4,3.3,3.13,2.25,3.5,3.12,2.2,32.0,3.63,3.28,3.22,3.09,2.4,2.21,20.0,2.51,2.33,1.65,1.55,15.0,0.25,2.02,1.97,1.92,1.89,3.86,3.08,2.27
G1,06/04/14,Veria,Panionios,2.0,1.0,H,1.0,0.0,H,,,,1.16,6.5,18.0,,,,,,,,,,1.11,7.0,15.0,1.14,7.0,17.0,1.15,6.25,19.0,21.0,1.17,1.13,7.9,6.62,29.0,17.21,15.0,2.0,1.87,2.1,1.83,3.0,-2.0,2.1,2.01,1.87,1.8,,,
G1,02/02/14,Apollon,Atromitos,2.0,3.0,A,1.0,1.0,D,4.75,3.2,1.83,4.4,3.3,1.85,3.8,3.1,1.9,4.5,3.0,1.83,4.92,3.5,1.85,4.2,3.2,1.75,4.5,3.3,1.83,4.75,3.3,1.83,39.0,4.92,4.44,3.5,3.27,1.9,1.82,29.0,2.36,2.23,1.68,1.61,18.0,0.5,2.08,2.02,1.9,1.83,5.12,3.39,1.87
G1,18/08/13,OFI,Panionios,0.0,0.0,D,0.0,0.0,D,2.0,3.2,4.0,1.95,3.1,4.33,2.0,3.1,3.5,1.95,3.0,4.0,2.01,3.22,4.5,2.1,3.1,3.75,2.05,3.13,4.0,2.0,3.2,4.0,24.0,2.1,2.02,3.3,3.12,4.5,3.76,14.0,2.62,2.45,1.57,1.52,,,,,,,1.99,3.38,4.38
G1,07/12/13,Ergotelis,Aris,3.0,3.0,D,0.0,0.0,D,1.85,3.4,4.33,1.83,3.2,4.75,1.7,3.2,4.7,1.83,3.0,4.6,1.91,3.4,4.71,1.73,3.1,4.6,1.83,3.4,4.33,1.87,3.25,4.6,33.0,1.91,1.81,3.42,3.28,4.71,4.32,21.0,2.62,2.44,1.55,1.5,15.0,-0.75,2.23,2.17,1.75,1.71,1.96,3.31,4.67
G1,19/10/13,Atromitos,Levadeiakos,3.0,0.0,H,2.0,0.0,H,1.5,4.0,7.0,1.45,3.8,8.25,1.45,3.6,7.0,1.45,3.6,8.0,1.49,4.09,8.69,1.5,3.75,7.5,1.44,3.8,8.0,1.44,4.0,8.5,34.0,1.5,1.45,4.14,3.83,9.0,7.73,25.0,2.45,2.32,1.63,1.57,19.0,-1.0,1.86,1.8,2.12,2.05,1.45,4.25,9.75
G1,30/03/14,Levadeiakos,OFI,2.0,1.0,H,2.0,1.0,H,1.36,4.2,8.0,1.5,3.9,6.25,1.4,3.7,7.5,1.44,3.8,7.5,,,,1.4,4.0,7.0,1.4,4.33,8.0,1.44,3.9,7.5,27.0,1.5,1.4,4.9,4.11,8.5,7.57,19.0,2.35,2.17,1.75,1.62,3.0,-1.0,1.78,1.67,2.38,2.15,1.38,5.44,8.89
G1,02/09/13,Atromitos,Aris,2.0,0.0,H,2.0,0.0,H,1.62,3.5,6.25,1.62,3.4,6.25,1.6,3.4,5.2,1.6,3.4,5.2,1.552,3.71,8.53,1.65,3.3,6.5,1.57,3.5,6.25,1.57,3.5,7.0,28.0,1.65,1.6,3.58,3.38,7.83,6.17,17.0,2.82,2.66,1.5,1.44,14.0,-0.75,1.87,1.81,2.11,2.06,1.5,3.97,8.55
G1,08/02/14,Veria,Olympiakos,0.0,5.0,A,0.0,0.0,D,13.0,6.5,1.2,18.5,7.0,1.14,12.0,5.0,1.2,15.0,5.75,1.2,,,,15.0,6.0,1.17,13.0,6.5,1.18,17.0,6.5,1.18,33.0,20.0,13.65,7.1,6.28,1.24,1.18,26.0,1.7,1.63,2.38,2.19,16.0,1.75,2.11,2.05,1.84,1.8,16.8,7.0,1.22
G1,18/01/14,Panetolikos,Panthrakikos,3.0,1.0,H,0.0,1.0,A,1.75,3.4,5.0,1.8,3.3,4.75,1.7,3.2,4.7,1.8,3.1,4.6,1.83,3.5,5.0,1.7,3.1,4.8,1.8,3.3,4.8,1.83,3.4,4.6,39.0,1.85,1.77,3.5,3.28,5.2,4.65,30.0,2.33,2.19,1.69,1.62,15.0,-0.75,2.16,2.1,1.85,1.77,2.0,3.2,4.67
G1,28/09/13,Veria,Ergotelis,0.0,1.0,A,0.0,0.0,D,2.2,3.2,3.4,2.25,3.0,3.4,2.2,3.0,3.1,2.25,2.9,3.2,2.4,3.11,3.42,2.37,2.9,3.4,2.25,3.25,3.13,2.3,3.0,3.4,30.0,2.4,2.27,3.25,3.03,3.5,3.22,19.0,2.77,2.64,1.55,1.45,14.0,-0.25,2.05,1.98,1.91,1.87,2.33,3.09,3.67
G1,16/03/14,Platanias,Kallonis,7.0,0.0,H,2.0,0.0,H,1.62,3.75,5.5,1.6,3.7,5.75,1.65,3.3,4.9,1.57,3.5,6.0,1.6,3.95,6.66,1.55,3.6,6.0,1.57,3.6,6.0,1.57,3.75,6.25,42.0,1.65,1.58,3.95,3.61,6.66,5.9,31.0,2.2,2.08,1.8,1.69,17.0,-0.75,1.8,1.75,2.17,2.1,1.51,4.3,7.71
G1,06/04/14,Kallonis,Panthrakikos,2.0,0.0,H,1.0,0.0,H,,,,1.3,4.75,11.0,1.25,4.6,9.0,1.25,4.8,13.0,,,,1.25,4.5,12.0,1.3,4.8,11.0,1.29,4.6,12.0,27.0,1.32,1.28,5.0,4.64,13.0,11.12,16.0,1.96,1.91,2.08,1.82,4.0,-1.5,1.95,1.91,1.9,1.87,,,
G1,06/04/14,Giannina,Olympiakos,2.0,0.0,H,2.0,0.0,H,,,,6.0,4.25,1.5,5.8,3.4,1.55,6.5,3.9,1.45,,,,6.5,4.2,1.4,6.25,4.33,1.5,6.5,4.2,1.44,30.0,7.0,6.24,4.5,4.07,1.55,1.44,19.0,1.85,1.78,2.0,1.95,4.0,1.0,2.05,1.99,1.91,1.81,5.73,4.06,1.66
G1,15/12/13,Apollon,Panthrakikos,3.0,2.0,H,1.0,0.0,H,2.5,3.1,2.9,2.45,3.0,3.0,2.4,2.9,2.9,2.45,2.9,2.9,2.57,3.18,3.07,2.45,2.88,2.75,2.5,3.13,2.8,2.55,3.12,2.88,31.0,2.57,2.46,3.2,3.03,3.07,2.87,17.0,2.42,2.33,1.62,1.56,15.0,0.0,1.85,1.8,2.14,2.04,2.25,3.3,3.6
G1,06/10/13,Xanthi,Apollon,3.0,2.0,H,2.0,2.0,D,1.83,3.25,4.75,1.85,3.25,4.5,1.8,3.0,4.4,1.85,3.0,4.33,1.91,3.21,5.13,1.91,3.2,4.33,1.83,3.25,4.5,1.85,3.12,5.0,31.0,1.95,1.86,3.3,3.13,5.13,4.33,17.0,3.0,2.71,1.48,1.43,15.0,-0.5,1.93,1.89,2.02,1.96,1.81,3.26,6.02
G1,26/03/14,Panathinaikos,Kallonis,3.0,0.0,H,2.0,0.0,H,1.22,5.5,11.0,1.22,5.75,13.0,1.25,4.6,10.5,1.22,5.0,14.0,,,,1.22,5.0,12.0,1.22,5.75,12.0,1.22,5.4,13.0,27.0,1.26,1.22,6.1,5.34,14.0,11.65,22.0,1.83,1.74,2.28,1.98,3.0,-1.5,1.79,1.76,2.18,2.06,1.2,7.12,19.4
G1,23/03/14,Xanthi,Panionios,2.0,0.0,H,0.0,0.0,D,1.53,3.8,6.5,1.55,3.75,6.5,1.55,3.5,5.5,1.55,3.4,6.0,1.53,4.08,7.48,1.55,3.6,6.0,1.53,3.6,7.5,1.5,3.7,7.0,42.0,1.62,1.52,4.08,3.67,7.76,6.77,33.0,2.2,2.1,1.76,1.68,16.0,-0.75,1.71,1.67,2.28,2.23,1.43,4.45,9.15
G1,25/01/14,Panathinaikos,Platanias,1.0,0.0,H,1.0,0.0,H,1.44,3.8,9.0,1.42,4.0,8.5,1.45,3.6,7.0,1.4,3.75,9.0,1.49,4.19,8.31,1.4,3.75,7.0,1.44,4.0,8.0,1.45,3.9,8.5,36.0,1.5,1.43,4.45,3.89,10.0,7.8,27.0,2.31,2.18,1.77,1.63,16.0,-1.0,1.85,1.8,2.18,2.05,1.43,4.5,9.54
G1,18/01/14,Panionios,PAOK,2.0,0.0,H,1.0,0.0,H,7.5,3.8,1.5,7.0,3.8,1.5,6.3,3.5,1.5,6.5,3.6,1.5,7.93,4.06,1.52,5.5,3.5,1.53,6.5,4.0,1.5,7.0,4.0,1.5,39.0,7.93,6.63,4.25,3.86,1.55,1.49,30.0,2.32,2.19,1.76,1.63,20.0,1.0,1.99,1.91,1.97,1.91,7.77,3.94,1.56
G1,19/12/13,Panionios,Veria,2.0,1.0,H,1.0,1.0,D,2.3,3.1,3.25,2.35,3.0,3.1,2.4,2.9,2.9,2.3,2.8,3.25,2.36,3.22,3.38,2.25,2.9,3.0,2.2,3.13,3.4,2.3,3.1,3.13,28.0,2.4,2.28,3.25,3.05,3.4,3.13,20.0,2.48,2.35,1.58,1.54,15.0,-0.25,2.04,1.98,1.9,1.84,2.09,2.95,3.92
G1,11/01/14,Levadeiakos,Ergotelis,2.0,0.0,H,2.0,0.0,H,2.15,3.2,3.5,2.2,3.0,3.5,2.2,3.0,3.1,2.25,2.9,3.25,2.34,3.28,3.36,2.05,3.2,3.1,2.25,3.2,3.13,2.25,3.12,3.12,39.0,2.37,2.25,3.3,3.08,3.5,3.17,27.0,2.35,2.22,1.67,1.62,15.0,-0.25,2.03,1.97,1.94,1.87,2.32,3.42,3.31
G1,26/10/13,Ergotelis,Panathinaikos,0.0,2.0,A,0.0,0.0,D,3.0,3.1,2.45,2.9,3.0,2.55,2.8,3.0,2.4,2.75,2.9,2.55,3.13,3.05,2.61,2.9,3.0,2.6,2.88,3.0,2.5,3.0,3.1,2.5,33.0,3.13,2.89,3.1,2.99,2.63,2.47,24.0,2.59,2.43,1.6,1.51,16.0,0.0,2.14,2.08,1.8,1.77,3.24,3.14,2.51
G1,05/10/13,Ergotelis,Platanias,3.0,1.0,H,2.0,0.0,H,2.15,3.1,3.6,2.15,3.0,3.75,2.0,2.9,3.7,2.15,2.9,3.4,2.25,3.06,3.87,2.1,3.2,3.6,2.2,3.13,3.5,2.2,3.0,3.7,32.0,2.35,2.17,3.2,3.02,3.87,3.37,18.0,3.0,2.69,1.48,1.44,15.0,-0.25,1.95,1.89,2.02,1.96,2.47,3.03,3.44
G1,19/10/13,Platanias,Olympiakos,1.0,4.0,A,1.0,0.0,H,19.0,5.5,1.2,14.5,5.0,1.25,10.5,4.6,1.25,16.0,5.25,1.21,21.08,6.39,1.21,11.0,4.5,1.33,15.0,5.75,1.2,17.0,6.0,1.2,34.0,22.03,14.84,6.6,5.76,1.33,1.2,27.0,2.1,1.97,1.93,1.8,18.0,1.5,2.22,2.13,1.78,1.74,19.9,7.45,1.19
G1,08/02/14,Apollon,Xanthi,2.0,0.0,H,1.0,0.0,H,2.2,3.2,3.4,2.2,3.2,3.3,2.2,3.0,3.1,2.15,3.0,3.3,2.23,3.31,3.59,2.1,3.2,3.3,2.2,3.25,3.3,2.2,3.2,3.4,34.0,2.26,2.17,3.35,3.15,3.65,3.31,33.0,2.26,2.16,1.75,1.67,11.0,-0.25,1.92,1.88,2.0,1.95,2.4,3.07,3.53
G1,23/12/13,Giannina,Aris,2.0,1.0,H,0.0,0.0,D,1.62,3.5,6.25,1.6,3.6,6.0,,,,1.61,3.3,5.75,1.61,3.74,6.97,1.6,3.2,5.5,1.62,3.5,6.0,1.57,3.5,6.25,30.0,1.65,1.6,3.74,3.43,6.97,5.84,21.0,2.53,2.38,1.57,1.53,14.0,-0.75,1.87,1.8,2.11,2.02,1.64,3.75,6.51
G1,26/01/14,Levadeiakos,Aris,4.0,3.0,H,0.0,1.0,A,1.91,3.3,4.2,1.9,3.2,4.33,1.85,3.1,4.0,1.85,2.9,4.6,1.9,3.44,4.68,1.91,3.0,3.8,1.9,3.2,4.5,1.85,3.3,4.6,35.0,1.91,1.86,3.44,3.19,4.75,4.29,26.0,2.5,2.37,1.65,1.54,15.0,-0.5,1.95,1.87,2.04,1.98,2.01,3.46,4.2
G1,22/03/14,Panathinaikos,Apollon,3.0,1.0,H,1.0,0.0,H,1.44,4.0,8.0,1.48,3.9,7.0,1.4,3.7,7.5,1.45,3.8,7.0,1.49,4.26,8.13,1.44,4.0,7.0,1.5,4.0,7.0,1.45,3.9,7.0,43.0,1.53,1.47,4.25,3.89,8.04,6.94,31.0,2.13,2.04,1.8,1.72,19.0,-1.0,1.94,1.88,2.02,1.95,1.4,4.84,9.35
G1,01/02/14,OFI,Panathinaikos,1.0,1.0,D,0.0,1.0,A,3.75,3.1,2.1,3.6,3.2,2.1,3.1,3.0,2.2,3.5,2.9,2.1,3.85,3.29,2.14,3.3,2.9,2.1,3.5,3.13,2.2,3.7,3.2,2.1,39.0,3.9,3.45,3.29,3.09,2.2,2.14,30.0,2.38,2.26,1.65,1.59,17.0,0.25,2.09,2.01,1.9,1.83,3.45,3.04,2.46
,,,,,,,,,,,,,,,,,,,,,,,,,,,,,,,,,,,,,,,,,,,,,,,,,,,,,,
G1,25/01/14,Kallonis,Apollon,0.0,0.0,D,0.0,0.0,D,2.45,3.2,2.88,2.5,3.0,2.95,2.4,2.9,2.9,2.55,2.9,2.8,2.69,3.16,2.92,2.5,2.9,2.7,2.5,3.0,2.88,2.55,3.2,2.8,35.0,2.69,2.52,3.2,3.01,3.05,2.81,26.0,2.38,2.25,1.69,1.59,16.0,0.0,1.89,1.83,2.05,1.99,2.91,3.01,2.86
G1,02/02/14,Veria,Panthrakikos,0.0,0.0,D,0.0,0.0,D,2.2,3.2,3.4,2.35,3.1,3.1,2.2,3.0,3.1,2.3,2.9,3.1,2.23,3.28,3.61,2.2,3.0,3.0,2.2,3.2,3.25,2.15,3.2,3.5,36.0,2.38,2.17,3.35,3.18,3.61,3.27,26.0,2.38,2.26,1.69,1.6,18.0,-0.25,2.01,1.87,2.06,1.98,1.85,3.58,4.89
G1,27/03/14,Giannina,Panthrakikos,1.0,1.0,D,1.0,1.0,D,1.8,3.1,4.6,1.85,3.2,4.6,1.9,3.1,3.8,1.83,3.1,4.33,,,,1.8,3.2,4.33,1.83,3.2,4.8,1.85,3.1,4.75,24.0,1.9,1.83,3.25,3.13,5.2,4.47,21.0,2.75,2.4,1.55,1.51,3.0,-0.5,1.9,1.86,2.0,1.93,1.65,3.71,6.61
G1,23/03/14,Atromitos,Platanias,3.0,0.0,H,1.0,0.0,H,1.3,5.0,10.0,1.3,4.6,11.5,1.35,4.0,8.0,1.3,4.5,11.0,1.34,5.0,11.35,1.3,4.5,10.0,1.33,4.8,10.0,1.29,4.75,11.0,44.0,1.35,1.31,5.02,4.65,12.0,9.81,39.0,2.05,1.93,1.94,1.83,19.0,-1.5,2.1,2.0,1.88,1.84,1.39,4.88,9.81
G1,05/01/14,Panetolikos,Panathinaikos,1.0,0.0,H,1.0,0.0,H,3.6,3.25,2.1,3.9,3.3,1.95,3.5,3.0,2.0,3.6,3.0,2.05,3.89,3.36,2.1,3.3,3.2,2.0,3.5,3.25,2.1,3.8,3.25,2.1,29.0,3.9,3.53,3.4,3.19,2.15,2.04,20.0,2.38,2.17,1.67,1.61,10.0,0.5,1.79,1.78,2.16,2.12,3.23,3.12,2.42
,,,,,,,,,,,,,,,,,,,,,,,,,,,,,,,,,,,,,,,,,,,,,,,,,,,,,,
G1,23/02/14,Platanias,Aris,2.0,1.0,H,1.0,0.0,H,1.85,3.4,4.33,1.83,3.2,4.75,1.8,3.0,4.4,1.85,3.1,4.3,1.9,3.42,4.72,1.85,3.1,4.4,1.9,3.25,4.33,1.87,3.3,4.5,36.0,1.95,1.85,3.42,3.26,4.9,4.29,25.0,2.46,2.3,1.63,1.57,16.0,-0.5,1.92,1.87,2.05,1.97,1.78,3.58,5.46
G1,09/03/14,Panthrakikos,Ergotelis,2.0,1.0,H,1.0,0.0,H,2.2,3.2,3.4,2.2,3.1,3.4,2.1,3.0,3.3,2.15,2.9,3.4,2.28,3.23,3.55,2.25,3.0,3.2,2.2,3.13,3.4,2.25,3.12,3.4,42.0,2.28,2.2,3.23,3.06,3.65,3.34,32.0,2.56,2.34,1.6,1.55,17.0,-0.25,1.97,1.9,2.0,1.9,2.2,3.04,4.1
G1,18/08/13,Apollon,Aris,2.0,1.0,H,1.0,0.0,H,2.2,3.2,3.4,2.25,3.0,3.4,2.2,3.0,3.2,2.15,2.9,3.3,2.29,3.16,3.61,2.3,3.1,3.3,2.2,3.13,3.4,2.2,3.1,3.5,27.0,2.3,2.2,3.25,3.09,3.61,3.32,15.0,2.7,2.47,1.55,1.51,,,,,,,2.5,2.99,3.44
G1,22/09/13,Panthrakikos,Veria,1.0,0.0,H,1.0,0.0,H,2.25,3.1,3.4,2.25,3.0,3.4,2.1,2.9,3.4,2.25,2.88,3.3,2.28,3.15,3.64,2.2,3.1,3.5,2.2,3.13,3.5,2.25,3.0,3.5,21.0,2.34,2.21,3.1,3.04,3.5,3.3,12.0,2.95,2.59,1.48,1.44,10.0,-0.25,1.95,1.9,2.0,1.96,2.29,2.92,3.41
G1,18/08/13,Panathinaikos,Panetolikos,2.0,0.0,H,1.0,0.0,H,1.73,3.4,5.25,1.67,3.6,5.25,1.65,3.5,4.6,1.67,3.25,5.25,1.69,3.62,6.17,1.7,3.4,5.5,1.67,3.6,5.25,1.65,3.5,5.75,24.0,1.73,1.68,3.62,3.39,6.17,5.26,12.0,2.53,2.36,1.62,1.56,,,,,,,1.84,3.4,5.33
G1,01/12/13,Veria,Levadeiakos,4.0,3.0,H,0.0,1.0,A,2.0,3.1,4.1,1.95,3.25,4.0,1.85,3.2,3.8,2.0,3.0,3.75,2.07,3.34,4.04,1.91,3.3,4.2,2.0,3.25,3.8,2.0,3.25,3.9,32.0,2.08,1.99,3.5,3.21,4.2,3.77,19.0,2.5,2.32,1.65,1.57,14.0,-0.5,2.1,2.04,1.87,1.83,1.69,3.71,6.06
G1,12/01/14,Asteras Tripolis,Platanias,3.0,0.0,H,2.0,0.0,H,1.45,3.75,9.0,1.45,3.75,8.75,1.5,3.5,6.3,1.45,3.7,8.0,1.52,3.95,8.3,1.44,3.5,7.0,1.5,4.0,7.5,1.45,3.9,7.5,36.0,1.52,1.47,4.1,3.8,9.0,7.14,25.0,2.48,2.34,1.65,1.56,16.0,-1.0,1.92,1.87,2.02,1.97,1.54,4.03,7.71
G1,10/11/13,Ergotelis,Panthrakikos,3.0,1.0,H,1.0,1.0,D,2.2,3.1,3.5,2.3,3.0,3.3,2.2,3.0,3.1,2.1,2.9,3.5,2.3,3.1,3.66,2.05,3.2,3.8,2.25,3.13,3.25,2.25,3.0,3.6,31.0,2.33,2.19,3.25,3.07,3.8,3.34,16.0,2.77,2.58,1.5,1.47,14.0,-0.25,1.99,1.93,1.98,1.93,2.09,3.08,4.51
G1,10/11/13,Veria,Kallonis,0.0,3.0,A,0.0,2.0,A,1.85,3.3,4.6,1.9,3.0,4.75,1.8,3.1,4.2,1.85,3.0,4.5,1.93,3.28,4.83,1.95,3.5,3.8,1.9,3.3,4.33,1.9,3.2,4.6,31.0,1.95,1.87,3.5,3.27,4.83,4.18,17.0,2.72,2.55,1.55,1.47,14.0,-0.5,1.92,1.89,2.02,1.97,2.09,3.18,4.35
,,,,,,,,,,,,,,,,,,,,,,,,,,,,,,,,,,,,,,,,,,,,,,,,,,,,,,
G1,27/10/13,Panthrakikos,PAOK,0.0,3.0,A,0.0,1.0,A,4.6,3.3,1.83,4.75,3.2,1.83,4.2,3.1,1.8,4.33,3.1,1.8,4.66,3.3,1.95,4.75,3.1,1.91,4.33,3.3,1.83,4.6,3.25,1.87,33.0,4.75,4.34,3.5,3.21,1.95,1.85,23.0,2.62,2.45,1.55,1.5,15.0,0.5,2.0,1.96,1.95,1.89,5.03,3.45,1.86
G1,15/12/13,Asteras Tripolis,Panionios,1.0,0.0,H,0.0,0.0,D,1.25,5.0,15.0,1.26,4.75,15.0,1.25,4.6,9.0,1.22,5.0,15.0,1.26,5.8,15.25,1.18,5.0,13.0,1.2,5.5,17.0,1.2,6.0,18.0,30.0,1.26,1.21,6.2,5.32,19.0,14.22,22.0,2.0,1.91,1.94,1.85,13.0,-1.5,1.79,1.73,2.21,2.12,1.26,6.35,14.0
G1,08/12/13,Atromitos,OFI,3.0,0.0,H,2.0,0.0,H,1.57,3.6,6.5,1.57,3.6,6.5,1.45,3.6,7.0,1.5,3.4,7.0,1.53,3.91,8.1,1.5,3.3,6.5,1.57,3.6,6.25,1.55,3.7,7.0,33.0,1.57,1.53,3.91,3.6,8.1,6.51,21.0,2.61,2.43,1.55,1.51,17.0,-1.0,2.09,2.04,1.88,1.8,1.57,3.85,7.78
G1,25/08/13,Olympiakos,Atromitos,2.0,1.0,H,0.0,0.0,D,1.22,6.0,12.0,1.26,5.25,12.0,1.2,5.0,12.0,1.22,5.25,12.0,1.25,6.06,16.19,1.29,5.0,12.0,1.25,5.5,12.0,1.22,6.0,13.0,28.0,1.29,1.24,6.2,5.43,16.0,11.37,25.0,1.8,1.72,2.25,2.09,14.0,-1.5,1.82,1.79,2.18,2.09,1.36,5.09,10.81
G1,13/04/14,Aris,Giannina,0.0,0.0,D,0.0,0.0,D,2.2,2.88,3.3,2.15,3.0,3.6,,,,,,,,,,2.2,2.88,3.3,2.25,3.0,3.5,2.15,3.0,3.5,23.0,2.25,2.18,3.1,2.95,3.7,3.42,,,,,,,,,,,,,,
G1,19/01/14,Giannina,Kallonis,1.0,2.0,A,1.0,0.0,H,1.5,3.8,7.5,1.5,3.75,7.25,1.6,3.4,5.2,1.53,3.4,7.0,1.5,4.03,8.84,1.5,3.5,6.0,1.5,3.8,7.5,1.5,3.8,7.5,36.0,1.6,1.49,4.03,3.75,8.84,6.96,28.0,2.38,2.27,1.66,1.59,17.0,-1.0,1.95,1.87,2.04,1.96,1.6,4.08,6.52
G1,06/01/14,Aris,Apollon,0.0,2.0,A,0.0,1.0,A,1.75,3.4,5.0,1.78,3.4,4.75,1.85,3.0,4.2,1.8,3.1,4.5,1.88,3.43,4.83,1.7,3.2,4.5,1.83,3.4,4.5,1.85,3.4,4.8,33.0,1.88,1.79,3.5,3.29,5.0,4.48,21.0,2.5,2.3,1.62,1.58,12.0,-0.75,2.2,2.13,1.8,1.73,1.91,3.37,4.89
G1,31/08/13,Kallonis,Giannina,1.0,0.0,H,0.0,0.0,D,2.75,3.0,2.75,2.7,3.0,2.75,2.6,3.0,2.6,2.6,3.0,2.6,2.98,2.99,2.77,2.75,3.0,2.75,2.75,3.0,2.63,2.88,2.9,2.7,29.0,2.98,2.73,3.05,2.94,2.82,2.64,19.0,2.92,2.67,1.5,1.44,14.0,0.0,2.05,1.97,1.92,1.87,3.35,2.84,2.66
G1,05/02/14,Atromitos,Kallonis,2.0,0.0,H,1.0,0.0,H,1.2,5.75,17.0,1.25,5.25,13.0,1.2,5.0,12.0,1.2,5.5,17.0,1.218,6.29,19.88,1.2,5.0,11.0,1.2,6.0,15.0,1.18,5.75,17.0,37.0,1.25,1.21,7.0,5.81,19.88,13.45,31.0,2.0,1.91,1.95,1.86,16.0,-1.5,1.8,1.73,2.27,2.13,1.24,6.15,17.45
G1,18/12/13,Panthrakikos,Kallonis,2.0,0.0,H,0.0,0.0,D,1.33,5.0,8.5,1.36,4.75,7.5,,,,1.36,4.6,7.5,1.41,5.19,7.91,,,,,,,1.33,5.0,7.5,21.0,1.41,1.35,5.25,4.75,9.0,7.4,20.0,1.5,1.47,2.75,2.59,10.0,-1.25,1.85,1.79,2.12,2.04,1.43,4.97,7.99
G1,15/03/14,Veria,Atromitos,1.0,1.0,D,0.0,1.0,A,4.0,3.4,1.91,4.25,3.2,1.91,3.4,3.1,2.0,3.9,3.1,1.9,4.28,3.38,2.0,3.8,3.2,1.95,3.8,3.4,1.95,4.2,3.25,1.95,43.0,4.3,3.85,3.45,3.27,2.04,1.94,33.0,2.32,2.21,1.7,1.62,19.0,0.5,1.92,1.86,2.03,1.97,3.47,3.02,2.46
G1,15/02/14,Olympiakos,Platanias,4.0,2.0,H,1.0,1.0,D,1.08,9.0,29.0,1.08,8.75,31.0,1.1,6.5,17.0,1.08,9.5,36.0,1.1,10.76,39.54,1.08,8.0,23.0,1.09,8.5,26.0,1.09,9.0,34.0,35.0,1.12,1.08,11.0,8.77,53.0,28.06,24.0,1.57,1.49,2.68,2.48,18.0,-5.0,2.05,1.99,1.9,1.84,1.08,12.9,38.5
G1,02/02/14,Panionios,Ergotelis,0.0,1.0,A,0.0,0.0,D,2.2,3.0,3.6,2.1,3.0,3.8,2.0,3.0,3.6,2.15,2.9,3.5,2.31,3.12,3.61,2.2,2.8,3.25,2.25,3.2,3.25,2.25,3.1,3.4,37.0,2.38,2.21,3.25,3.07,3.75,3.31,27.0,2.65,2.51,1.56,1.49,16.0,-0.25,2.03,1.94,1.98,1.9,2.63,3.09,3.12
G1,11/01/14,Panathinaikos,Panionios,1.0,0.0,H,1.0,0.0,H,1.25,5.5,12.0,1.25,5.25,13.0,1.27,4.7,9.0,1.22,5.25,15.0,1.26,5.75,16.5,1.29,4.5,9.0,1.22,5.25,13.0,1.2,5.5,15.0,34.0,1.27,1.22,5.75,5.33,16.5,12.46,24.0,1.98,1.88,1.95,1.87,14.0,-1.5,1.8,177.0,218.0,2.12,1.29,5.9,12.8
G1,01/02/14,Giannina,Levadeiakos,2.0,1.0,H,1.0,0.0,H,1.83,3.1,5.0,1.83,3.2,4.75,1.9,3.0,4.0,1.75,3.0,4.8,1.87,3.38,4.96,1.8,3.1,4.2,1.83,3.2,4.8,1.8,3.3,5.0,40.0,1.91,1.82,3.4,3.21,5.3,4.59,31.0,2.46,2.29,1.64,1.58,18.0,-0.5,1.91,1.82,2.1,2.03,1.68,3.65,6.4
G1,24/11/13,Kallonis,Platanias,1.0,0.0,H,0.0,0.0,D,2.4,3.1,3.1,2.25,3.1,3.3,2.3,2.8,3.1,2.3,3.0,3.0,2.62,3.14,3.02,2.2,3.3,3.2,2.4,3.13,3.0,2.5,3.12,2.9,31.0,2.61,2.41,3.3,3.07,3.3,2.94,21.0,2.45,2.29,1.63,1.57,14.0,-0.25,2.22,2.13,1.77,1.74,3.16,3.02,2.64
G1,23/11/13,Apollon,OFI,0.0,1.0,A,0.0,1.0,A,2.3,3.1,3.25,2.4,3.0,3.1,2.2,3.0,3.1,2.3,2.9,3.1,2.35,3.22,3.4,2.37,3.2,3.0,2.3,3.2,3.13,2.3,3.12,3.25,31.0,2.38,2.29,3.25,3.11,3.4,3.08,22.0,2.5,2.31,1.65,1.56,14.0,-0.25,2.04,1.99,1.91,1.86,2.52,2.97,3.41
G1,15/03/14,OFI,Apollon,2.0,0.0,H,0.0,0.0,D,1.75,3.25,5.5,1.72,3.4,5.25,1.8,3.0,4.4,1.72,3.1,5.25,1.7,3.68,5.87,1.7,3.3,5.0,1.73,3.5,5.25,1.67,3.4,5.75,43.0,1.8,1.7,3.68,3.4,5.9,5.04,33.0,2.5,2.32,1.65,1.56,16.0,-0.75,1.97,1.91,1.98,1.9,2.09,3.31,4.14
G1,24/02/14,Kallonis,Panetolikos,3.0,1.0,H,2.0,0.0,H,3.5,3.0,2.25,3.4,3.0,2.25,3.3,3.0,2.1,3.4,2.87,2.15,3.64,3.24,2.23,3.3,3.0,2.2,3.4,3.13,2.2,3.5,3.12,2.2,32.0,3.64,3.3,3.25,3.09,2.28,2.2,23.0,2.6,2.45,1.55,1.51,13.0,0.25,2.09,1.95,1.96,1.88,3.29,3.01,2.54
G1,18/12/13,Ergotelis,Apollon,2.0,2.0,D,2.0,2.0,D,1.62,3.6,6.0,1.7,3.3,5.25,1.8,3.1,4.2,1.67,3.2,5.25,1.76,3.63,5.36,1.67,3.2,4.8,1.73,3.5,5.0,1.73,3.3,5.0,32.0,1.8,1.71,3.63,3.38,6.0,4.95,21.0,2.5,2.31,1.63,1.56,15.0,-0.75,2.07,2.0,1.92,1.84,1.63,3.91,6.15
G1,02/03/14,Olympiakos,Panathinaikos,0.0,3.0,A,0.0,1.0,A,1.36,4.33,10.0,1.4,4.33,8.5,1.4,3.7,7.5,1.36,4.0,9.0,1.36,5.0,10.42,1.4,4.0,8.0,1.36,4.33,9.0,1.33,4.5,11.0,35.0,1.4,1.36,5.0,4.36,11.0,8.71,30.0,2.05,1.94,1.93,1.84,16.0,-1.25,1.94,1.89,2.01,1.96,1.38,4.99,10.0
G1,01/03/14,Veria,Apollon,1.0,1.0,D,1.0,0.0,H,2.0,3.2,4.0,2.05,3.1,3.8,2.0,3.1,3.4,2.0,2.9,3.8,2.03,3.35,4.2,2.05,3.1,3.6,2.05,3.2,3.75,2.05,3.2,3.9,35.0,2.05,1.99,3.35,3.2,4.2,3.73,26.0,2.37,2.26,1.66,1.6,15.0,-0.25,1.79,1.75,2.2,2.11,1.78,3.52,5.59
G1,05/01/14,Panthrakikos,Levadeiakos,1.0,0.0,H,0.0,0.0,D,1.62,3.6,6.0,1.65,3.6,5.25,1.65,3.3,4.9,1.61,3.3,5.5,1.64,3.77,6.46,1.67,3.4,4.5,1.67,3.5,5.5,1.65,3.6,6.25,34.0,1.73,1.63,3.77,3.51,6.46,5.36,23.0,2.3,2.19,1.69,1.63,14.0,-0.75,1.9,1.84,2.08,1.99,1.61,3.81,7.03
G1,06/10/13,PAOK,Panathinaikos,2.0,1.0,H,1.0,1.0,D,1.73,3.3,5.25,1.75,3.3,5.0,1.7,3.4,4.3,1.75,3.1,4.8,1.75,3.46,5.94,1.8,3.3,5.0,1.73,3.25,5.5,1.7,3.4,5.5,15.0,1.75,1.72,3.4,3.26,5.8,4.94,9.0,2.5,2.38,1.58,1.53,3.0,-0.75,2.03,2.0,1.92,1.9,1.79,3.58,5.33
G1,26/03/14,OFI,Atromitos,2.0,0.0,H,0.0,0.0,D,2.7,3.1,2.5,2.8,3.1,2.55,2.8,2.9,2.5,2.7,3.0,2.5,,,,2.75,3.0,2.5,2.8,3.13,2.5,2.8,3.1,2.5,27.0,3.2,2.76,3.2,3.06,2.6,2.49,20.0,2.35,2.13,1.67,1.64,3.0,0.0,1.97,1.93,1.82,1.78,3.71,3.05,2.33
G1,25/08/13,Aris,Kallonis,0.0,2.0,A,0.0,1.0,A,1.91,3.4,4.0,1.91,3.2,4.33,1.85,3.1,4.2,1.95,3.0,4.0,2.01,3.27,4.42,2.05,3.1,4.0,1.95,3.2,4.0,2.0,3.25,4.2,28.0,2.05,1.95,3.4,3.19,4.2,3.9,16.0,2.65,2.43,1.58,1.53,14.0,-0.5,2.03,1.98,1.92,1.87,2.25,3.05,3.94
G1,26/01/14,Panthrakikos,Panionios,4.0,1.0,H,1.0,1.0,D,1.73,3.5,5.0,1.72,3.4,5.25,1.7,3.2,4.7,,,,1.82,3.45,5.25,1.73,3.1,4.6,1.8,3.4,4.8,1.75,3.4,5.0,31.0,1.83,1.76,3.5,3.32,5.27,4.7,22.0,2.5,2.37,1.6,1.53,11.0,-0.5,1.82,1.77,2.12,2.06,1.99,3.04,5.12
G1,20/10/13,OFI,Ergotelis,1.0,1.0,D,1.0,1.0,D,1.91,3.25,4.2,1.95,3.1,4.25,2.1,2.9,3.4,1.9,3.0,4.25,1.93,3.44,4.51,1.85,3.3,4.5,1.91,3.2,4.33,1.92,3.2,4.4,32.0,2.1,1.89,3.4,3.22,4.69,4.13,20.0,2.75,2.6,1.5,1.46,16.0,-0.25,1.71,1.68,2.35,2.25,1.72,3.68,5.78
G1,05/01/14,Veria,Platanias,2.0,2.0,D,1.0,1.0,D,1.62,3.6,6.0,1.7,3.5,5.0,1.6,3.4,5.2,1.61,3.3,5.75,1.64,3.76,6.48,1.67,3.4,4.4,1.67,3.5,5.5,1.7,3.6,5.75,33.0,1.7,1.64,3.76,3.49,6.48,5.35,22.0,2.38,2.26,1.65,1.59,10.0,-0.75,1.94,1.88,2.04,1.95,2.02,3.28,4.45
G1,16/03/14,Aris,PAOK,1.0,1.0,D,1.0,1.0,D,7.0,3.75,1.53,6.5,3.7,1.55,5.2,3.4,1.6,6.5,3.5,1.5,6.62,4.01,1.59,6.0,3.6,1.55,6.25,3.75,1.57,6.25,3.9,1.55,43.0,7.03,6.22,4.05,3.67,1.6,1.54,32.0,2.16,2.06,1.77,1.7,21.0,1.0,1.89,1.83,2.07,1.99,8.15,4.33,1.49
G1,19/01/14,Apollon,Asteras Tripolis,1.0,2.0,A,0.0,1.0,A,3.4,3.0,2.3,3.3,2.95,2.35,3.1,3.0,2.2,3.3,2.9,2.2,3.58,3.16,2.31,3.1,2.8,2.25,3.3,3.0,2.3,3.4,3.1,2.25,38.0,3.58,3.21,3.16,3.01,2.38,2.26,29.0,2.58,2.44,1.57,1.51,17.0,0.25,1.96,1.91,2.0,1.94,4.3,3.28,2.05
,,,,,,,,,,,,,,,,,,,,,,,,,,,,,,,,,,,,,,,,,,,,,,,,,,,,,,
G1,01/09/13,Panthrakikos,Panetolikos,2.0,1.0,H,2.0,1.0,H,2.3,3.0,3.4,2.35,2.95,3.25,2.2,2.9,3.2,2.2,2.9,3.2,2.43,3.02,3.47,2.38,2.9,3.4,2.3,3.13,3.2,2.38,3.0,3.3,27.0,2.43,2.31,3.13,2.97,3.47,3.16,16.0,2.86,2.65,1.5,1.44,14.0,-0.25,2.06,2.02,1.89,1.84,2.64,2.91,3.32
G1,29/09/13,Panathinaikos,Asteras Tripolis,2.0,1.0,H,0.0,0.0,D,2.38,3.1,3.1,2.35,3.1,3.1,2.2,2.9,3.2,2.4,2.9,2.9,2.54,3.14,3.14,2.38,3.0,3.25,2.4,3.2,2.88,2.5,3.1,3.0,28.0,2.56,2.4,3.25,3.06,3.25,2.94,17.0,2.61,2.42,1.6,1.52,13.0,-0.25,2.16,2.13,1.78,1.75,2.43,3.12,3.41
G1,20/10/13,Veria,Aris,0.0,1.0,A,0.0,0.0,D,2.25,3.1,3.4,2.3,2.95,3.4,2.2,2.9,3.2,2.25,2.9,3.2,2.33,3.14,3.53,2.38,2.9,3.4,2.2,3.13,3.4,2.3,3.12,3.25,33.0,2.4,2.25,3.15,3.03,3.46,3.24,21.0,2.68,2.53,1.53,1.49,17.0,-0.25,2.02,1.95,1.96,1.9,2.5,2.97,3.46
G1,16/02/14,Panionios,Giannina,2.0,0.0,H,1.0,0.0,H,1.95,3.1,4.33,2.05,3.1,3.8,1.9,3.0,4.0,1.95,2.9,4.0,2.1,3.24,4.09,2.0,3.1,3.75,2.0,3.2,3.8,2.05,3.2,3.9,37.0,2.14,2.01,3.25,3.11,4.36,3.85,24.0,2.6,2.39,1.6,1.54,14.0,-0.25,1.8,1.75,2.18,2.12,2.21,3.12,3.97
G1,25/08/13,Xanthi,Panthrakikos,1.0,0.0,H,1.0,0.0,H,1.91,3.2,4.33,2.0,3.0,4.2,1.9,3.1,4.0,1.95,3.0,3.9,2.04,3.18,4.43,2.05,3.1,4.0,2.0,3.2,4.0,2.0,3.12,4.3,27.0,2.06,1.98,3.25,3.13,4.4,3.85,17.0,2.75,2.61,1.55,1.47,13.0,-0.5,2.04,2.01,1.88,1.85,2.06,3.17,4.41
G1,02/09/13,OFI,Platanias,0.0,0.0,D,0.0,0.0,D,2.3,3.0,3.4,2.15,3.2,3.4,2.2,2.9,3.2,2.2,2.9,3.2,2.41,3.09,3.43,2.38,2.9,3.4,2.3,3.13,3.2,2.3,3.0,3.3,29.0,2.41,2.29,3.13,2.99,3.43,3.18,18.0,2.8,2.62,1.5,1.45,13.0,-0.25,2.04,2.0,1.9,1.86,2.35,3.08,3.58
G1,10/11/13,Panetolikos,Levadeiakos,2.0,1.0,H,1.0,1.0,D,1.75,3.4,5.0,1.78,3.25,5.0,1.65,3.3,4.9,1.72,3.2,4.8,1.78,3.43,5.64,1.8,3.5,4.5,1.73,3.5,4.8,1.75,3.4,5.25,30.0,1.8,1.74,3.5,3.35,5.64,4.77,17.0,2.59,2.44,1.62,1.51,14.0,-0.5,1.8,1.77,2.16,2.1,1.65,3.74,6.51
G1,07/12/13,Levadeiakos,Platanias,2.0,0.0,H,1.0,0.0,H,1.95,3.2,4.2,1.95,3.1,4.25,1.85,3.0,4.2,1.95,3.0,4.0,2.02,3.25,4.4,1.91,2.9,4.0,1.95,3.2,4.0,1.95,3.2,4.3,33.0,2.02,1.95,3.26,3.13,4.4,3.99,21.0,2.65,2.48,1.55,1.49,17.0,-0.5,2.04,1.99,1.9,1.85,1.99,3.31,4.52
G1,16/02/14,Panthrakikos,Panathinaikos,0.0,2.0,A,0.0,1.0,A,4.0,3.1,2.05,3.7,3.1,2.1,3.4,2.9,2.1,3.75,2.9,2.05,3.85,3.22,2.17,3.1,3.1,2.25,3.5,3.2,2.1,3.7,3.1,2.15,38.0,4.0,3.5,3.3,3.12,2.25,2.12,24.0,2.54,2.4,1.65,1.53,17.0,0.25,2.06,2.02,1.87,1.83,4.79,3.31,1.94
G1,28/10/13,Panetolikos,Kallonis,4.0,0.0,H,3.0,0.0,H,1.83,3.2,4.75,1.75,3.3,5.0,1.7,3.2,4.7,1.75,3.1,4.75,1.83,3.33,5.49,1.85,3.2,4.8,1.83,3.3,4.5,1.8,3.25,5.2,31.0,1.85,1.78,3.5,3.25,5.49,4.62,20.0,2.83,2.65,1.5,1.44,14.0,-0.5,1.84,1.8,2.12,2.06,1.47,4.17,9.5
G1,12/01/14,Panthrakikos,Xanthi,2.0,1.0,H,0.0,0.0,D,2.2,3.25,3.3,2.1,3.2,3.4,2.1,3.1,3.2,2.1,3.0,3.4,2.22,3.44,3.46,2.1,3.1,3.1,2.2,3.25,3.3,2.15,3.25,3.3,36.0,2.25,2.15,3.44,3.15,3.5,3.3,33.0,2.16,2.06,1.81,1.73,15.0,-0.25,1.95,1.88,2.02,1.97,2.46,2.92,3.58
G1,30/11/13,Asteras Tripolis,Panetolikos,3.0,0.0,H,2.0,0.0,H,1.73,3.6,4.75,1.75,3.3,5.0,1.75,3.1,4.5,1.72,3.2,5.0,1.77,3.53,5.49,1.83,3.3,4.6,1.73,3.5,4.8,1.75,3.4,5.2,30.0,1.83,1.74,3.65,3.42,5.49,4.69,18.0,2.56,2.4,1.6,1.53,14.0,-0.5,1.82,1.77,2.16,2.1,1.69,3.62,6.31
G1,04/01/14,Giannina,Asteras Tripolis,0.0,2.0,A,0.0,2.0,A,2.3,3.0,3.4,2.4,3.0,3.1,2.4,2.9,2.9,2.35,2.87,3.1,2.34,3.22,3.42,2.4,2.9,2.75,2.3,3.13,3.2,2.38,3.12,3.3,37.0,2.5,2.3,3.22,3.03,3.42,3.12,25.0,2.62,2.4,1.6,1.51,14.0,-0.25,2.05,1.99,1.92,1.85,2.8,2.98,3.01
G1,05/10/13,Panionios,Aris,1.0,2.0,A,0.0,0.0,D,2.15,3.1,3.6,2.05,3.1,3.9,2.0,2.9,3.7,2.1,2.9,3.5,2.22,3.09,3.9,2.25,3.0,3.6,2.1,3.13,3.5,2.15,3.1,3.7,31.0,2.25,2.12,3.2,3.05,3.84,3.45,18.0,2.65,2.5,1.55,1.49,14.0,-0.5,2.23,2.14,1.77,1.74,2.39,3.12,3.49
G1,13/04/14,Xanthi,Panathinaikos,3.0,1.0,H,2.0,1.0,H,1.73,3.6,4.2,1.8,3.5,4.25,,,,,,,,,,1.73,3.5,4.0,1.8,3.6,4.33,1.75,3.5,4.33,23.0,1.8,1.76,3.8,3.55,4.5,4.21,,,,,,,,,,,,,,
G1,25/08/13,Platanias,Asteras Tripolis,1.0,1.0,D,1.0,0.0,H,2.75,3.0,2.7,2.75,2.9,2.75,2.6,3.0,2.6,2.63,2.9,2.65,2.86,3.07,2.81,2.8,2.9,2.8,2.75,3.0,2.63,2.88,3.0,2.75,28.0,2.9,2.73,3.0,2.94,2.8,2.65,16.0,2.75,2.56,1.52,1.47,13.0,0.0,2.0,1.96,1.94,1.89,3.01,3.12,2.68
G1,06/10/13,Olympiakos,Veria,6.0,0.0,H,2.0,0.0,H,1.13,7.5,21.0,1.12,7.75,21.0,1.15,5.7,14.0,1.12,7.5,21.0,,,,1.14,7.5,19.0,1.14,8.0,15.0,1.13,8.0,20.0,30.0,1.15,1.13,8.5,7.6,21.35,15.01,17.0,1.55,1.48,2.74,2.56,15.0,-2.25,2.09,2.04,1.85,1.81,1.14,10.0,21.0
G1,25/11/13,Levadeiakos,Panionios,472.0,0.0,H,1.0,0.0,H,,,,,,,,,,1.45,3.7,8.0,,,,1.44,4.0,8.5,1.44,3.75,9.5,,,,13.0,1.5,1.43,4.33,3.9,9.5,8.01,9.0,2.38,2.28,1.67,1.59,7.0,-0.5,1.43,1.39,3.27,3.1,1.43,4.6,8.96
G1,23/03/14,Ergotelis,Olympiakos,1.0,4.0,A,0.0,4.0,A,9.0,5.0,1.33,8.25,4.33,1.4,7.0,3.9,1.4,9.0,4.5,1.33,11.12,5.33,1.33,7.5,4.5,1.36,10.0,4.8,1.33,10.0,5.0,1.29,43.0,11.57,9.26,5.33,4.73,1.4,1.32,31.0,1.88,1.71,2.15,2.06,18.0,1.5,1.96,1.89,2.0,1.94,10.75,5.1,1.36
G1,08/03/14,OFI,Giannina,1.0,1.0,D,0.0,0.0,D,1.91,3.1,4.5,1.95,3.1,4.25,1.85,3.0,4.2,1.85,3.0,4.33,2.0,3.31,4.39,1.95,3.2,3.8,1.95,3.25,4.0,1.92,3.2,4.4,42.0,2.0,1.89,3.39,3.17,4.89,4.22,32.0,2.5,2.32,1.63,1.56,18.0,-0.5,1.97,1.9,2.0,1.93,1.81,3.25,6.11
G1,10/02/14,OFI,Panthrakikos,1.0,0.0,H,0.0,0.0,D,2.0,3.2,4.0,2.0,3.1,4.1,2.0,3.1,3.5,2.0,3.0,3.8,2.05,3.27,4.22,1.91,3.2,4.0,2.0,3.2,4.0,1.95,3.2,4.3,30.0,2.05,1.97,3.27,3.17,4.3,3.93,23.0,2.63,2.48,1.6,1.5,13.0,-0.5,2.05,1.98,1.91,1.86,1.78,3.46,5.78
G1,18/12/13,Levadeiakos,Panathinaikos,0.0,4.0,A,0.0,2.0,A,4.33,3.5,1.83,4.4,3.25,1.83,4.2,3.1,1.8,4.33,3.2,1.8,4.64,3.48,1.89,4.2,3.2,1.75,4.0,3.4,1.9,4.4,3.4,1.8,31.0,4.64,4.23,3.5,3.31,1.9,1.82,20.0,2.33,2.2,1.67,1.62,14.0,0.5,2.04,1.99,1.9,1.86,4.8,3.07,1.85
G1,22/12/13,PAOK,Levadeiakos,3.0,0.0,H,1.0,0.0,H,1.14,7.0,19.0,1.13,7.25,21.0,1.15,5.7,14.0,1.15,6.5,21.0,,,,1.11,6.5,15.0,1.17,6.5,19.0,1.12,7.0,21.0,30.0,1.18,1.14,7.2,6.64,30.0,16.99,22.0,1.67,1.59,2.37,2.26,11.0,-2.25,2.15,2.08,1.83,1.75,1.19,8.15,17.0
G1,05/02/14,Asteras Tripolis,Panathinaikos,1.0,0.0,H,0.0,0.0,D,2.2,3.2,3.4,2.25,3.1,3.3,2.4,3.1,2.7,2.3,2.9,3.1,2.43,3.2,3.26,2.1,3.0,3.2,2.3,3.2,3.13,2.25,3.1,3.2,38.0,2.52,2.3,3.3,3.13,3.41,3.1,29.0,2.4,2.29,1.66,1.59,19.0,-0.25,2.08,2.0,1.92,1.85,2.49,3.23,3.18
G1,23/03/14,Levadeiakos,Veria,2.0,0.0,H,0.0,0.0,D,1.83,3.4,4.5,1.85,3.2,4.6,2.0,3.0,3.6,1.9,3.0,4.3,1.85,3.51,4.94,1.95,3.2,3.8,1.9,3.25,4.33,1.8,3.2,4.75,42.0,2.0,1.85,3.51,3.27,4.94,4.23,32.0,2.35,2.21,1.69,1.62,19.0,-0.5,1.95,1.85,2.08,1.98,1.91,3.39,4.86
G1,26/03/14,Asteras Tripolis,Olympiakos,2.0,1.0,H,1.0,0.0,H,6.0,3.5,1.57,6.0,3.6,1.6,5.2,3.4,1.6,6.0,3.5,1.57,,,,6.0,3.4,1.57,6.0,3.6,1.57,6.25,3.6,1.55,27.0,6.9,5.95,3.75,3.54,1.6,1.56,22.0,2.06,2.0,1.94,1.73,2.0,0.75,2.05,2.05,1.75,1.74,5.71,3.85,1.69
G1,02/03/14,Ergotelis,PAOK,2.0,2.0,D,0.0,1.0,A,4.0,3.4,1.91,4.0,3.3,1.95,3.8,3.1,1.9,3.9,3.1,1.9,4.52,3.48,1.92,4.0,3.2,1.91,4.0,3.3,1.91,4.2,3.4,1.9,34.0,4.52,4.01,3.48,3.26,1.97,1.9,24.0,2.25,2.13,1.76,1.66,15.0,0.5,2.0,1.93,1.95,1.91,4.79,3.55,1.87
G1,26/03/14,Platanias,Levadeiakos,2.0,0.0,H,1.0,0.0,H,,,,1.37,4.2,9.75,1.3,4.4,8.5,1.33,4.0,12.0,,,,1.33,4.0,10.0,1.36,4.33,10.0,1.36,4.0,10.5,24.0,1.36,1.33,4.6,4.21,12.0,9.86,19.0,2.4,2.23,1.75,1.58,2.0,-1.25,1.85,1.85,1.92,1.9,1.32,5.08,13.57
G1,22/12/13,Asteras Tripolis,Veria,0.0,0.0,D,0.0,0.0,D,1.25,5.0,15.0,1.3,4.75,11.0,1.25,4.6,10.5,1.25,4.5,14.0,1.3,5.33,14.0,1.25,4.5,10.0,1.27,4.8,13.0,1.22,5.0,15.0,32.0,1.3,1.26,5.33,4.75,15.0,12.89,23.0,2.2,2.07,1.82,1.71,14.0,-1.5,1.97,1.9,2.0,1.92,1.34,4.2,11.4
G1,02/03/14,Panetolikos,Atromitos,1.0,3.0,A,0.0,1.0,A,2.6,3.0,2.9,2.65,2.95,2.85,2.4,2.9,2.9,2.6,2.8,2.85,2.71,3.07,2.99,2.5,3.0,2.8,2.5,3.0,2.88,2.62,2.9,3.0,33.0,2.71,2.54,3.1,2.97,3.0,2.86,25.0,2.6,2.43,1.55,1.52,16.0,0.0,1.86,1.81,2.08,2.02,2.84,2.97,2.97
G1,09/02/14,Panathinaikos,PAOK,2.0,1.0,H,0.0,0.0,D,2.9,3.1,2.5,2.75,3.1,2.6,2.6,3.0,2.6,2.7,2.9,2.55,3.01,3.3,2.53,2.8,3.1,2.4,2.88,3.13,2.5,2.88,3.12,2.55,32.0,3.0,2.83,3.4,3.11,2.6,2.47,25.0,2.26,2.13,1.75,1.67,18.0,0.0,2.13,2.04,1.85,1.8,2.44,3.17,3.36
G1,09/03/14,Levadeiakos,Panetolikos,2.0,1.0,H,0.0,1.0,A,2.1,3.1,3.75,2.15,3.1,3.6,2.0,3.0,3.6,2.05,3.0,3.6,2.14,3.25,3.91,2.05,3.1,3.6,2.1,3.13,3.6,2.15,3.0,3.75,42.0,2.16,2.09,3.31,3.08,4.15,3.6,32.0,2.5,2.36,1.6,1.54,18.0,-0.25,1.85,1.8,2.12,2.03,2.01,3.44,4.28
G1,27/03/14,Apollon,PAOK,3.0,3.0,D,2.0,3.0,A,3.0,3.2,2.25,3.1,3.2,2.3,3.2,2.9,2.2,3.1,3.0,2.2,,,,3.1,3.1,2.2,3.13,3.25,2.25,3.12,3.1,2.3,24.0,3.3,3.08,3.35,3.16,2.3,2.23,20.0,2.15,2.03,1.77,1.72,3.0,0.25,1.85,1.83,2.0,1.96,3.71,3.57,2.1
G1,13/01/14,Kallonis,Aris,3.0,1.0,H,1.0,1.0,D,3.1,3.4,2.25,2.95,3.2,2.4,,,,2.9,3.0,2.37,3.08,3.38,2.44,2.8,3.1,2.25,3.0,3.2,2.38,2.9,3.3,2.3,30.0,3.2,2.98,3.4,3.17,2.46,2.3,25.0,2.12,1.97,1.83,1.77,9.0,0.0,2.25,2.17,1.75,1.68,3.57,3.39,2.22
G1,06/04/14,OFI,Xanthi,3.0,2.0,H,1.0,2.0,A,,,,4.6,3.7,1.72,,,,5.2,3.3,1.66,,,,4.5,3.5,1.65,5.0,3.75,1.67,5.0,3.6,1.67,26.0,6.3,4.89,4.25,3.65,1.7,1.64,16.0,1.95,1.88,2.08,1.83,3.0,0.75,1.95,1.9,1.93,1.89,2.53,3.53,2.43
G1,08/12/13,Xanthi,Veria,3.0,0.0,H,1.0,0.0,H,1.67,3.5,5.5,1.78,3.4,4.75,1.55,3.5,5.6,1.7,3.25,5.0,1.74,3.63,5.58,1.6,3.4,5.0,1.73,3.5,5.0,1.73,3.5,5.2,33.0,1.76,1.7,3.63,3.42,5.6,5.0,22.0,2.38,2.22,1.67,1.6,17.0,-0.75,2.02,1.97,1.92,1.86,1.78,3.72,5.16
G1,18/08/13,Asteras Tripolis,Giannina,3.0,3.0,D,2.0,2.0,D,1.62,3.5,6.25,1.65,3.5,5.5,1.7,3.5,4.4,1.6,3.3,6.0,1.65,3.53,6.97,1.67,3.3,6.0,1.62,3.5,5.8,1.62,3.5,6.5,27.0,1.7,1.64,3.6,3.45,6.97,5.61,15.0,2.8,2.6,1.5,1.46,,,,,,,1.79,3.45,5.73
G1,16/09/13,Giannina,Atromitos,1.0,0.0,H,0.0,0.0,D,3.0,3.0,2.5,2.9,3.0,2.55,2.9,2.9,2.4,2.9,2.88,2.4,3.14,3.03,2.62,3.0,3.0,2.5,3.0,3.0,2.5,3.0,3.0,2.6,27.0,3.14,2.93,3.1,2.95,2.62,2.5,16.0,2.88,2.7,1.46,1.43,14.0,0.0,2.14,2.08,1.82,1.77,3.23,2.91,2.69
G1,19/08/13,Kallonis,Olympiakos,0.0,1.0,A,0.0,0.0,D,19.0,5.5,1.2,17.5,5.5,1.2,10.0,5.0,1.25,16.0,5.25,1.22,20.56,5.95,1.23,12.0,5.5,1.25,17.0,5.5,1.2,19.0,6.0,1.18,24.0,19.43,13.68,6.5,5.64,1.25,1.21,19.0,2.05,1.94,1.94,1.85,,,,,,,14.7,6.33,1.25
G1,02/11/13,Panathinaikos,Olympiakos,0.0,1.0,A,0.0,0.0,D,6.0,3.6,1.62,5.0,3.7,1.67,4.9,3.3,1.65,5.25,3.7,1.57,6.2,3.88,1.64,4.8,3.75,1.7,6.0,3.5,1.62,5.5,3.75,1.65,31.0,6.5,5.58,3.88,3.54,1.7,1.61,28.0,1.98,1.9,1.96,1.88,15.0,0.75,2.12,2.05,1.85,1.81,4.89,3.62,1.83
G1,09/02/14,Giannina,Panetolikos,1.0,0.0,H,0.0,0.0,D,2.0,3.2,4.0,2.05,3.0,4.0,2.0,3.1,3.5,2.0,2.9,3.8,2.07,3.24,4.19,1.91,3.1,4.0,2.0,3.13,4.0,2.0,3.2,4.1,33.0,2.1,1.99,3.25,3.12,4.25,3.88,25.0,2.68,2.5,1.65,1.49,15.0,-0.5,2.09,2.03,1.87,1.83,2.36,3.07,3.62
G1,18/12/13,Atromitos,PAOK,1.0,1.0,D,1.0,0.0,H,3.1,3.1,2.38,2.95,3.0,2.45,3.0,2.9,2.3,3.1,2.9,2.3,3.2,3.21,2.47,2.87,3.0,2.3,2.88,3.13,2.5,3.1,3.1,2.3,31.0,3.2,3.02,3.2,3.03,2.5,2.36,20.0,2.5,2.31,1.62,1.56,12.0,0.0,2.29,2.24,1.73,1.67,2.68,3.04,3.04
G1,22/02/14,Levadeiakos,Asteras Tripolis,3.0,1.0,H,2.0,1.0,H,3.6,3.2,2.1,3.3,3.1,2.25,3.7,2.9,2.0,3.4,2.9,2.15,3.79,3.25,2.18,3.4,3.0,2.15,3.5,3.13,2.1,3.75,3.2,2.1,37.0,3.95,3.54,3.4,3.18,2.3,2.06,27.0,2.56,2.31,1.63,1.56,16.0,0.25,2.14,2.07,1.86,1.79,3.05,3.02,2.72
G1,31/03/14,Xanthi,Platanias,2.0,3.0,A,0.0,2.0,A,1.83,3.25,4.2,1.85,3.4,4.25,1.8,3.1,4.2,1.9,3.0,4.0,,,,1.83,3.2,4.33,1.83,3.4,4.33,1.83,3.3,4.4,26.0,1.95,1.84,3.4,3.25,5.8,4.26,19.0,2.26,2.14,1.7,1.66,3.0,-0.5,2.02,1.92,1.95,1.88,1.85,3.55,4.9
G1,15/12/13,Aris,Olympiakos,0.0,2.0,A,0.0,2.0,A,15.0,6.5,1.18,15.0,5.75,1.2,12.0,5.0,1.2,17.0,5.5,1.2,16.0,6.4,1.23,12.0,5.5,1.17,15.0,6.0,1.18,21.0,6.5,1.17,31.0,23.0,15.12,7.2,6.02,1.23,1.18,17.0,1.76,1.66,2.2,2.14,13.0,1.75,2.25,2.19,1.75,1.7,11.65,5.89,1.3
G1,21/09/13,Panathinaikos,OFI,1.0,0.0,H,0.0,0.0,D,1.65,3.5,5.75,1.65,3.5,5.5,1.6,3.4,5.2,1.62,3.3,5.75,1.65,3.66,6.67,1.6,3.6,6.0,1.62,3.5,6.0,1.65,3.5,6.25,28.0,1.66,1.62,3.66,3.45,6.67,5.67,19.0,2.63,2.48,1.55,1.5,13.0,-0.75,1.9,1.86,2.03,1.99,1.66,3.69,6.61
G1,16/02/14,Panetolikos,Apollon,472.0,1.0,H,2.0,0.0,H,1.62,3.4,6.5,1.6,3.5,6.25,1.6,3.4,5.2,1.61,3.2,6.0,1.67,3.62,6.48,1.57,3.3,6.5,1.67,3.5,5.75,1.65,3.4,6.25,38.0,1.72,1.63,3.62,3.41,6.55,5.78,24.0,2.52,2.41,1.6,1.52,17.0,-0.75,1.92,1.87,2.03,1.98,1.69,3.62,6.28
G1,15/12/13,Kallonis,PAOK,2.0,5.0,A,1.0,2.0,A,11.0,4.5,1.33,11.0,4.75,1.3,8.5,4.4,1.3,11.0,4.8,1.28,,,,9.5,4.6,1.25,11.0,5.0,1.29,13.0,5.2,1.25,30.0,13.0,10.19,5.22,4.81,1.33,1.29,25.0,1.91,1.8,2.07,1.97,13.0,1.5,2.01,1.94,1.93,1.88,11.05,5.76,1.31
G1,29/09/13,Aris,Panetolikos,0.0,0.0,D,0.0,0.0,D,2.1,3.25,3.5,2.1,3.1,3.75,1.9,3.1,3.9,2.0,2.9,3.8,2.05,3.19,4.37,2.05,3.1,4.0,2.05,3.2,3.75,2.05,3.1,4.0,28.0,2.1,2.02,3.25,3.1,4.37,3.73,17.0,2.8,2.64,1.5,1.45,13.0,-0.25,1.81,1.77,2.22,2.1,2.11,3.21,4.18
G1,15/12/13,Veria,Panetolikos,1.0,0.0,H,0.0,0.0,D,2.3,3.1,3.3,2.2,3.1,3.4,2.2,3.0,3.1,2.15,3.0,3.3,2.33,3.21,3.46,2.2,3.0,3.0,2.3,3.2,3.13,2.3,3.12,3.3,31.0,2.36,2.27,3.3,3.1,3.46,3.13,17.0,2.44,2.29,1.62,1.57,15.0,-0.25,2.02,1.97,1.92,1.87,2.06,3.32,4.22
G1,08/03/14,Panathinaikos,Aris,4.0,1.0,H,2.0,1.0,H,1.33,4.5,10.5,1.33,4.5,10.0,1.3,4.4,8.5,1.3,4.33,10.0,1.33,5.06,12.62,1.3,4.5,10.0,1.33,4.8,10.0,1.3,4.8,11.5,44.0,1.35,1.31,5.3,4.67,13.0,9.8,35.0,2.06,1.99,1.94,1.76,18.0,-1.25,1.82,1.77,2.17,2.08,1.31,5.4,13.0
G1,02/03/14,Asteras Tripolis,Panthrakikos,1.0,0.0,H,0.0,0.0,D,1.53,3.5,8.0,1.55,3.6,6.75,1.55,3.4,5.8,1.45,3.5,7.5,1.55,3.96,7.65,1.53,3.5,6.5,1.53,3.75,6.5,1.5,3.8,7.5,36.0,1.61,1.53,3.96,3.68,8.02,6.53,25.0,2.38,2.29,1.64,1.58,17.0,-1.0,2.12,1.97,1.93,1.88,1.58,4.0,6.96
G1,17/08/13,PAOK,Xanthi,3.0,0.0,H,1.0,0.0,H,1.44,4.0,8.0,1.45,3.9,8.0,1.57,3.6,5.4,1.45,3.6,7.5,1.53,3.9,8.4,1.5,3.75,8.0,1.5,3.8,7.5,1.45,3.9,8.0,27.0,1.57,1.48,4.0,3.77,8.4,7.17,16.0,2.5,2.38,1.62,1.55,,,,,,,1.52,4.22,7.73
G1,09/03/14,Atromitos,Panionios,4.0,0.0,H,3.0,0.0,H,1.4,4.2,8.5,1.42,4.0,9.0,1.4,3.7,7.5,1.36,3.9,10.0,1.43,4.32,9.96,1.4,4.0,8.0,1.4,4.0,9.0,1.4,4.2,9.5,42.0,1.43,1.39,4.35,4.07,10.0,8.54,34.0,2.35,2.2,1.71,1.62,18.0,-1.0,1.76,1.7,2.26,2.17,1.42,4.6,9.77
G1,06/04/14,Asteras Tripolis,Aris,2.0,2.0,D,1.0,0.0,H,,,,1.45,4.1,7.25,1.3,4.6,8.0,1.4,4.0,8.0,,,,1.4,4.0,7.5,1.44,4.33,7.5,1.4,4.2,8.0,30.0,1.45,1.4,4.65,4.13,8.9,7.55,19.0,1.86,1.8,2.28,1.92,3.0,-1.25,2.0,1.96,1.85,1.83,,,
G1,24/11/13,Panathinaikos,Giannina,3.0,1.0,H,1.0,0.0,H,1.75,3.5,4.75,1.7,3.4,5.25,1.6,3.4,5.2,1.7,3.25,5.0,1.75,3.52,5.69,1.67,3.6,5.5,1.8,3.5,4.5,1.75,3.4,5.2,32.0,1.8,1.72,3.6,3.43,5.69,4.85,22.0,2.57,2.42,1.57,1.51,15.0,-0.75,2.07,2.02,1.9,1.83,1.71,3.98,5.31
G1,23/02/14,PAOK,Panthrakikos,3.0,0.0,H,0.0,0.0,D,1.25,5.75,11.0,1.28,5.25,10.5,1.22,4.8,11.0,1.25,5.0,13.0,1.28,5.74,13.79,1.25,5.0,11.0,1.25,5.0,13.0,1.25,5.5,13.0,36.0,1.3,1.25,5.76,5.11,15.0,12.46,25.0,1.81,1.73,2.26,2.03,17.0,-1.5,1.86,1.82,2.09,2.04,1.24,6.27,16.3
G1,02/12/13,Giannina,PAOK,0.0,2.0,A,0.0,0.0,D,4.75,3.3,1.8,4.1,3.4,1.88,4.0,3.2,1.8,4.5,3.2,1.8,4.69,3.51,1.88,4.4,3.4,1.85,4.5,3.3,1.83,4.5,3.4,1.83,31.0,4.75,4.3,3.51,3.31,1.9,1.83,18.0,2.3,2.17,1.8,1.65,15.0,0.5,2.05,2.0,1.89,1.85,4.18,3.55,1.98
G1,23/03/14,PAOK,Giannina,2.0,1.0,H,0.0,0.0,D,1.25,5.5,12.0,1.25,5.25,12.0,1.25,4.6,10.5,1.25,4.8,12.0,1.27,5.68,14.46,1.22,5.0,13.0,1.27,5.25,11.0,1.25,5.2,11.5,44.0,1.3,1.25,5.8,5.14,15.0,11.53,39.0,1.97,1.86,2.1,1.9,20.0,-1.5,1.95,1.89,2.06,1.95,1.26,6.18,14.7
G1,01/03/14,Xanthi,Levadeiakos,4.0,1.0,H,1.0,0.0,H,1.7,3.5,5.25,1.75,3.5,4.75,1.7,3.2,4.7,1.66,3.3,5.2,1.72,3.81,5.34,1.73,3.3,4.8,1.73,3.5,5.0,1.7,3.5,5.4,37.0,1.76,1.7,3.81,3.44,5.4,4.95,27.0,2.2,2.09,1.74,1.69,16.0,-0.75,2.03,1.96,1.93,1.89,1.65,3.66,6.9
G1,24/08/13,Veria,OFI,2.0,0.0,H,0.0,0.0,D,2.2,3.1,3.5,2.1,3.2,3.6,2.1,3.0,3.4,2.1,2.9,3.5,2.23,3.16,3.75,2.1,3.1,3.8,2.2,3.13,3.4,2.25,3.12,3.5,28.0,2.3,2.17,3.2,3.06,3.8,3.36,17.0,2.62,2.46,1.6,1.52,13.0,-0.25,1.91,1.88,2.04,1.99,2.1,3.23,4.18
G1,10/03/14,Kallonis,Veria,0.0,3.0,A,0.0,1.0,A,2.75,3.0,2.7,2.7,2.9,2.8,2.6,3.0,2.6,,,,2.79,3.26,2.77,2.6,3.0,2.7,2.75,3.0,2.75,2.7,3.0,2.8,36.0,2.8,2.66,3.26,3.01,2.8,2.67,28.0,2.38,2.26,1.65,1.59,14.0,0.0,1.94,1.88,1.99,1.91,3.07,3.25,2.56
G1,05/02/14,Olympiakos,Panionios,2.0,0.0,H,2.0,0.0,H,1.08,9.5,26.0,1.09,8.75,29.0,1.1,6.5,17.0,1.08,8.5,34.0,,,,1.05,8.0,23.0,1.08,8.5,34.0,1.06,9.5,29.0,30.0,1.1,1.08,12.0,9.0,51.0,29.23,25.0,1.57,1.51,2.68,2.45,19.0,-2.5,2.0,1.94,1.95,1.89,,,
G1,03/11/13,OFI,Aris,2.0,0.0,H,0.0,0.0,D,2.0,3.2,4.0,2.0,3.1,4.1,2.1,3.0,3.3,1.95,3.0,3.9,2.04,3.18,4.45,2.0,3.2,4.0,2.0,3.2,3.8,2.0,3.1,4.1,31.0,2.1,2.0,3.22,3.13,4.45,3.8,20.0,2.76,2.62,1.48,1.45,15.0,-0.5,2.07,2.03,1.88,1.83,1.88,3.35,5.14
G1,30/03/14,Panthrakikos,Apollon,2.0,3.0,A,1.0,2.0,A,2.4,3.1,2.8,2.5,3.1,2.85,2.3,2.9,3.0,2.4,2.9,2.9,,,,2.4,3.25,2.75,2.4,3.2,2.88,2.45,3.1,2.88,28.0,2.5,2.38,3.3,3.13,3.0,2.84,20.0,2.3,2.17,1.82,1.62,3.0,0.0,1.73,1.7,2.07,2.04,2.6,3.37,2.9
G1,25/08/13,Giannina,Apollon,2.0,0.0,H,2.0,0.0,H,2.0,3.3,3.8,1.95,3.2,4.1,1.9,3.1,4.0,2.0,3.0,3.8,2.12,3.16,4.11,2.05,3.1,4.0,2.05,3.13,3.75,2.1,3.12,3.9,28.0,2.14,2.04,3.3,3.11,4.0,3.66,16.0,2.7,2.54,1.55,1.48,13.0,-0.5,2.16,2.11,1.82,1.77,2.11,3.21,4.19
G1,15/02/14,Xanthi,Kallonis,1.0,0.0,H,0.0,0.0,D,1.67,3.5,5.5,1.75,3.6,4.6,1.6,3.4,5.2,1.7,3.3,4.8,1.77,3.92,4.65,1.61,3.75,5.0,1.73,3.6,5.0,1.67,3.7,5.2,37.0,1.82,1.68,3.92,3.57,5.55,4.9,30.0,2.12,2.03,1.9,1.75,15.0,-0.75,1.99,1.93,1.96,1.9,1.66,4.02,5.77
G1,13/04/14,Veria,Asteras Tripolis,1.0,0.0,H,0.0,0.0,D,,,,,,,,,,,,,,,,1.2,5.5,10.0,1.25,6.0,10.0,,,,11.0,1.25,1.22,6.15,5.81,12.5,10.18,,,,,,,,,,,,,,
G1,16/03/14,Asteras Tripolis,Ergotelis,2.0,3.0,A,0.0,1.0,A,1.4,4.2,9.0,1.4,4.2,8.25,1.4,3.7,7.5,1.4,3.9,8.5,1.42,4.46,9.87,1.4,4.0,8.0,1.4,4.0,9.0,1.4,4.2,9.5,43.0,1.43,1.39,4.46,4.05,10.0,8.59,32.0,2.2,2.09,1.75,1.69,19.0,-1.25,2.02,1.96,1.92,1.87,1.61,3.88,6.84
G1,20/10/13,Panathinaikos,Panthrakikos,1.0,2.0,A,0.0,1.0,A,1.53,3.75,7.0,1.55,3.6,7.0,1.5,3.5,6.3,1.5,3.5,6.5,1.55,3.84,7.94,1.44,4.0,8.0,1.53,3.8,6.5,1.5,3.8,7.5,33.0,1.55,1.51,4.0,3.69,8.0,6.85,22.0,2.55,2.41,1.6,1.53,16.0,-1.0,2.09,2.02,1.93,1.83,1.55,3.28,7.06
G1,21/12/13,Apollon,Olympiakos,0.0,5.0,A,0.0,3.0,A,19.0,7.5,1.14,21.0,8.0,1.11,16.0,6.0,1.12,23.0,7.5,1.12,,,,17.0,6.5,1.1,23.0,7.5,1.13,26.0,8.0,1.09,33.0,28.0,18.64,8.4,7.46,1.14,1.11,18.0,1.5,1.46,2.65,2.56,11.0,2.5,1.82,1.75,2.14,2.07,20.0,7.95,1.18
G1,08/12/13,Panthrakikos,Giannina,2.0,0.0,H,1.0,0.0,H,2.4,3.1,3.1,2.3,3.1,3.2,2.2,3.0,3.1,2.4,2.9,2.9,2.55,3.26,3.02,2.2,3.0,3.0,2.4,3.13,3.0,2.4,3.2,3.0,33.0,2.55,2.36,3.26,3.08,3.2,2.97,22.0,2.3,2.19,1.7,1.62,15.0,0.0,1.8,1.73,2.2,2.11,2.76,3.08,2.95
G1,14/09/13,Veria,PAOK,1.0,2.0,A,0.0,1.0,A,5.5,3.4,1.7,5.0,3.5,1.7,4.7,3.2,1.7,5.0,3.2,1.73,5.62,3.53,1.76,5.5,3.2,1.75,5.25,3.3,1.73,5.5,3.5,1.7,32.0,5.9,5.06,3.75,3.38,1.76,1.71,22.0,2.62,2.41,1.61,1.53,13.0,0.5,2.23,2.17,1.77,1.72,6.68,3.52,1.69
G1,15/09/13,OFI,Asteras Tripolis,1.0,1.0,D,0.0,1.0,A,2.88,3.0,2.63,2.9,3.0,2.55,2.8,2.9,2.5,2.85,2.88,2.5,2.96,3.05,2.73,2.9,3.0,2.6,2.88,3.0,2.6,3.0,3.0,2.6,31.0,3.0,2.86,3.1,2.95,2.76,2.56,20.0,2.85,2.65,1.48,1.44,15.0,0.0,2.11,2.05,1.83,1.79,3.33,3.09,2.46
G1,29/09/13,Giannina,Xanthi,2.0,1.0,H,1.0,0.0,H,2.1,3.2,3.6,2.1,3.0,3.8,2.0,3.0,3.6,2.05,2.9,3.6,2.22,3.13,3.85,2.15,3.0,3.75,2.1,3.25,3.4,2.15,3.1,3.7,30.0,2.22,2.12,3.25,3.07,3.85,3.49,18.0,2.75,2.62,1.5,1.46,14.0,-0.25,1.9,1.86,2.04,2.0,1.93,3.26,5.0
G1,21/12/13,Atromitos,Panthrakikos,3.0,1.0,H,1.0,0.0,H,1.45,3.8,8.5,1.45,3.9,8.25,1.45,3.6,7.0,1.45,3.5,8.5,1.48,4.0,9.6,1.4,3.75,7.0,1.44,3.75,8.0,1.44,3.8,8.5,34.0,1.5,1.45,4.0,3.77,9.6,7.78,22.0,2.4,2.27,1.65,1.58,16.0,-1.0,1.86,1.8,2.14,2.03,1.51,4.19,7.73
G1,26/01/14,Asteras Tripolis,OFI,0.0,0.0,D,0.0,0.0,D,1.44,4.0,8.5,1.48,3.8,7.75,1.5,3.5,6.3,1.45,3.7,8.0,1.48,4.19,8.79,1.36,3.8,8.0,1.44,4.0,7.0,1.45,4.0,8.5,34.0,1.5,1.44,4.2,3.9,8.79,7.48,24.0,2.38,2.19,1.7,1.63,13.0,-1.25,2.25,2.18,1.78,1.71,1.72,3.64,5.83
G1,05/02/14,Ergotelis,Veria,2.0,0.0,H,0.0,0.0,D,2.05,3.2,3.75,2.05,3.2,3.7,2.1,3.0,3.3,2.05,3.0,3.6,2.14,3.12,4.12,2.0,3.0,3.5,2.1,3.25,3.5,2.05,3.1,3.8,37.0,2.15,2.07,3.35,3.16,4.12,3.58,27.0,2.5,2.4,1.6,1.53,18.0,-0.5,2.15,2.1,1.82,1.77,1.98,3.16,4.91
G1,22/02/14,Apollon,Panionios,1.0,2.0,A,1.0,2.0,A,2.1,3.1,3.75,2.0,3.1,4.1,1.9,3.0,4.0,2.05,2.9,3.75,2.08,3.28,4.07,2.05,3.1,3.6,2.05,3.2,3.75,2.05,3.2,3.8,38.0,2.11,2.03,3.35,3.15,4.07,3.7,28.0,2.4,2.29,1.69,1.57,15.0,-0.25,1.82,1.77,2.15,2.08,2.02,3.25,4.49
G1,09/12/13,Panetolikos,Panionios,0.0,0.0,D,0.0,0.0,D,1.57,3.6,6.5,1.6,3.5,6.25,1.55,3.5,5.6,1.57,3.3,6.0,1.58,3.93,7.03,1.53,3.3,6.0,1.57,3.5,7.0,1.53,3.6,6.5,30.0,1.62,1.55,3.93,3.51,7.03,6.5,19.0,2.5,2.36,1.61,1.54,15.0,-0.75,1.77,1.72,2.2,2.13,1.48,4.16,8.8
G1,06/04/14,Panathinaikos,Levadeiakos,3.0,1.0,H,1.0,1.0,D,,,,1.16,6.5,18.5,1.17,5.4,13.0,1.15,6.5,21.0,,,,1.14,6.0,17.0,1.17,6.25,19.0,1.15,6.25,19.0,30.0,1.18,1.15,7.0,6.19,21.0,17.55,19.0,1.8,1.74,2.38,2.0,4.0,-2.0,2.05,1.98,1.91,1.82,,,
G1,03/03/14,Platanias,Giannina,1.0,2.0,A,1.0,1.0,D,1.8,3.3,4.75,1.83,3.1,5.0,1.75,3.1,4.5,1.8,3.0,4.8,1.82,3.49,5.17,1.83,3.2,4.33,1.8,3.25,4.8,1.75,3.3,5.2,32.0,1.91,1.8,3.49,3.23,5.2,4.63,23.0,2.4,2.28,1.65,1.58,13.0,-0.5,1.88,1.81,2.12,2.04,2.41,2.9,3.8
G1,09/03/14,PAOK,Olympiakos,2.0,1.0,H,1.0,1.0,D,3.25,3.25,2.25,3.2,3.2,2.25,3.0,3.1,2.2,3.4,3.0,2.1,3.37,3.41,2.27,3.2,3.2,2.15,3.3,3.13,2.25,3.3,3.2,2.25,41.0,3.4,3.22,3.41,3.13,2.32,2.21,35.0,2.11,2.02,1.88,1.75,17.0,0.25,1.96,1.89,2.0,1.94,2.74,3.21,2.86
G1,30/09/13,Kallonis,Atromitos,0.0,1.0,A,0.0,0.0,D,3.6,3.2,2.1,3.75,3.2,2.05,3.7,2.9,2.0,3.9,2.9,2.05,4.01,3.16,2.15,4.0,3.1,2.05,3.75,3.2,2.05,3.5,3.3,2.1,28.0,4.01,3.7,3.4,3.12,2.15,2.04,17.0,2.71,2.55,1.51,1.48,12.0,0.25,2.14,2.1,1.83,1.77,5.61,3.65,1.73
G1,23/11/13,Panthrakikos,Olympiakos,1.0,4.0,A,1.0,1.0,D,13.0,5.25,1.25,15.5,5.75,1.2,10.0,4.4,1.27,13.0,5.0,1.25,14.3,5.78,1.27,12.0,5.5,1.25,12.0,5.8,1.22,11.5,5.2,1.29,31.0,15.0,12.34,6.4,5.5,1.29,1.22,21.0,1.91,1.79,2.02,1.96,12.0,1.75,1.74,1.7,2.28,2.2,19.0,6.9,1.21
G1,26/08/13,Ergotelis,Levadeiakos,2.0,0.0,H,0.0,0.0,D,2.1,3.2,3.6,2.15,3.2,3.4,2.1,3.0,3.4,2.1,2.9,3.4,2.23,3.17,3.74,2.1,3.1,3.4,2.2,3.13,3.4,2.2,3.12,3.6,28.0,2.26,2.16,3.2,3.1,3.6,3.32,17.0,2.62,2.44,1.6,1.52,14.0,-0.25,1.93,1.88,2.02,1.98,2.29,3.12,3.74
G1,02/11/13,Giannina,Platanias,1.0,0.0,H,0.0,0.0,D,1.85,3.25,4.5,1.9,3.1,4.5,1.9,3.0,4.0,1.85,3.0,4.33,1.91,3.32,4.89,1.91,3.2,4.5,1.9,3.25,4.33,1.91,3.25,4.4,31.0,1.91,1.87,3.33,3.2,4.96,4.24,21.0,2.56,2.42,1.55,1.51,15.0,-0.5,1.94,1.9,2.03,1.96,1.76,3.45,5.92
G1,02/02/14,Olympiakos,Panetolikos,2.0,1.0,H,1.0,1.0,D,1.18,7.0,13.0,1.18,6.75,13.0,1.12,6.0,16.0,1.16,6.5,16.0,1.21,7.05,16.75,1.17,6.0,11.0,1.18,7.0,12.0,1.17,7.0,17.0,39.0,1.22,1.17,7.8,6.63,19.0,13.98,28.0,1.56,1.5,2.63,2.47,16.0,-1.75,1.83,1.77,2.18,2.1,1.23,6.81,15.77
G1,27/10/13,Panionios,Apollon,2.0,1.0,H,0.0,1.0,A,1.8,3.4,4.75,1.9,3.1,4.5,1.8,3.0,4.4,1.85,3.1,4.33,1.85,3.45,4.96,1.85,3.3,4.6,1.83,3.4,4.33,1.8,3.4,4.75,33.0,1.9,1.82,3.5,3.29,4.96,4.36,29.0,2.45,2.26,1.67,1.6,15.0,-0.5,1.87,1.83,2.08,2.03,2.15,3.13,4.18
G1,15/09/13,Aris,Levadeiakos,1.0,1.0,D,0.0,0.0,D,2.38,3.0,3.25,2.2,3.1,3.4,2.3,2.8,3.1,2.25,2.9,3.2,2.35,3.11,3.53,2.4,3.0,3.2,2.3,3.0,3.3,2.38,3.0,3.4,31.0,2.42,2.31,3.11,2.97,3.53,3.19,20.0,2.88,2.67,1.5,1.44,13.0,-0.25,2.04,2.0,1.91,1.86,1.96,3.27,4.75
G1,05/10/13,Asteras Tripolis,Atromitos,2.0,2.0,D,1.0,1.0,D,2.25,3.0,3.4,2.35,2.85,3.4,2.2,2.9,3.2,2.2,2.9,3.3,2.46,3.06,3.37,2.3,3.1,3.2,2.3,3.13,3.2,2.38,3.0,3.25,32.0,2.46,2.31,3.2,2.99,3.5,3.12,18.0,2.7,2.56,1.51,1.47,15.0,-0.25,2.08,2.02,1.87,1.83,2.54,2.93,3.44
G1,29/03/14,Panetolikos,Veria,0.0,0.0,D,0.0,0.0,D,1.8,3.4,4.0,1.75,3.6,4.5,1.9,3.1,3.8,1.75,3.3,4.33,1.76,3.59,5.64,1.7,3.5,4.4,1.83,3.5,4.33,1.75,3.4,4.6,42.0,1.9,1.74,3.6,3.37,5.64,4.72,25.0,2.46,2.3,1.67,1.58,18.0,-0.5,1.78,1.75,2.2,2.11,1.92,3.41,4.75
G1,17/08/13,Platanias,Veria,2.0,2.0,D,2.0,0.0,H,2.0,3.2,4.0,2.0,3.2,3.9,2.1,3.0,3.4,1.95,3.0,3.9,2.03,3.17,4.52,2.05,3.1,4.0,2.0,3.25,3.8,2.0,3.2,4.0,27.0,2.1,2.01,3.3,3.16,4.52,3.73,16.0,2.75,2.59,1.53,1.46,,,,,,,2.19,3.27,3.83
G1,18/12/13,Panetolikos,Platanias,3.0,0.0,H,1.0,0.0,H,1.83,3.25,4.75,1.85,3.1,4.6,1.9,3.1,3.8,1.85,3.0,4.33,1.93,3.33,4.72,1.83,3.0,4.2,1.8,3.4,4.8,1.85,3.13,4.6,31.0,1.93,1.85,3.4,3.21,4.8,4.25,20.0,2.68,2.53,1.5,1.47,9.0,-0.5,1.94,1.89,1.98,1.92,1.8,3.38,5.63
G1,05/02/14,Xanthi,Giannina,0.0,3.0,A,0.0,2.0,A,1.91,3.3,4.2,1.85,3.5,4.1,1.9,3.1,3.8,1.9,3.0,4.1,1.98,3.24,4.62,1.91,3.0,3.8,1.91,3.4,4.0,1.9,3.2,4.1,38.0,2.0,1.92,3.5,3.24,4.62,4.01,28.0,2.5,2.28,1.67,1.59,18.0,-0.5,2.0,1.95,1.95,1.89,1.79,3.43,5.69
G1,16/02/14,Asteras Tripolis,PAOK,2.0,1.0,H,0.0,0.0,D,2.6,3.1,2.8,2.55,3.0,2.9,2.5,3.0,2.7,2.55,2.9,2.75,2.68,3.18,2.92,2.5,3.0,2.75,2.5,3.13,2.88,2.55,3.1,2.88,37.0,2.68,2.53,3.25,3.05,2.95,2.81,23.0,2.3,2.19,1.71,1.62,18.0,0.0,1.88,1.81,2.1,2.02,2.48,3.04,3.41
G1,01/09/13,Levadeiakos,Olympiakos,0.0,5.0,A,0.0,1.0,A,9.0,4.5,1.36,7.75,4.25,1.42,8.5,4.4,1.3,8.5,4.4,1.3,10.86,4.99,1.357,8.5,4.33,1.4,7.5,4.5,1.4,8.5,4.5,1.4,28.0,10.22,8.07,4.75,4.35,1.41,1.37,21.0,2.03,1.93,1.9,1.85,14.0,1.25,1.96,1.9,2.0,1.96,9.21,4.78,1.41
G1,23/09/13,Xanthi,Aris,2.0,0.0,H,1.0,0.0,H,2.0,3.2,4.0,2.05,3.1,3.9,1.9,3.0,4.0,2.05,2.9,3.75,2.07,3.21,4.25,2.0,3.1,4.2,2.0,3.13,4.0,1.95,3.12,4.33,28.0,2.1,1.99,3.25,3.11,4.33,3.87,16.0,2.88,2.69,1.5,1.44,14.0,-0.5,2.07,2.02,1.9,1.84,2.05,3.13,4.5
G1,21/09/13,Asteras Tripolis,Kallonis,2.0,0.0,H,0.0,0.0,D,1.55,3.6,6.5,1.62,3.5,6.0,1.55,3.4,5.8,1.57,3.4,6.0,1.63,3.63,7.03,1.53,3.7,7.0,1.62,3.5,6.5,1.62,3.5,6.5,32.0,1.64,1.57,3.75,3.48,7.03,6.24,21.0,2.75,2.62,1.5,1.45,14.0,-0.75,1.88,1.83,2.08,2.03,1.79,3.45,5.67
G1,16/03/14,Panionios,Levadeiakos,4.0,2.0,H,1.0,0.0,H,1.44,4.0,8.5,1.42,4.1,8.25,1.5,3.5,6.3,1.4,3.8,8.5,1.49,4.34,7.83,1.44,3.8,7.5,1.44,3.8,8.0,1.44,4.0,8.5,43.0,1.5,1.43,4.34,3.9,8.74,7.81,32.0,2.26,2.07,1.81,1.7,16.0,-1.0,1.87,1.78,2.1,2.04,1.65,3.92,6.05
G1,04/01/14,Olympiakos,Kallonis,4.0,0.0,H,1.0,0.0,H,1.05,12.0,34.0,1.05,11.5,31.0,1.1,6.5,17.0,1.07,10.0,34.0,,,,1.03,9.0,26.0,1.06,10.0,34.0,1.05,12.0,41.0,30.0,1.1,1.05,15.0,10.18,46.0,28.07,20.0,1.35,1.28,3.75,3.41,10.0,-2.5,1.67,1.62,2.37,2.3,,,
G1,30/03/14,PAOK,Kallonis,2.0,1.0,H,0.0,1.0,A,1.14,6.5,15.0,1.15,7.0,15.5,1.15,5.7,14.0,1.14,7.0,21.0,,,,1.12,7.0,17.0,1.14,7.5,17.0,1.13,7.0,18.0,30.0,1.15,1.13,9.1,6.88,23.0,16.8,19.0,1.57,1.51,2.5,2.39,2.0,-2.0,1.79,1.78,2.0,1.99,,,
G1,16/03/14,Giannina,Panathinaikos,0.0,1.0,A,0.0,1.0,A,4.5,3.3,1.85,4.25,3.4,1.85,4.4,3.0,1.8,4.33,3.0,1.85,4.96,3.38,1.88,4.5,3.1,1.83,4.33,3.4,1.83,5.0,3.3,1.8,42.0,5.0,4.33,3.5,3.29,1.91,1.83,32.0,2.52,2.39,1.65,1.53,19.0,0.5,2.06,1.99,1.92,1.84,4.14,3.32,2.07
G1,15/09/13,Platanias,Panathinaikos,1.0,1.0,D,1.0,0.0,H,3.25,3.0,2.38,2.95,3.0,2.5,2.9,2.9,2.4,3.0,2.88,2.38,3.13,3.13,2.56,3.0,3.0,2.5,3.0,3.0,2.5,3.1,3.0,2.5,28.0,3.25,2.96,3.13,2.99,2.58,2.45,19.0,2.7,2.49,1.55,1.5,12.0,0.25,1.8,1.75,2.19,2.13,3.05,3.02,2.7
G1,29/03/14,Panionios,Asteras Tripolis,3.0,0.0,H,3.0,0.0,H,1.91,3.25,3.8,1.91,3.3,4.1,2.0,3.0,3.6,2.0,3.0,3.7,,,,1.85,3.2,4.0,1.95,3.3,3.8,1.9,3.25,4.1,40.0,2.13,2.03,3.3,3.13,4.1,3.66,29.0,2.65,2.43,1.6,1.52,17.0,-0.5,2.16,2.1,1.83,1.78,2.13,3.38,3.85
G1,27/10/13,Olympiakos,OFI,5.0,1.0,H,1.0,1.0,D,1.13,7.5,21.0,1.14,7.0,21.0,1.15,5.7,14.0,1.11,8.0,26.0,,,,1.11,8.5,23.0,1.13,8.5,17.0,1.1,8.5,31.0,31.0,1.15,1.11,8.83,7.91,31.0,18.31,20.0,1.57,1.48,2.65,2.51,15.0,-2.25,1.98,1.88,2.04,1.97,1.07,9.81,30.17
G1,13/04/14,Olympiakos,Apollon,1.0,0.0,H,0.0,0.0,D,1.33,4.2,8.0,1.36,4.6,8.0,,,,,,,,,,1.3,4.4,9.0,1.36,4.5,9.0,1.36,4.3,9.0,23.0,1.4,1.34,4.8,4.43,10.0,8.49,,,,,,,,,,,,,,
G1,20/10/13,Apollon,Panetolikos,1.0,1.0,D,1.0,0.0,H,2.4,3.0,3.2,2.45,2.95,3.1,2.3,2.9,3.0,2.35,2.87,3.1,2.45,3.08,3.37,2.5,3.0,3.0,2.4,3.0,3.0,2.45,3.0,3.12,32.0,2.55,2.4,3.1,2.97,3.37,3.04,20.0,2.86,2.63,1.5,1.45,17.0,-0.25,2.13,2.09,1.85,1.78,3.04,2.97,2.79
G1,09/11/13,Giannina,OFI,2.0,1.0,H,0.0,0.0,D,1.83,3.25,4.75,1.87,3.1,4.6,1.8,3.1,4.2,1.85,3.0,4.5,1.86,3.34,5.15,2.0,3.3,3.8,1.83,3.4,4.33,1.8,3.25,5.0,31.0,1.95,1.84,3.5,3.29,5.08,4.28,19.0,2.72,2.57,1.52,1.47,15.0,-0.5,1.91,1.87,2.05,1.99,1.76,3.62,5.5
G1,07/10/13,Panetolikos,Giannina,2.0,0.0,H,1.0,0.0,H,2.3,3.1,3.2,2.25,3.2,3.2,2.2,3.0,3.1,2.25,2.9,3.25,2.46,3.04,3.39,2.25,3.2,3.25,2.3,3.13,3.13,2.4,3.0,3.25,25.0,2.51,2.33,3.2,3.01,3.39,3.03,12.0,2.75,2.64,1.5,1.45,14.0,-0.25,2.08,2.03,1.85,1.82,2.17,3.1,4.14
G1,13/04/14,Panetolikos,OFI,1.0,0.0,H,0.0,0.0,D,1.5,4.0,5.0,1.5,3.75,6.75,,,,,,,,,,1.44,4.0,6.0,1.53,4.0,5.75,1.5,3.8,6.25,22.0,1.55,1.5,4.2,3.98,6.4,5.81,,,,,,,,,,,,,,
G1,23/11/13,Atromitos,Veria,1.0,0.0,H,1.0,0.0,H,1.29,5.0,11.0,1.28,4.75,12.5,1.3,4.4,8.5,1.28,4.6,12.0,1.34,4.96,12.45,1.28,5.0,11.0,1.3,4.8,11.0,1.3,4.8,12.0,32.0,1.36,1.3,5.0,4.64,12.56,10.64,23.0,2.2,2.06,1.81,1.71,12.0,-1.25,1.86,1.79,2.12,2.07,1.38,4.8,11.1
G1,26/10/13,Xanthi,Atromitos,0.0,2.0,A,0.0,2.0,A,3.0,3.1,2.4,2.9,2.8,2.75,2.7,3.0,2.5,2.8,2.87,2.55,3.17,2.98,2.64,2.9,2.9,2.7,3.0,3.0,2.5,3.0,3.0,2.55,33.0,3.17,2.94,3.1,2.93,2.7,2.48,23.0,2.71,2.57,1.55,1.46,16.0,0.0,2.16,2.08,1.82,1.77,3.26,3.02,2.58
G1,25/01/14,Atromitos,Giannina,1.0,0.0,H,1.0,0.0,H,1.5,3.75,7.5,1.5,3.75,7.25,1.5,3.5,6.3,1.45,3.6,8.0,1.49,4.06,8.82,1.44,3.5,7.0,1.44,3.8,8.0,1.45,3.9,8.5,36.0,1.5,1.45,4.25,3.8,9.61,7.68,27.0,2.5,2.31,1.7,1.56,17.0,-1.0,1.9,1.8,2.14,2.05,1.39,4.79,10.56
G1,14/09/13,Olympiakos,Xanthi,4.0,0.0,H,3.0,0.0,H,1.22,5.75,13.0,1.2,6.0,14.5,1.22,4.8,11.0,1.2,5.75,14.0,1.24,6.2,16.82,1.18,6.0,18.0,1.22,6.25,10.0,1.22,6.0,13.0,32.0,1.25,1.21,6.5,5.85,18.0,12.09,22.0,1.72,1.65,2.27,2.16,14.0,-1.75,2.04,1.99,1.92,1.87,1.2,7.2,18.2
G1,22/09/13,Panetolikos,Olympiakos,0.0,0.0,D,0.0,0.0,D,11.0,4.5,1.33,9.25,4.6,1.34,8.5,4.4,1.3,9.5,4.5,1.3,10.82,5.19,1.34,11.0,4.2,1.35,10.0,4.5,1.33,10.0,5.0,1.33,30.0,13.0,9.88,5.2,4.53,1.35,1.32,26.0,1.93,1.83,2.03,1.95,16.0,1.5,1.88,1.82,2.08,2.03,8.25,4.4,1.48
G1,26/10/13,Asteras Tripolis,Levadeiakos,2.0,0.0,H,1.0,0.0,H,1.5,3.9,7.0,1.55,3.6,6.75,1.45,3.6,7.0,1.5,3.5,7.0,1.53,4.05,7.82,1.53,3.75,7.0,1.5,3.8,7.0,1.5,3.8,7.5,33.0,1.55,1.49,4.05,3.78,7.82,6.87,25.0,2.5,2.29,1.62,1.57,16.0,-1.0,1.97,1.91,2.01,1.94,1.47,4.39,8.51
G1,01/12/13,Panionios,Xanthi,0.0,0.0,D,0.0,0.0,D,3.1,3.1,2.4,3.2,3.0,2.35,,,,2.9,2.9,2.4,3.37,3.25,2.35,2.8,3.2,2.37,3.0,3.13,2.4,3.2,3.2,2.3,30.0,3.37,3.05,3.25,3.09,2.45,2.33,19.0,2.38,2.27,1.64,1.59,13.0,0.0,2.35,2.25,1.73,1.67,2.82,3.15,2.84
G1,15/09/13,Panionios,Panthrakikos,1.0,1.0,D,0.0,1.0,A,2.25,3.0,3.5,2.15,3.1,3.5,2.1,2.9,3.4,2.2,2.9,3.3,2.25,3.13,3.76,2.2,3.0,3.6,2.2,3.0,3.5,2.2,3.0,3.6,20.0,2.25,2.19,3.2,2.99,3.6,3.38,15.0,2.75,2.58,1.5,1.46,8.0,-0.25,1.92,1.89,1.98,1.94,2.06,3.24,4.23
G1,10/11/13,Olympiakos,PAOK,4.0,0.0,H,1.0,0.0,H,1.6,3.6,6.0,1.6,3.7,5.75,1.55,3.4,5.8,1.55,3.5,6.0,1.62,3.92,6.3,1.62,3.6,6.0,1.57,3.6,6.0,1.57,3.8,6.25,31.0,1.62,1.57,4.06,3.64,6.51,5.83,18.0,2.15,2.07,1.83,1.71,13.0,-0.75,1.83,1.76,2.18,2.13,1.64,3.75,6.75
G1,15/09/13,Apollon,Kallonis,1.0,3.0,A,0.0,0.0,D,2.25,3.0,3.5,2.35,2.95,3.25,2.2,2.8,3.3,2.2,2.88,3.4,2.29,3.1,3.7,2.3,3.0,3.4,2.2,3.0,3.5,2.25,3.0,3.6,31.0,2.36,2.22,3.1,2.97,3.7,3.36,20.0,3.0,2.73,1.48,1.42,13.0,-0.25,1.96,1.92,2.0,1.94,2.39,2.97,3.63
G1,18/01/14,Olympiakos,Levadeiakos,2.0,0.0,H,0.0,0.0,D,1.06,11.0,31.0,1.07,10.0,29.0,1.07,8.0,18.0,1.08,9.5,31.0,,,,1.06,8.0,19.0,1.06,12.0,23.0,1.06,11.0,36.0,34.0,1.09,1.06,13.5,10.37,47.0,24.94,16.0,1.4,1.36,3.11,2.96,12.0,-2.75,2.13,2.06,1.87,1.79,,,
G1,29/03/14,Atromitos,Panathinaikos,0.0,0.0,D,0.0,0.0,D,2.75,3.0,2.5,2.8,3.1,2.55,2.7,3.0,2.5,2.75,2.9,2.55,2.95,3.19,2.68,2.75,3.1,2.5,2.75,3.13,2.6,2.75,3.1,2.55,42.0,2.95,2.78,3.4,3.05,2.68,2.53,27.0,2.57,2.28,1.7,1.59,22.0,0.0,2.06,2.0,1.89,1.82,2.64,3.12,3.06
G1,24/11/13,PAOK,Aris,3.0,1.0,H,0.0,0.0,D,1.22,6.0,13.0,1.25,5.25,13.0,1.25,4.6,10.5,1.22,4.8,15.0,1.25,5.83,16.84,1.29,5.0,11.0,1.22,5.5,15.0,1.2,6.0,17.0,32.0,1.29,1.23,6.0,5.27,18.5,13.54,22.0,2.1,2.0,1.83,1.75,15.0,-1.5,1.82,1.78,2.17,2.06,1.3,5.68,12.7
G1,19/01/14,Aris,Atromitos,0.0,0.0,D,0.0,0.0,D,4.2,3.1,2.0,3.9,3.0,2.1,3.8,3.1,1.9,4.0,2.9,1.95,4.43,3.12,2.07,3.75,2.8,2.0,3.8,3.13,2.05,3.9,3.1,2.1,38.0,4.43,3.77,3.2,3.04,2.12,2.04,29.0,2.72,2.56,1.52,1.47,16.0,0.25,2.16,2.09,1.82,1.78,4.55,3.4,1.96
G1,01/03/14,Aris,OFI,0.0,0.0,D,0.0,0.0,D,2.4,3.0,3.2,2.35,3.0,3.2,2.2,3.0,3.1,2.4,2.9,2.9,2.51,3.12,3.21,2.45,2.9,3.0,2.5,3.0,3.0,2.45,3.0,3.1,36.0,2.53,2.42,3.12,3.0,3.25,3.0,26.0,2.62,2.44,1.55,1.51,14.0,-0.25,2.19,2.11,1.82,1.76,2.47,3.05,3.42
G1,30/09/13,Platanias,Panthrakikos,1.0,1.0,D,0.0,0.0,D,2.1,3.2,3.6,2.1,3.2,3.6,2.0,3.0,3.6,2.15,2.9,3.3,2.13,3.19,4.04,2.25,3.1,3.4,2.1,3.2,3.5,2.1,3.1,3.8,28.0,2.25,2.13,3.2,3.09,4.04,3.46,17.0,2.75,2.55,1.51,1.48,13.0,-0.25,1.87,1.83,2.1,2.02,2.11,3.17,4.23
G1,08/12/13,PAOK,Apollon,0.0,0.0,D,0.0,0.0,D,1.14,7.0,21.0,1.13,7.75,17.5,1.12,6.0,16.0,1.12,7.0,21.0,,,,1.08,7.0,19.0,1.13,8.0,17.0,1.12,8.0,22.0,32.0,1.15,1.13,8.5,7.48,26.0,16.92,19.0,1.6,1.53,2.56,2.39,15.0,-2.25,2.1,2.03,1.86,1.82,1.16,8.0,28.0
G1,28/09/13,Panionios,Olympiakos,0.0,2.0,A,0.0,0.0,D,9.0,4.5,1.36,8.5,4.5,1.36,8.0,4.2,1.33,8.5,4.33,1.35,11.04,4.91,1.36,9.5,4.5,1.36,9.5,4.33,1.36,10.0,4.6,1.33,29.0,11.04,9.29,5.2,4.4,1.4,1.34,25.0,2.08,1.99,1.88,1.81,14.0,1.25,2.03,1.98,1.91,1.88,11.92,5.71,1.3
G1,13/04/14,Ergotelis,Kallonis,3.0,0.0,H,2.0,0.0,H,1.57,3.6,5.0,1.6,3.8,5.25,,,,,,,,,,1.57,3.6,5.0,1.62,3.8,5.25,1.6,3.7,5.4,22.0,1.65,1.6,4.0,3.7,5.6,5.22,,,,,,,,,,,,,,
G1,12/01/14,Atromitos,Olympiakos,0.0,0.0,D,0.0,0.0,D,5.5,3.8,1.62,5.5,3.75,1.6,4.9,3.3,1.65,5.75,3.6,1.57,6.25,4.06,1.6,4.6,3.5,1.62,6.0,3.6,1.57,5.5,3.8,1.57,36.0,6.25,5.61,4.06,3.63,1.65,1.59,26.0,1.97,1.85,1.98,1.89,13.0,0.75,2.18,2.11,1.8,1.75,6.2,3.66,1.69
G1,22/12/13,Platanias,Panionios,1.0,0.0,H,0.0,0.0,D,1.57,3.6,6.5,1.55,3.6,7.0,1.55,3.4,5.8,1.55,3.4,6.5,1.59,3.96,6.66,1.53,3.3,6.0,1.57,3.5,6.5,1.55,3.6,6.25,31.0,1.6,1.56,3.96,3.53,7.0,6.22,22.0,2.35,2.22,1.66,1.61,12.0,-0.75,1.77,1.73,2.18,2.1,1.41,3.87,9.82
G1,13/04/14,Panionios,Platanias,0.0,0.0,D,0.0,0.0,D,,,,6.0,1.25,9.0,,,,,,,,,,,,,,,,2.3,1.25,3.4,,,,,,,,,,,,,,,,,,,,,
G1,05/01/14,Xanthi,PAOK,1.0,2.0,A,1.0,0.0,H,5.0,3.5,1.73,4.4,3.6,1.78,4.5,3.1,1.75,4.6,3.3,1.72,4.73,3.86,1.79,4.0,3.4,1.75,4.5,3.5,1.8,4.8,3.5,1.8,33.0,5.0,4.46,3.86,3.45,1.8,1.75,30.0,2.0,1.87,2.01,1.89,13.0,0.75,1.89,1.84,2.1,2.0,6.42,3.85,1.64
G1,15/02/14,Levadeiakos,Atromitos,1.0,0.0,H,0.0,0.0,D,4.2,3.3,1.91,4.25,3.1,1.95,4.2,3.0,1.85,4.1,3.0,1.9,4.2,3.31,2.04,3.6,3.2,2.0,4.0,3.3,1.95,4.2,3.3,1.92,39.0,4.4,3.94,3.4,3.22,2.04,1.94,26.0,2.44,2.29,1.69,1.58,17.0,0.5,1.93,1.89,2.04,1.96,4.4,3.12,2.09
G1,01/12/13,Aris,Panthrakikos,2.0,2.0,D,1.0,2.0,A,2.1,3.1,3.75,2.1,3.0,3.8,2.0,3.1,3.5,2.1,3.0,3.5,2.18,3.22,3.83,2.1,3.1,3.75,2.2,3.13,3.4,2.1,3.12,3.75,32.0,2.2,2.11,3.3,3.09,3.83,3.53,18.0,2.62,2.45,1.55,1.51,15.0,-0.25,1.88,1.84,2.07,2.02,2.37,3.26,3.38
G1,05/02/14,Panthrakikos,Platanias,1.0,0.0,H,0.0,0.0,D,1.7,3.5,5.25,1.75,3.4,5.0,1.75,3.2,4.3,1.75,3.1,4.8,1.847,3.42,5.1,1.75,3.2,4.2,1.8,3.4,4.8,1.75,3.3,4.8,38.0,1.86,1.77,3.55,3.32,5.26,4.72,29.0,2.42,2.27,1.68,1.59,18.0,-0.75,2.15,2.07,1.85,1.8,2.18,3.25,3.87
G1,03/11/13,Kallonis,Panionios,3.0,2.0,H,1.0,1.0,D,3.0,3.1,2.45,3.0,3.0,2.45,2.9,3.0,2.3,3.0,2.87,2.37,3.09,3.08,2.63,3.0,3.0,2.5,3.0,3.13,2.4,3.1,3.0,2.5,30.0,3.1,2.96,3.13,3.01,2.63,2.41,21.0,2.63,2.51,1.52,1.48,14.0,0.0,2.16,2.11,1.79,1.75,2.99,2.92,2.87
G1,26/03/14,Panionios,Panetolikos,1.0,1.0,D,1.0,0.0,H,1.67,3.25,5.25,1.78,3.3,4.75,1.7,3.2,4.7,1.75,3.1,4.75,,,,1.73,3.1,5.0,1.73,3.3,5.25,1.7,3.3,5.25,27.0,1.75,1.71,3.45,3.25,5.9,5.03,22.0,2.4,2.25,1.65,1.58,2.0,-0.5,1.83,1.77,2.07,2.01,1.83,3.41,5.34
G1,08/12/13,Kallonis,Panathinaikos,0.0,4.0,A,0.0,2.0,A,6.5,3.6,1.57,6.5,3.7,1.55,5.6,3.5,1.55,6.0,3.4,1.57,7.39,3.99,1.54,5.5,3.4,1.55,6.5,3.75,1.53,6.5,3.8,1.55,32.0,7.39,6.3,3.99,3.63,1.62,1.54,22.0,2.38,2.25,1.67,1.6,14.0,0.75,2.25,2.16,1.76,1.71,7.23,4.35,1.52
G1,22/02/14,OFI,Olympiakos,0.0,4.0,A,0.0,2.0,A,8.5,4.75,1.33,9.5,4.4,1.35,7.5,3.7,1.4,10.0,4.6,1.3,11.39,5.02,1.35,9.0,4.2,1.35,10.0,4.5,1.33,11.0,4.75,1.33,38.0,11.37,9.66,5.0,4.45,1.4,1.33,35.0,2.0,1.91,1.94,1.85,15.0,1.25,2.11,2.05,1.85,1.81,8.14,4.21,1.51
G1,08/02/14,Platanias,Ergotelis,0.0,1.0,A,0.0,1.0,A,1.65,3.4,6.0,1.83,3.2,4.75,1.85,3.1,4.2,1.75,3.1,4.8,1.72,3.54,5.93,1.8,3.25,4.5,1.73,3.3,5.25,1.73,3.4,5.4,35.0,1.85,1.74,3.54,3.29,6.0,5.0,27.0,2.61,2.47,1.59,1.51,14.0,-0.5,1.77,1.73,2.21,2.15,2.07,3.16,4.47
G1,09/11/13,Aris,Panathinaikos,0.0,2.0,A,0.0,1.0,A,3.4,3.2,2.2,3.2,3.1,2.3,3.1,3.0,2.2,3.1,2.9,2.3,3.44,3.16,2.36,3.0,3.25,2.38,3.2,3.13,2.3,3.4,3.1,2.25,31.0,3.54,3.13,3.25,3.12,2.41,2.27,18.0,2.58,2.45,1.57,1.51,15.0,0.25,1.96,1.89,2.02,1.96,3.75,3.1,2.29
G1,01/09/13,PAOK,Panionios,4.0,1.0,H,1.0,0.0,H,1.36,4.33,10.0,1.35,4.5,9.5,1.35,4.0,8.0,1.35,4.0,8.0,1.342,4.96,11.94,1.4,4.33,8.5,1.36,4.8,8.0,1.36,4.4,9.5,28.0,1.4,1.37,4.8,4.29,11.19,8.41,24.0,2.16,2.07,1.8,1.74,14.0,-1.25,2.0,1.95,1.94,1.9,1.36,4.84,11.9
G1,19/10/13,PAOK,Asteras Tripolis,2.0,0.0,H,1.0,0.0,H,1.6,3.6,6.0,1.62,3.6,5.75,1.6,3.4,5.2,1.61,3.4,5.5,1.65,3.77,6.31,1.7,3.3,6.0,1.62,3.6,5.5,1.62,3.6,6.0,34.0,1.7,1.63,3.77,3.49,6.31,5.63,25.0,2.4,2.26,1.67,1.6,17.0,-0.75,1.89,1.85,2.04,2.0,1.64,3.78,6.65
G1,22/09/13,Ergotelis,Panionios,1.0,1.0,D,0.0,0.0,D,2.25,3.1,3.4,2.1,3.0,3.8,2.2,2.9,3.2,2.25,2.88,3.3,2.29,3.13,3.66,2.3,3.0,3.4,2.25,3.13,3.3,2.3,3.0,3.5,31.0,2.39,2.25,3.13,3.02,3.66,3.25,19.0,2.88,2.69,1.5,1.43,14.0,-0.25,1.99,1.95,1.97,1.91,2.07,2.91,4.13
G1,14/12/13,Giannina,Ergotelis,2.0,0.0,H,1.0,0.0,H,1.91,3.25,4.33,1.91,3.1,4.4,1.8,3.0,4.4,1.85,3.0,4.33,1.92,3.32,4.82,1.91,2.9,4.0,1.9,3.2,4.33,1.87,3.25,4.6,31.0,1.91,1.87,3.4,3.19,4.9,4.23,17.0,2.65,2.44,1.56,1.5,15.0,-0.5,1.94,1.88,2.03,1.95,1.78,3.41,5.93
G1,14/12/13,Panathinaikos,Atromitos,1.0,2.0,A,1.0,0.0,H,2.05,3.25,3.75,1.9,3.2,4.33,1.9,3.0,4.0,2.0,3.0,3.8,2.06,3.28,4.16,2.0,3.0,3.5,2.0,3.25,3.75,2.0,3.25,4.0,31.0,2.05,1.94,3.45,3.25,4.33,3.83,18.0,2.38,2.29,1.66,1.58,13.0,-0.5,2.01,1.93,1.97,1.89,2.08,3.2,4.3
G1,03/11/13,Panthrakikos,Asteras Tripolis,1.0,1.0,D,1.0,0.0,H,2.75,3.1,2.63,2.8,3.1,2.55,2.7,3.0,2.5,2.8,2.9,2.55,2.94,3.17,2.67,2.8,3.1,2.62,2.75,3.13,2.6,2.8,3.1,2.6,31.0,2.94,2.78,3.2,3.03,2.67,2.54,21.0,2.45,2.31,1.62,1.56,15.0,0.0,2.05,2.0,1.87,1.84,3.09,3.14,2.61
G1,04/11/13,Atromitos,Panetolikos,1.0,1.0,D,1.0,1.0,D,1.5,3.6,8.0,1.57,3.4,7.25,1.55,3.4,5.8,1.57,3.25,6.5,1.56,3.77,8.13,1.6,3.4,7.0,1.53,3.6,7.0,1.55,3.6,7.5,29.0,1.6,1.54,3.77,3.53,8.13,6.72,19.0,2.76,2.6,1.5,1.46,15.0,-1.0,2.12,2.03,1.88,1.84,1.7,3.54,6.42
G1,05/02/14,Levadeiakos,Apollon,1.0,1.0,D,0.0,0.0,D,1.83,3.2,4.75,1.88,3.4,4.1,1.85,3.1,4.0,1.85,3.1,4.3,1.877,3.36,5.0,1.75,3.2,4.4,1.83,3.3,4.5,1.83,3.3,4.4,37.0,1.9,1.85,3.5,3.27,5.0,4.31,28.0,2.26,2.17,1.73,1.65,18.0,-0.5,1.91,1.86,2.04,1.99,2.09,3.35,4.01
G1,30/03/14,Olympiakos,Aris,1.0,0.0,H,0.0,0.0,D,1.07,9.0,19.0,1.08,10.0,23.0,1.1,6.5,17.0,1.08,9.5,26.0,,,,1.05,10.0,23.0,1.08,10.0,23.0,1.06,10.0,26.0,28.0,1.45,1.09,12.0,9.38,29.0,21.5,17.0,1.35,1.31,3.35,3.2,2.0,-2.5,1.79,1.77,2.18,2.07,,,
G1,03/11/13,Levadeiakos,Xanthi,2.0,0.0,H,1.0,0.0,H,2.55,3.0,2.9,2.65,2.95,2.85,2.6,3.0,2.6,2.62,2.8,2.8,2.64,3.22,2.93,2.75,3.0,2.75,2.63,3.0,2.75,2.62,3.1,2.75,31.0,2.75,2.61,3.22,3.0,2.93,2.72,21.0,2.55,2.33,1.63,1.56,15.0,0.0,1.93,1.88,2.03,1.96,2.69,3.14,2.98
G1,02/02/14,Kallonis,Asteras Tripolis,0.0,2.0,A,0.0,1.0,A,4.5,3.1,1.91,4.33,3.3,1.85,4.0,3.0,1.9,4.2,3.1,1.85,4.61,3.5,1.9,4.0,3.2,1.8,4.5,3.25,1.83,4.4,3.4,1.85,36.0,4.65,4.23,3.5,3.29,1.93,1.85,28.0,2.38,2.22,1.68,1.61,16.0,0.5,2.02,1.94,1.95,1.88,5.89,3.77,1.69
G1,31/08/13,Panathinaikos,Veria,1.0,1.0,D,1.0,0.0,H,1.7,3.4,5.5,1.67,3.5,5.5,1.65,3.3,4.9,1.65,3.3,4.9,1.763,3.52,5.6,1.8,3.3,5.0,1.73,3.6,5.0,1.73,3.4,5.25,28.0,1.8,1.71,3.6,3.34,5.8,5.07,19.0,2.5,2.31,1.63,1.57,12.0,-0.75,2.04,2.0,1.9,1.86,1.63,3.83,6.65
G1,02/02/14,Platanias,PAOK,2.0,1.0,H,1.0,1.0,D,4.75,3.6,1.73,4.75,3.6,1.72,,,,4.6,3.3,1.72,,,,,,,,,,5.4,3.6,1.67,25.0,5.9,5.02,3.75,3.48,1.74,1.68,18.0,2.18,2.0,1.83,1.74,14.0,0.75,2.05,1.97,1.91,1.86,5.13,3.61,1.81
,,,,,,,,,,,,,,,,,,,,,,,,,,,,,,,,,,,,,,,,,,,,,,,,,,,,,,
G1,15/03/14,Olympiakos,Panthrakikos,2.0,0.0,H,1.0,0.0,H,1.1,8.0,17.0,1.16,7.0,16.0,1.12,6.0,16.0,1.15,6.5,18.0,,,,1.12,7.0,15.0,1.13,8.0,19.0,1.14,7.5,20.0,34.0,1.15,1.12,9.1,7.52,23.0,17.41,25.0,1.6,1.54,2.5,2.34,3.0,-2.0,1.86,1.74,2.28,2.08,1.17,8.3,20.3
,,,,,,,,,,,,,,,,,,,,,,,,,,,,,,,,,,,,,,,,,,,,,,,,,,,,,,
G1,18/08/13,Levadeiakos,Panthrakikos,2.0,2.0,D,0.0,0.0,D,1.75,3.4,5.0,1.78,3.2,5.0,1.9,3.3,3.7,1.75,3.1,4.8,1.79,3.38,5.65,1.8,3.1,5.5,1.73,3.4,4.8,1.75,3.25,5.4,27.0,1.9,1.77,3.5,3.3,5.65,4.74,15.0,2.82,2.67,1.5,1.44,,,,,,,2.06,3.1,4.55
G1,19/01/14,Veria,Panathinaikos,1.0,3.0,A,1.0,2.0,A,3.75,3.1,2.1,4.1,3.1,2.0,3.6,3.0,2.0,3.6,2.9,2.05,4.08,3.23,2.11,3.5,2.88,2.05,3.6,3.13,2.1,3.8,3.12,2.1,37.0,4.2,3.57,3.35,3.1,2.2,2.07,27.0,2.61,2.46,1.65,1.5,17.0,0.25,2.11,2.05,1.85,1.81,4.3,3.27,2.06
G1,30/03/14,Ergotelis,Giannina,1.0,0.0,H,0.0,0.0,D,2.0,3.1,3.75,2.0,3.25,3.8,2.1,3.0,3.3,2.15,3.0,3.3,,,,2.0,3.1,3.75,2.05,3.2,3.8,2.0,3.2,3.75,28.0,2.15,2.01,3.35,3.13,3.9,3.67,20.0,2.35,2.22,1.65,1.6,1.0,-0.25,1.88,1.88,1.89,1.89,2.24,2.95,4.16
G1,10/11/13,Panionios,Atromitos,2.0,1.0,H,2.0,0.0,H,4.0,3.3,1.95,3.75,3.1,2.1,3.4,3.1,2.0,3.75,3.0,2.0,4.0,3.3,2.1,3.8,3.5,1.95,3.6,3.25,2.1,4.0,3.12,2.05,31.0,4.0,3.61,3.5,3.2,2.12,2.03,18.0,2.58,2.42,1.62,1.52,14.0,0.25,2.16,2.1,1.82,1.77,4.4,3.22,2.05
G1,22/03/14,Panthrakikos,Aris,2.0,1.0,H,0.0,1.0,A,1.85,3.4,4.33,1.83,3.5,4.2,1.8,3.3,3.7,1.9,3.1,3.9,1.94,3.51,4.33,1.85,3.2,4.2,1.9,3.3,4.33,1.87,3.2,4.3,43.0,1.94,1.87,3.65,3.29,4.4,4.13,38.0,2.21,2.1,1.78,1.7,16.0,-0.5,1.98,1.88,1.99,1.92,1.93,3.55,4.47
G1,27/10/13,Veria,Giannina,2.0,2.0,D,2.0,2.0,D,2.6,3.0,2.88,2.55,2.9,3.0,2.4,3.0,2.8,2.37,2.87,3.0,2.54,3.09,3.19,2.5,2.9,3.2,2.5,3.0,3.0,2.45,3.0,3.1,33.0,2.6,2.43,3.1,2.96,3.2,3.0,22.0,2.75,2.56,1.55,1.47,15.0,0.0,1.81,1.73,2.23,2.13,1.76,3.83,5.09
